condition,device,policy,priority,requested_ms,trial,width_ms
rt,dlp,SCHED_FIFO,50,1.0000,0,1.0438
rt,dlp,SCHED_FIFO,50,1.0000,1,1.0356
rt,dlp,SCHED_FIFO,50,1.0000,2,1.1028
rt,dlp,SCHED_FIFO,50,1.0000,3,1.0427
rt,dlp,SCHED_FIFO,50,1.0000,4,1.0160
rt,dlp,SCHED_FIFO,50,1.0000,5,1.0419
rt,dlp,SCHED_FIFO,50,1.0000,6,1.0457
rt,dlp,SCHED_FIFO,50,1.0000,7,1.0333
rt,dlp,SCHED_FIFO,50,1.0000,8,1.0328
rt,dlp,SCHED_FIFO,50,1.0000,9,1.0327
rt,dlp,SCHED_FIFO,50,1.0000,10,1.0458
rt,dlp,SCHED_FIFO,50,1.0000,11,1.0427
rt,dlp,SCHED_FIFO,50,1.0000,12,1.0421
rt,dlp,SCHED_FIFO,50,1.0000,13,1.0344
rt,dlp,SCHED_FIFO,50,1.0000,14,1.0243
rt,dlp,SCHED_FIFO,50,1.0000,15,1.0424
rt,dlp,SCHED_FIFO,50,1.0000,16,1.0251
rt,dlp,SCHED_FIFO,50,1.0000,17,1.0351
rt,dlp,SCHED_FIFO,50,1.0000,18,1.0227
rt,dlp,SCHED_FIFO,50,1.0000,19,1.0427
rt,dlp,SCHED_FIFO,50,1.0000,20,1.0369
rt,dlp,SCHED_FIFO,50,1.0000,21,1.0246
rt,dlp,SCHED_FIFO,50,1.0000,22,1.0261
rt,dlp,SCHED_FIFO,50,1.0000,23,1.0360
rt,dlp,SCHED_FIFO,50,1.0000,24,1.0056
rt,dlp,SCHED_FIFO,50,1.0000,25,1.0040
rt,dlp,SCHED_FIFO,50,1.0000,26,1.0141
rt,dlp,SCHED_FIFO,50,1.0000,27,1.0267
rt,dlp,SCHED_FIFO,50,1.0000,28,1.0270
rt,dlp,SCHED_FIFO,50,1.0000,29,1.0343
rt,dlp,SCHED_FIFO,50,1.0000,30,1.0345
rt,dlp,SCHED_FIFO,50,1.0000,31,1.0237
rt,dlp,SCHED_FIFO,50,1.0000,32,1.0344
rt,dlp,SCHED_FIFO,50,1.0000,33,1.0347
rt,dlp,SCHED_FIFO,50,1.0000,34,1.0265
rt,dlp,SCHED_FIFO,50,1.0000,35,1.0257
rt,dlp,SCHED_FIFO,50,1.0000,36,1.0735
rt,dlp,SCHED_FIFO,50,1.0000,37,1.0127
rt,dlp,SCHED_FIFO,50,1.0000,38,1.0362
rt,dlp,SCHED_FIFO,50,1.0000,39,1.0324
rt,dlp,SCHED_FIFO,50,1.0000,40,1.0247
rt,dlp,SCHED_FIFO,50,1.0000,41,1.0249
rt,dlp,SCHED_FIFO,50,1.0000,42,1.0415
rt,dlp,SCHED_FIFO,50,1.0000,43,1.0314
rt,dlp,SCHED_FIFO,50,1.0000,44,1.0163
rt,dlp,SCHED_FIFO,50,1.0000,45,1.0366
rt,dlp,SCHED_FIFO,50,1.0000,46,1.0264
rt,dlp,SCHED_FIFO,50,1.0000,47,1.0255
rt,dlp,SCHED_FIFO,50,1.0000,48,1.0244
rt,dlp,SCHED_FIFO,50,1.0000,49,1.0239
rt,dlp,SCHED_FIFO,50,1.0000,50,1.0356
rt,dlp,SCHED_FIFO,50,1.0000,51,1.0136
rt,dlp,SCHED_FIFO,50,1.0000,52,1.0323
rt,dlp,SCHED_FIFO,50,1.0000,53,1.0336
rt,dlp,SCHED_FIFO,50,1.0000,54,1.0338
rt,dlp,SCHED_FIFO,50,1.0000,55,1.0222
rt,dlp,SCHED_FIFO,50,1.0000,56,1.0074
rt,dlp,SCHED_FIFO,50,1.0000,57,1.0338
rt,dlp,SCHED_FIFO,50,1.0000,58,1.0127
rt,dlp,SCHED_FIFO,50,1.0000,59,1.0342
rt,dlp,SCHED_FIFO,50,1.0000,60,1.0176
rt,dlp,SCHED_FIFO,50,1.0000,61,1.0037
rt,dlp,SCHED_FIFO,50,1.0000,62,1.0317
rt,dlp,SCHED_FIFO,50,1.0000,63,1.0365
rt,dlp,SCHED_FIFO,50,1.0000,64,1.0161
rt,dlp,SCHED_FIFO,50,1.0000,65,1.0356
rt,dlp,SCHED_FIFO,50,1.0000,66,1.1107
rt,dlp,SCHED_FIFO,50,1.0000,67,1.0353
rt,dlp,SCHED_FIFO,50,1.0000,68,1.0356
rt,dlp,SCHED_FIFO,50,1.0000,69,1.0334
rt,dlp,SCHED_FIFO,50,1.0000,70,1.0322
rt,dlp,SCHED_FIFO,50,1.0000,71,1.0350
rt,dlp,SCHED_FIFO,50,1.0000,72,1.0367
rt,dlp,SCHED_FIFO,50,1.0000,73,1.0349
rt,dlp,SCHED_FIFO,50,1.0000,74,1.0313
rt,dlp,SCHED_FIFO,50,1.0000,75,1.0324
rt,dlp,SCHED_FIFO,50,1.0000,76,1.0327
rt,dlp,SCHED_FIFO,50,1.0000,77,1.0220
rt,dlp,SCHED_FIFO,50,1.0000,78,1.0232
rt,dlp,SCHED_FIFO,50,1.0000,79,1.0371
rt,dlp,SCHED_FIFO,50,1.0000,80,0.9863
rt,dlp,SCHED_FIFO,50,1.0000,81,1.0437
rt,dlp,SCHED_FIFO,50,1.0000,82,1.0361
rt,dlp,SCHED_FIFO,50,1.0000,83,1.0339
rt,dlp,SCHED_FIFO,50,1.0000,84,1.0315
rt,dlp,SCHED_FIFO,50,1.0000,85,1.0323
rt,dlp,SCHED_FIFO,50,1.0000,86,1.0024
rt,dlp,SCHED_FIFO,50,1.0000,87,1.0229
rt,dlp,SCHED_FIFO,50,1.0000,88,1.0356
rt,dlp,SCHED_FIFO,50,1.0000,89,1.0327
rt,dlp,SCHED_FIFO,50,1.0000,90,1.0141
rt,dlp,SCHED_FIFO,50,1.0000,91,1.0329
rt,dlp,SCHED_FIFO,50,1.0000,92,1.0262
rt,dlp,SCHED_FIFO,50,1.0000,93,0.9974
rt,dlp,SCHED_FIFO,50,1.0000,94,1.0342
rt,dlp,SCHED_FIFO,50,1.0000,95,1.0338
rt,dlp,SCHED_FIFO,50,1.0000,96,1.0326
rt,dlp,SCHED_FIFO,50,1.0000,97,1.0230
rt,dlp,SCHED_FIFO,50,1.0000,98,1.0351
rt,dlp,SCHED_FIFO,50,1.0000,99,1.0325
rt,dlp,SCHED_FIFO,50,1.0000,100,1.0326
rt,dlp,SCHED_FIFO,50,1.0000,101,1.0330
rt,dlp,SCHED_FIFO,50,1.0000,102,1.0319
rt,dlp,SCHED_FIFO,50,1.0000,103,1.0138
rt,dlp,SCHED_FIFO,50,1.0000,104,1.0451
rt,dlp,SCHED_FIFO,50,1.0000,105,1.0259
rt,dlp,SCHED_FIFO,50,1.0000,106,1.0314
rt,dlp,SCHED_FIFO,50,1.0000,107,1.0348
rt,dlp,SCHED_FIFO,50,1.0000,108,1.0334
rt,dlp,SCHED_FIFO,50,1.0000,109,1.0243
rt,dlp,SCHED_FIFO,50,1.0000,110,1.0053
rt,dlp,SCHED_FIFO,50,1.0000,111,1.0332
rt,dlp,SCHED_FIFO,50,1.0000,112,1.0460
rt,dlp,SCHED_FIFO,50,1.0000,113,1.0341
rt,dlp,SCHED_FIFO,50,1.0000,114,1.0337
rt,dlp,SCHED_FIFO,50,1.0000,115,1.0322
rt,dlp,SCHED_FIFO,50,1.0000,116,1.0260
rt,dlp,SCHED_FIFO,50,1.0000,117,1.0240
rt,dlp,SCHED_FIFO,50,1.0000,118,1.0156
rt,dlp,SCHED_FIFO,50,1.0000,119,1.0254
rt,dlp,SCHED_FIFO,50,1.0000,120,1.0127
rt,dlp,SCHED_FIFO,50,1.0000,121,1.0356
rt,dlp,SCHED_FIFO,50,1.0000,122,1.0275
rt,dlp,SCHED_FIFO,50,1.0000,123,1.0322
rt,dlp,SCHED_FIFO,50,1.0000,124,1.0260
rt,dlp,SCHED_FIFO,50,1.0000,125,1.0325
rt,dlp,SCHED_FIFO,50,1.0000,126,1.0259
rt,dlp,SCHED_FIFO,50,1.0000,127,1.0329
rt,dlp,SCHED_FIFO,50,1.0000,128,1.0257
rt,dlp,SCHED_FIFO,50,1.0000,129,1.0253
rt,dlp,SCHED_FIFO,50,1.0000,130,1.0321
rt,dlp,SCHED_FIFO,50,1.0000,131,1.0029
rt,dlp,SCHED_FIFO,50,1.0000,132,1.0241
rt,dlp,SCHED_FIFO,50,1.0000,133,1.0355
rt,dlp,SCHED_FIFO,50,1.0000,134,1.0332
rt,dlp,SCHED_FIFO,50,1.0000,135,1.0447
rt,dlp,SCHED_FIFO,50,1.0000,136,1.0522
rt,dlp,SCHED_FIFO,50,1.0000,137,1.0442
rt,dlp,SCHED_FIFO,50,1.0000,138,0.9940
rt,dlp,SCHED_FIFO,50,1.0000,139,1.0264
rt,dlp,SCHED_FIFO,50,1.0000,140,1.0537
rt,dlp,SCHED_FIFO,50,1.0000,141,1.0434
rt,dlp,SCHED_FIFO,50,1.0000,142,1.0352
rt,dlp,SCHED_FIFO,50,1.0000,143,1.0455
rt,dlp,SCHED_FIFO,50,1.0000,144,1.0349
rt,dlp,SCHED_FIFO,50,1.0000,145,1.0260
rt,dlp,SCHED_FIFO,50,1.0000,146,1.0151
rt,dlp,SCHED_FIFO,50,1.0000,147,1.0152
rt,dlp,SCHED_FIFO,50,1.0000,148,1.0224
rt,dlp,SCHED_FIFO,50,1.0000,149,1.0324
rt,dlp,SCHED_FIFO,50,1.0000,150,1.0149
rt,dlp,SCHED_FIFO,50,1.0000,151,1.0325
rt,dlp,SCHED_FIFO,50,1.0000,152,1.0240
rt,dlp,SCHED_FIFO,50,1.0000,153,1.0252
rt,dlp,SCHED_FIFO,50,1.0000,154,1.0325
rt,dlp,SCHED_FIFO,50,1.0000,155,1.0327
rt,dlp,SCHED_FIFO,50,1.0000,156,1.0316
rt,dlp,SCHED_FIFO,50,1.0000,157,1.0235
rt,dlp,SCHED_FIFO,50,1.0000,158,1.0244
rt,dlp,SCHED_FIFO,50,1.0000,159,1.0126
rt,dlp,SCHED_FIFO,50,1.0000,160,1.0255
rt,dlp,SCHED_FIFO,50,1.0000,161,1.0234
rt,dlp,SCHED_FIFO,50,1.0000,162,1.0223
rt,dlp,SCHED_FIFO,50,1.0000,163,1.0411
rt,dlp,SCHED_FIFO,50,1.0000,164,1.0349
rt,dlp,SCHED_FIFO,50,1.0000,165,1.0345
rt,dlp,SCHED_FIFO,50,1.0000,166,1.0346
rt,dlp,SCHED_FIFO,50,1.0000,167,1.0231
rt,dlp,SCHED_FIFO,50,1.0000,168,1.0341
rt,dlp,SCHED_FIFO,50,1.0000,169,1.1000
rt,dlp,SCHED_FIFO,50,1.0000,170,1.0330
rt,dlp,SCHED_FIFO,50,1.0000,171,1.0331
rt,dlp,SCHED_FIFO,50,1.0000,172,1.0219
rt,dlp,SCHED_FIFO,50,1.0000,173,1.0379
rt,dlp,SCHED_FIFO,50,1.0000,174,1.0125
rt,dlp,SCHED_FIFO,50,1.0000,175,1.0352
rt,dlp,SCHED_FIFO,50,1.0000,176,1.0358
rt,dlp,SCHED_FIFO,50,1.0000,177,1.0242
rt,dlp,SCHED_FIFO,50,1.0000,178,1.0150
rt,dlp,SCHED_FIFO,50,1.0000,179,1.0240
rt,dlp,SCHED_FIFO,50,1.0000,180,1.0337
rt,dlp,SCHED_FIFO,50,1.0000,181,1.0355
rt,dlp,SCHED_FIFO,50,1.0000,182,1.0426
rt,dlp,SCHED_FIFO,50,1.0000,183,1.0222
rt,dlp,SCHED_FIFO,50,1.0000,184,1.0308
rt,dlp,SCHED_FIFO,50,1.0000,185,1.0941
rt,dlp,SCHED_FIFO,50,1.0000,186,1.0418
rt,dlp,SCHED_FIFO,50,1.0000,187,1.0440
rt,dlp,SCHED_FIFO,50,1.0000,188,1.0434
rt,dlp,SCHED_FIFO,50,1.0000,189,1.0439
rt,dlp,SCHED_FIFO,50,1.0000,190,1.0429
rt,dlp,SCHED_FIFO,50,1.0000,191,1.0456
rt,dlp,SCHED_FIFO,50,1.0000,192,1.0430
rt,dlp,SCHED_FIFO,50,1.0000,193,1.0353
rt,dlp,SCHED_FIFO,50,1.0000,194,1.0343
rt,dlp,SCHED_FIFO,50,1.0000,195,1.0152
rt,dlp,SCHED_FIFO,50,1.0000,196,1.0267
rt,dlp,SCHED_FIFO,50,1.0000,197,1.0231
rt,dlp,SCHED_FIFO,50,1.0000,198,1.0261
rt,dlp,SCHED_FIFO,50,1.0000,199,1.0228
rt,dlp,SCHED_FIFO,50,1.0000,200,1.0341
rt,dlp,SCHED_FIFO,50,1.0000,201,1.0351
rt,dlp,SCHED_FIFO,50,1.0000,202,1.0312
rt,dlp,SCHED_FIFO,50,1.0000,203,1.0230
rt,dlp,SCHED_FIFO,50,1.0000,204,1.0238
rt,dlp,SCHED_FIFO,50,1.0000,205,1.0266
rt,dlp,SCHED_FIFO,50,1.0000,206,1.0219
rt,dlp,SCHED_FIFO,50,1.0000,207,1.0328
rt,dlp,SCHED_FIFO,50,1.0000,208,1.0328
rt,dlp,SCHED_FIFO,50,1.0000,209,1.0358
rt,dlp,SCHED_FIFO,50,1.0000,210,1.0326
rt,dlp,SCHED_FIFO,50,1.0000,211,0.9957
rt,dlp,SCHED_FIFO,50,1.0000,212,1.0060
rt,dlp,SCHED_FIFO,50,1.0000,213,1.0266
rt,dlp,SCHED_FIFO,50,1.0000,214,1.0425
rt,dlp,SCHED_FIFO,50,1.0000,215,1.0354
rt,dlp,SCHED_FIFO,50,1.0000,216,1.0417
rt,dlp,SCHED_FIFO,50,1.0000,217,1.0220
rt,dlp,SCHED_FIFO,50,1.0000,218,1.0329
rt,dlp,SCHED_FIFO,50,1.0000,219,1.0348
rt,dlp,SCHED_FIFO,50,1.0000,220,1.0324
rt,dlp,SCHED_FIFO,50,1.0000,221,1.0371
rt,dlp,SCHED_FIFO,50,1.0000,222,1.0231
rt,dlp,SCHED_FIFO,50,1.0000,223,1.0324
rt,dlp,SCHED_FIFO,50,1.0000,224,1.0256
rt,dlp,SCHED_FIFO,50,1.0000,225,1.0330
rt,dlp,SCHED_FIFO,50,1.0000,226,1.0348
rt,dlp,SCHED_FIFO,50,1.0000,227,1.0326
rt,dlp,SCHED_FIFO,50,1.0000,228,1.0353
rt,dlp,SCHED_FIFO,50,1.0000,229,1.0318
rt,dlp,SCHED_FIFO,50,1.0000,230,1.0339
rt,dlp,SCHED_FIFO,50,1.0000,231,1.0241
rt,dlp,SCHED_FIFO,50,1.0000,232,1.0467
rt,dlp,SCHED_FIFO,50,1.0000,233,1.0342
rt,dlp,SCHED_FIFO,50,1.0000,234,1.0429
rt,dlp,SCHED_FIFO,50,1.0000,235,1.0309
rt,dlp,SCHED_FIFO,50,1.0000,236,1.0147
rt,dlp,SCHED_FIFO,50,1.0000,237,1.0350
rt,dlp,SCHED_FIFO,50,1.0000,238,1.0254
rt,dlp,SCHED_FIFO,50,1.0000,239,1.0360
rt,dlp,SCHED_FIFO,50,1.0000,240,1.0323
rt,dlp,SCHED_FIFO,50,1.0000,241,1.0335
rt,dlp,SCHED_FIFO,50,1.0000,242,1.0430
rt,dlp,SCHED_FIFO,50,1.0000,243,1.0230
rt,dlp,SCHED_FIFO,50,1.0000,244,1.0452
rt,dlp,SCHED_FIFO,50,1.0000,245,1.0259
rt,dlp,SCHED_FIFO,50,1.0000,246,1.0416
rt,dlp,SCHED_FIFO,50,1.0000,247,1.0333
rt,dlp,SCHED_FIFO,50,1.0000,248,1.0403
rt,dlp,SCHED_FIFO,50,1.0000,249,1.0305
rt,dlp,SCHED_FIFO,50,1.0000,250,1.0167
rt,dlp,SCHED_FIFO,50,1.0000,251,1.0033
rt,dlp,SCHED_FIFO,50,1.0000,252,1.0251
rt,dlp,SCHED_FIFO,50,1.0000,253,1.0354
rt,dlp,SCHED_FIFO,50,1.0000,254,1.0234
rt,dlp,SCHED_FIFO,50,1.0000,255,1.0372
rt,dlp,SCHED_FIFO,50,1.0000,256,1.0226
rt,dlp,SCHED_FIFO,50,1.0000,257,1.0247
rt,dlp,SCHED_FIFO,50,1.0000,258,1.0338
rt,dlp,SCHED_FIFO,50,1.0000,259,1.0247
rt,dlp,SCHED_FIFO,50,1.0000,260,1.0363
rt,dlp,SCHED_FIFO,50,1.0000,261,1.0311
rt,dlp,SCHED_FIFO,50,1.0000,262,1.0355
rt,dlp,SCHED_FIFO,50,1.0000,263,1.0425
rt,dlp,SCHED_FIFO,50,1.0000,264,1.0218
rt,dlp,SCHED_FIFO,50,1.0000,265,1.0258
rt,dlp,SCHED_FIFO,50,1.0000,266,1.0250
rt,dlp,SCHED_FIFO,50,1.0000,267,1.0237
rt,dlp,SCHED_FIFO,50,1.0000,268,1.0426
rt,dlp,SCHED_FIFO,50,1.0000,269,1.0357
rt,dlp,SCHED_FIFO,50,1.0000,270,1.0260
rt,dlp,SCHED_FIFO,50,1.0000,271,1.0318
rt,dlp,SCHED_FIFO,50,1.0000,272,1.0345
rt,dlp,SCHED_FIFO,50,1.0000,273,1.0250
rt,dlp,SCHED_FIFO,50,1.0000,274,1.0323
rt,dlp,SCHED_FIFO,50,1.0000,275,1.0325
rt,dlp,SCHED_FIFO,50,1.0000,276,1.0250
rt,dlp,SCHED_FIFO,50,1.0000,277,1.0315
rt,dlp,SCHED_FIFO,50,1.0000,278,1.0331
rt,dlp,SCHED_FIFO,50,1.0000,279,1.0243
rt,dlp,SCHED_FIFO,50,1.0000,280,1.0350
rt,dlp,SCHED_FIFO,50,1.0000,281,1.0335
rt,dlp,SCHED_FIFO,50,1.0000,282,1.0354
rt,dlp,SCHED_FIFO,50,1.0000,283,1.0436
rt,dlp,SCHED_FIFO,50,1.0000,284,1.0176
rt,dlp,SCHED_FIFO,50,1.0000,285,1.0238
rt,dlp,SCHED_FIFO,50,1.0000,286,1.0437
rt,dlp,SCHED_FIFO,50,1.0000,287,1.0458
rt,dlp,SCHED_FIFO,50,1.0000,288,1.0329
rt,dlp,SCHED_FIFO,50,1.0000,289,1.0448
rt,dlp,SCHED_FIFO,50,1.0000,290,1.0447
rt,dlp,SCHED_FIFO,50,1.0000,291,1.0265
rt,dlp,SCHED_FIFO,50,1.0000,292,1.0320
rt,dlp,SCHED_FIFO,50,1.0000,293,1.0164
rt,dlp,SCHED_FIFO,50,1.0000,294,1.0247
rt,dlp,SCHED_FIFO,50,1.0000,295,1.0316
rt,dlp,SCHED_FIFO,50,1.0000,296,1.0351
rt,dlp,SCHED_FIFO,50,1.0000,297,1.0422
rt,dlp,SCHED_FIFO,50,1.0000,298,1.0138
rt,dlp,SCHED_FIFO,50,1.0000,299,1.0352
rt,dlp,SCHED_FIFO,50,1.0000,300,1.1115
rt,dlp,SCHED_FIFO,50,1.0000,301,1.1208
rt,dlp,SCHED_FIFO,50,1.0000,302,1.0222
rt,dlp,SCHED_FIFO,50,1.0000,303,1.0349
rt,dlp,SCHED_FIFO,50,1.0000,304,1.0343
rt,dlp,SCHED_FIFO,50,1.0000,305,1.0237
rt,dlp,SCHED_FIFO,50,1.0000,306,1.0339
rt,dlp,SCHED_FIFO,50,1.0000,307,1.0348
rt,dlp,SCHED_FIFO,50,1.0000,308,1.0266
rt,dlp,SCHED_FIFO,50,1.0000,309,1.0906
rt,dlp,SCHED_FIFO,50,1.0000,310,1.0146
rt,dlp,SCHED_FIFO,50,1.0000,311,1.0534
rt,dlp,SCHED_FIFO,50,1.0000,312,1.0431
rt,dlp,SCHED_FIFO,50,1.0000,313,1.0247
rt,dlp,SCHED_FIFO,50,1.0000,314,1.0449
rt,dlp,SCHED_FIFO,50,1.0000,315,1.0327
rt,dlp,SCHED_FIFO,50,1.0000,316,1.0462
rt,dlp,SCHED_FIFO,50,1.0000,317,1.0231
rt,dlp,SCHED_FIFO,50,1.0000,318,1.0321
rt,dlp,SCHED_FIFO,50,1.0000,319,1.0426
rt,dlp,SCHED_FIFO,50,1.0000,320,1.0252
rt,dlp,SCHED_FIFO,50,1.0000,321,1.0329
rt,dlp,SCHED_FIFO,50,1.0000,322,1.0346
rt,dlp,SCHED_FIFO,50,1.0000,323,1.0047
rt,dlp,SCHED_FIFO,50,1.0000,324,1.0246
rt,dlp,SCHED_FIFO,50,1.0000,325,1.0254
rt,dlp,SCHED_FIFO,50,1.0000,326,1.0345
rt,dlp,SCHED_FIFO,50,1.0000,327,1.0261
rt,dlp,SCHED_FIFO,50,1.0000,328,1.0313
rt,dlp,SCHED_FIFO,50,1.0000,329,1.0330
rt,dlp,SCHED_FIFO,50,1.0000,330,1.0247
rt,dlp,SCHED_FIFO,50,1.0000,331,1.0421
rt,dlp,SCHED_FIFO,50,1.0000,332,1.0422
rt,dlp,SCHED_FIFO,50,1.0000,333,1.0229
rt,dlp,SCHED_FIFO,50,1.0000,334,1.0349
rt,dlp,SCHED_FIFO,50,1.0000,335,1.0239
rt,dlp,SCHED_FIFO,50,1.0000,336,1.0336
rt,dlp,SCHED_FIFO,50,1.0000,337,1.0453
rt,dlp,SCHED_FIFO,50,1.0000,338,1.0345
rt,dlp,SCHED_FIFO,50,1.0000,339,1.0240
rt,dlp,SCHED_FIFO,50,1.0000,340,0.9944
rt,dlp,SCHED_FIFO,50,1.0000,341,1.0439
rt,dlp,SCHED_FIFO,50,1.0000,342,1.0318
rt,dlp,SCHED_FIFO,50,1.0000,343,1.0137
rt,dlp,SCHED_FIFO,50,1.0000,344,1.0269
rt,dlp,SCHED_FIFO,50,1.0000,345,1.0363
rt,dlp,SCHED_FIFO,50,1.0000,346,1.0117
rt,dlp,SCHED_FIFO,50,1.0000,347,1.0165
rt,dlp,SCHED_FIFO,50,1.0000,348,1.0458
rt,dlp,SCHED_FIFO,50,1.0000,349,1.0325
rt,dlp,SCHED_FIFO,50,1.0000,350,1.0244
rt,dlp,SCHED_FIFO,50,1.0000,351,1.0346
rt,dlp,SCHED_FIFO,50,1.0000,352,1.0331
rt,dlp,SCHED_FIFO,50,1.0000,353,1.0413
rt,dlp,SCHED_FIFO,50,1.0000,354,1.0754
rt,dlp,SCHED_FIFO,50,1.0000,355,1.0225
rt,dlp,SCHED_FIFO,50,1.0000,356,1.0344
rt,dlp,SCHED_FIFO,50,1.0000,357,1.0267
rt,dlp,SCHED_FIFO,50,1.0000,358,1.0437
rt,dlp,SCHED_FIFO,50,1.0000,359,1.0451
rt,dlp,SCHED_FIFO,50,1.0000,360,0.9965
rt,dlp,SCHED_FIFO,50,1.0000,361,1.0235
rt,dlp,SCHED_FIFO,50,1.0000,362,1.0355
rt,dlp,SCHED_FIFO,50,1.0000,363,1.0251
rt,dlp,SCHED_FIFO,50,1.0000,364,1.0339
rt,dlp,SCHED_FIFO,50,1.0000,365,1.0234
rt,dlp,SCHED_FIFO,50,1.0000,366,1.0030
rt,dlp,SCHED_FIFO,50,1.0000,367,1.0415
rt,dlp,SCHED_FIFO,50,1.0000,368,1.0226
rt,dlp,SCHED_FIFO,50,1.0000,369,1.0251
rt,dlp,SCHED_FIFO,50,1.0000,370,1.0349
rt,dlp,SCHED_FIFO,50,1.0000,371,1.0353
rt,dlp,SCHED_FIFO,50,1.0000,372,1.0337
rt,dlp,SCHED_FIFO,50,1.0000,373,1.0237
rt,dlp,SCHED_FIFO,50,1.0000,374,1.0317
rt,dlp,SCHED_FIFO,50,1.0000,375,1.0373
rt,dlp,SCHED_FIFO,50,1.0000,376,1.0358
rt,dlp,SCHED_FIFO,50,1.0000,377,1.0318
rt,dlp,SCHED_FIFO,50,1.0000,378,1.0209
rt,dlp,SCHED_FIFO,50,1.0000,379,1.0250
rt,dlp,SCHED_FIFO,50,1.0000,380,1.0325
rt,dlp,SCHED_FIFO,50,1.0000,381,1.0315
rt,dlp,SCHED_FIFO,50,1.0000,382,1.0344
rt,dlp,SCHED_FIFO,50,1.0000,383,1.0339
rt,dlp,SCHED_FIFO,50,1.0000,384,1.0335
rt,dlp,SCHED_FIFO,50,1.0000,385,1.0221
rt,dlp,SCHED_FIFO,50,1.0000,386,1.0236
rt,dlp,SCHED_FIFO,50,1.0000,387,1.0358
rt,dlp,SCHED_FIFO,50,1.0000,388,1.0350
rt,dlp,SCHED_FIFO,50,1.0000,389,1.0337
rt,dlp,SCHED_FIFO,50,1.0000,390,1.0342
rt,dlp,SCHED_FIFO,50,1.0000,391,1.0160
rt,dlp,SCHED_FIFO,50,1.0000,392,1.0023
rt,dlp,SCHED_FIFO,50,1.0000,393,1.0276
rt,dlp,SCHED_FIFO,50,1.0000,394,1.0327
rt,dlp,SCHED_FIFO,50,1.0000,395,1.0257
rt,dlp,SCHED_FIFO,50,1.0000,396,1.0314
rt,dlp,SCHED_FIFO,50,1.0000,397,1.0230
rt,dlp,SCHED_FIFO,50,1.0000,398,1.0255
rt,dlp,SCHED_FIFO,50,1.0000,399,1.0330
rt,dlp,SCHED_FIFO,50,1.0000,400,1.0157
rt,dlp,SCHED_FIFO,50,1.0000,401,1.0321
rt,dlp,SCHED_FIFO,50,1.0000,402,1.0236
rt,dlp,SCHED_FIFO,50,1.0000,403,1.0418
rt,dlp,SCHED_FIFO,50,1.0000,404,1.0326
rt,dlp,SCHED_FIFO,50,1.0000,405,1.0343
rt,dlp,SCHED_FIFO,50,1.0000,406,1.0365
rt,dlp,SCHED_FIFO,50,1.0000,407,1.0328
rt,dlp,SCHED_FIFO,50,1.0000,408,1.0248
rt,dlp,SCHED_FIFO,50,1.0000,409,1.0349
rt,dlp,SCHED_FIFO,50,1.0000,410,1.0340
rt,dlp,SCHED_FIFO,50,1.0000,411,1.0139
rt,dlp,SCHED_FIFO,50,1.0000,412,1.0230
rt,dlp,SCHED_FIFO,50,1.0000,413,1.0329
rt,dlp,SCHED_FIFO,50,1.0000,414,1.0326
rt,dlp,SCHED_FIFO,50,1.0000,415,1.0268
rt,dlp,SCHED_FIFO,50,1.0000,416,1.0141
rt,dlp,SCHED_FIFO,50,1.0000,417,1.0353
rt,dlp,SCHED_FIFO,50,1.0000,418,1.0331
rt,dlp,SCHED_FIFO,50,1.0000,419,1.0232
rt,dlp,SCHED_FIFO,50,1.0000,420,1.0267
rt,dlp,SCHED_FIFO,50,1.0000,421,1.0171
rt,dlp,SCHED_FIFO,50,1.0000,422,1.0240
rt,dlp,SCHED_FIFO,50,1.0000,423,1.0259
rt,dlp,SCHED_FIFO,50,1.0000,424,1.0131
rt,dlp,SCHED_FIFO,50,1.0000,425,1.0860
rt,dlp,SCHED_FIFO,50,1.0000,426,1.0057
rt,dlp,SCHED_FIFO,50,1.0000,427,1.0427
rt,dlp,SCHED_FIFO,50,1.0000,428,1.0370
rt,dlp,SCHED_FIFO,50,1.0000,429,1.0330
rt,dlp,SCHED_FIFO,50,1.0000,430,1.0343
rt,dlp,SCHED_FIFO,50,1.0000,431,1.0349
rt,dlp,SCHED_FIFO,50,1.0000,432,1.0356
rt,dlp,SCHED_FIFO,50,1.0000,433,1.0340
rt,dlp,SCHED_FIFO,50,1.0000,434,1.0454
rt,dlp,SCHED_FIFO,50,1.0000,435,1.0268
rt,dlp,SCHED_FIFO,50,1.0000,436,1.0167
rt,dlp,SCHED_FIFO,50,1.0000,437,1.0260
rt,dlp,SCHED_FIFO,50,1.0000,438,1.0711
rt,dlp,SCHED_FIFO,50,1.0000,439,1.0449
rt,dlp,SCHED_FIFO,50,1.0000,440,1.0358
rt,dlp,SCHED_FIFO,50,1.0000,441,1.0424
rt,dlp,SCHED_FIFO,50,1.0000,442,1.0132
rt,dlp,SCHED_FIFO,50,1.0000,443,1.0032
rt,dlp,SCHED_FIFO,50,1.0000,444,1.0339
rt,dlp,SCHED_FIFO,50,1.0000,445,1.0025
rt,dlp,SCHED_FIFO,50,1.0000,446,1.0329
rt,dlp,SCHED_FIFO,50,1.0000,447,1.0229
rt,dlp,SCHED_FIFO,50,1.0000,448,1.0328
rt,dlp,SCHED_FIFO,50,1.0000,449,1.0224
rt,dlp,SCHED_FIFO,50,1.0000,450,1.0350
rt,dlp,SCHED_FIFO,50,1.0000,451,1.0358
rt,dlp,SCHED_FIFO,50,1.0000,452,1.0122
rt,dlp,SCHED_FIFO,50,1.0000,453,0.9959
rt,dlp,SCHED_FIFO,50,1.0000,454,1.0230
rt,dlp,SCHED_FIFO,50,1.0000,455,1.0332
rt,dlp,SCHED_FIFO,50,1.0000,456,1.0440
rt,dlp,SCHED_FIFO,50,1.0000,457,1.0527
rt,dlp,SCHED_FIFO,50,1.0000,458,1.0449
rt,dlp,SCHED_FIFO,50,1.0000,459,1.0342
rt,dlp,SCHED_FIFO,50,1.0000,460,1.0336
rt,dlp,SCHED_FIFO,50,1.0000,461,1.0168
rt,dlp,SCHED_FIFO,50,1.0000,462,1.0330
rt,dlp,SCHED_FIFO,50,1.0000,463,1.0335
rt,dlp,SCHED_FIFO,50,1.0000,464,1.0347
rt,dlp,SCHED_FIFO,50,1.0000,465,1.0416
rt,dlp,SCHED_FIFO,50,1.0000,466,1.0259
rt,dlp,SCHED_FIFO,50,1.0000,467,1.0266
rt,dlp,SCHED_FIFO,50,1.0000,468,1.0474
rt,dlp,SCHED_FIFO,50,1.0000,469,1.0042
rt,dlp,SCHED_FIFO,50,1.0000,470,1.0366
rt,dlp,SCHED_FIFO,50,1.0000,471,1.0357
rt,dlp,SCHED_FIFO,50,1.0000,472,1.0140
rt,dlp,SCHED_FIFO,50,1.0000,473,1.0237
rt,dlp,SCHED_FIFO,50,1.0000,474,1.0351
rt,dlp,SCHED_FIFO,50,1.0000,475,1.0221
rt,dlp,SCHED_FIFO,50,1.0000,476,1.0452
rt,dlp,SCHED_FIFO,50,1.0000,477,1.0351
rt,dlp,SCHED_FIFO,50,1.0000,478,1.0235
rt,dlp,SCHED_FIFO,50,1.0000,479,1.0440
rt,dlp,SCHED_FIFO,50,1.0000,480,1.0555
rt,dlp,SCHED_FIFO,50,1.0000,481,0.9958
rt,dlp,SCHED_FIFO,50,1.0000,482,1.0353
rt,dlp,SCHED_FIFO,50,1.0000,483,1.0338
rt,dlp,SCHED_FIFO,50,1.0000,484,1.0425
rt,dlp,SCHED_FIFO,50,1.0000,485,1.0321
rt,dlp,SCHED_FIFO,50,1.0000,486,1.0315
rt,dlp,SCHED_FIFO,50,1.0000,487,1.0356
rt,dlp,SCHED_FIFO,50,1.0000,488,1.0221
rt,dlp,SCHED_FIFO,50,1.0000,489,1.0247
rt,dlp,SCHED_FIFO,50,1.0000,490,1.0263
rt,dlp,SCHED_FIFO,50,1.0000,491,1.0238
rt,dlp,SCHED_FIFO,50,1.0000,492,1.0427
rt,dlp,SCHED_FIFO,50,1.0000,493,1.0351
rt,dlp,SCHED_FIFO,50,1.0000,494,1.0256
rt,dlp,SCHED_FIFO,50,1.0000,495,1.0367
rt,dlp,SCHED_FIFO,50,1.0000,496,1.0934
rt,dlp,SCHED_FIFO,50,1.0000,497,1.0059
rt,dlp,SCHED_FIFO,50,1.0000,498,1.0323
rt,dlp,SCHED_FIFO,50,1.0000,499,1.0242
rt,dlp,SCHED_FIFO,50,1.0000,500,1.0339
rt,dlp,SCHED_FIFO,50,1.0000,501,1.0245
rt,dlp,SCHED_FIFO,50,1.0000,502,1.0271
rt,dlp,SCHED_FIFO,50,1.0000,503,1.0240
rt,dlp,SCHED_FIFO,50,1.0000,504,1.0158
rt,dlp,SCHED_FIFO,50,1.0000,505,1.0070
rt,dlp,SCHED_FIFO,50,1.0000,506,1.0140
rt,dlp,SCHED_FIFO,50,1.0000,507,1.0229
rt,dlp,SCHED_FIFO,50,1.0000,508,1.0220
rt,dlp,SCHED_FIFO,50,1.0000,509,1.0306
rt,dlp,SCHED_FIFO,50,1.0000,510,1.0724
rt,dlp,SCHED_FIFO,50,1.0000,511,1.0231
rt,dlp,SCHED_FIFO,50,1.0000,512,1.0345
rt,dlp,SCHED_FIFO,50,1.0000,513,1.0362
rt,dlp,SCHED_FIFO,50,1.0000,514,1.0228
rt,dlp,SCHED_FIFO,50,1.0000,515,1.0151
rt,dlp,SCHED_FIFO,50,1.0000,516,1.0244
rt,dlp,SCHED_FIFO,50,1.0000,517,1.0438
rt,dlp,SCHED_FIFO,50,1.0000,518,1.0160
rt,dlp,SCHED_FIFO,50,1.0000,519,1.0239
rt,dlp,SCHED_FIFO,50,1.0000,520,1.0446
rt,dlp,SCHED_FIFO,50,1.0000,521,1.0439
rt,dlp,SCHED_FIFO,50,1.0000,522,1.0513
rt,dlp,SCHED_FIFO,50,1.0000,523,1.0415
rt,dlp,SCHED_FIFO,50,1.0000,524,1.0427
rt,dlp,SCHED_FIFO,50,1.0000,525,1.0143
rt,dlp,SCHED_FIFO,50,1.0000,526,1.0159
rt,dlp,SCHED_FIFO,50,1.0000,527,1.0258
rt,dlp,SCHED_FIFO,50,1.0000,528,1.0525
rt,dlp,SCHED_FIFO,50,1.0000,529,1.0468
rt,dlp,SCHED_FIFO,50,1.0000,530,1.0325
rt,dlp,SCHED_FIFO,50,1.0000,531,1.0430
rt,dlp,SCHED_FIFO,50,1.0000,532,1.0428
rt,dlp,SCHED_FIFO,50,1.0000,533,1.0127
rt,dlp,SCHED_FIFO,50,1.0000,534,1.0344
rt,dlp,SCHED_FIFO,50,1.0000,535,1.0324
rt,dlp,SCHED_FIFO,50,1.0000,536,1.0326
rt,dlp,SCHED_FIFO,50,1.0000,537,1.0346
rt,dlp,SCHED_FIFO,50,1.0000,538,1.0827
rt,dlp,SCHED_FIFO,50,1.0000,539,1.0267
rt,dlp,SCHED_FIFO,50,1.0000,540,1.0449
rt,dlp,SCHED_FIFO,50,1.0000,541,1.0143
rt,dlp,SCHED_FIFO,50,1.0000,542,1.0226
rt,dlp,SCHED_FIFO,50,1.0000,543,1.0337
rt,dlp,SCHED_FIFO,50,1.0000,544,1.0316
rt,dlp,SCHED_FIFO,50,1.0000,545,1.1020
rt,dlp,SCHED_FIFO,50,1.0000,546,1.0456
rt,dlp,SCHED_FIFO,50,1.0000,547,1.0444
rt,dlp,SCHED_FIFO,50,1.0000,548,1.0356
rt,dlp,SCHED_FIFO,50,1.0000,549,1.0348
rt,dlp,SCHED_FIFO,50,1.0000,550,1.0333
rt,dlp,SCHED_FIFO,50,1.0000,551,1.0115
rt,dlp,SCHED_FIFO,50,1.0000,552,1.0314
rt,dlp,SCHED_FIFO,50,1.0000,553,1.0249
rt,dlp,SCHED_FIFO,50,1.0000,554,1.0321
rt,dlp,SCHED_FIFO,50,1.0000,555,1.0228
rt,dlp,SCHED_FIFO,50,1.0000,556,1.0337
rt,dlp,SCHED_FIFO,50,1.0000,557,1.0367
rt,dlp,SCHED_FIFO,50,1.0000,558,1.0232
rt,dlp,SCHED_FIFO,50,1.0000,559,1.0251
rt,dlp,SCHED_FIFO,50,1.0000,560,1.0442
rt,dlp,SCHED_FIFO,50,1.0000,561,1.0268
rt,dlp,SCHED_FIFO,50,1.0000,562,1.0251
rt,dlp,SCHED_FIFO,50,1.0000,563,1.0340
rt,dlp,SCHED_FIFO,50,1.0000,564,1.0424
rt,dlp,SCHED_FIFO,50,1.0000,565,1.0130
rt,dlp,SCHED_FIFO,50,1.0000,566,1.0138
rt,dlp,SCHED_FIFO,50,1.0000,567,1.0128
rt,dlp,SCHED_FIFO,50,1.0000,568,0.9982
rt,dlp,SCHED_FIFO,50,1.0000,569,1.0250
rt,dlp,SCHED_FIFO,50,1.0000,570,1.0279
rt,dlp,SCHED_FIFO,50,1.0000,571,1.0334
rt,dlp,SCHED_FIFO,50,1.0000,572,1.0459
rt,dlp,SCHED_FIFO,50,1.0000,573,1.0428
rt,dlp,SCHED_FIFO,50,1.0000,574,1.0327
rt,dlp,SCHED_FIFO,50,1.0000,575,1.0326
rt,dlp,SCHED_FIFO,50,1.0000,576,1.0527
rt,dlp,SCHED_FIFO,50,1.0000,577,1.0711
rt,dlp,SCHED_FIFO,50,1.0000,578,1.0322
rt,dlp,SCHED_FIFO,50,1.0000,579,1.0367
rt,dlp,SCHED_FIFO,50,1.0000,580,1.0393
rt,dlp,SCHED_FIFO,50,1.0000,581,1.0138
rt,dlp,SCHED_FIFO,50,1.0000,582,1.0328
rt,dlp,SCHED_FIFO,50,1.0000,583,1.0343
rt,dlp,SCHED_FIFO,50,1.0000,584,1.1112
rt,dlp,SCHED_FIFO,50,1.0000,585,1.0446
rt,dlp,SCHED_FIFO,50,1.0000,586,1.0463
rt,dlp,SCHED_FIFO,50,1.0000,587,1.0354
rt,dlp,SCHED_FIFO,50,1.0000,588,1.0162
rt,dlp,SCHED_FIFO,50,1.0000,589,1.0451
rt,dlp,SCHED_FIFO,50,1.0000,590,1.0151
rt,dlp,SCHED_FIFO,50,1.0000,591,1.0343
rt,dlp,SCHED_FIFO,50,1.0000,592,1.0332
rt,dlp,SCHED_FIFO,50,1.0000,593,1.0352
rt,dlp,SCHED_FIFO,50,1.0000,594,1.0429
rt,dlp,SCHED_FIFO,50,1.0000,595,1.0465
rt,dlp,SCHED_FIFO,50,1.0000,596,1.0418
rt,dlp,SCHED_FIFO,50,1.0000,597,1.0328
rt,dlp,SCHED_FIFO,50,1.0000,598,1.0418
rt,dlp,SCHED_FIFO,50,1.0000,599,1.0109
rt,dlp,SCHED_FIFO,50,1.0000,600,1.0332
rt,dlp,SCHED_FIFO,50,1.0000,601,1.0251
rt,dlp,SCHED_FIFO,50,1.0000,602,1.0423
rt,dlp,SCHED_FIFO,50,1.0000,603,1.0318
rt,dlp,SCHED_FIFO,50,1.0000,604,1.0336
rt,dlp,SCHED_FIFO,50,1.0000,605,1.0317
rt,dlp,SCHED_FIFO,50,1.0000,606,1.0913
rt,dlp,SCHED_FIFO,50,1.0000,607,1.0319
rt,dlp,SCHED_FIFO,50,1.0000,608,1.0326
rt,dlp,SCHED_FIFO,50,1.0000,609,1.0325
rt,dlp,SCHED_FIFO,50,1.0000,610,1.0426
rt,dlp,SCHED_FIFO,50,1.0000,611,1.0346
rt,dlp,SCHED_FIFO,50,1.0000,612,1.0141
rt,dlp,SCHED_FIFO,50,1.0000,613,1.0355
rt,dlp,SCHED_FIFO,50,1.0000,614,1.0270
rt,dlp,SCHED_FIFO,50,1.0000,615,1.0354
rt,dlp,SCHED_FIFO,50,1.0000,616,1.0435
rt,dlp,SCHED_FIFO,50,1.0000,617,1.0228
rt,dlp,SCHED_FIFO,50,1.0000,618,1.0132
rt,dlp,SCHED_FIFO,50,1.0000,619,1.0325
rt,dlp,SCHED_FIFO,50,1.0000,620,1.0218
rt,dlp,SCHED_FIFO,50,1.0000,621,1.1124
rt,dlp,SCHED_FIFO,50,1.0000,622,1.0448
rt,dlp,SCHED_FIFO,50,1.0000,623,1.0356
rt,dlp,SCHED_FIFO,50,1.0000,624,1.0419
rt,dlp,SCHED_FIFO,50,1.0000,625,1.0265
rt,dlp,SCHED_FIFO,50,1.0000,626,1.0248
rt,dlp,SCHED_FIFO,50,1.0000,627,1.0330
rt,dlp,SCHED_FIFO,50,1.0000,628,1.0439
rt,dlp,SCHED_FIFO,50,1.0000,629,1.0244
rt,dlp,SCHED_FIFO,50,1.0000,630,1.0163
rt,dlp,SCHED_FIFO,50,1.0000,631,1.0735
rt,dlp,SCHED_FIFO,50,1.0000,632,1.0334
rt,dlp,SCHED_FIFO,50,1.0000,633,1.0122
rt,dlp,SCHED_FIFO,50,1.0000,634,1.0312
rt,dlp,SCHED_FIFO,50,1.0000,635,1.0326
rt,dlp,SCHED_FIFO,50,1.0000,636,1.0130
rt,dlp,SCHED_FIFO,50,1.0000,637,1.0230
rt,dlp,SCHED_FIFO,50,1.0000,638,1.0441
rt,dlp,SCHED_FIFO,50,1.0000,639,1.0334
rt,dlp,SCHED_FIFO,50,1.0000,640,1.0226
rt,dlp,SCHED_FIFO,50,1.0000,641,1.0333
rt,dlp,SCHED_FIFO,50,1.0000,642,1.0230
rt,dlp,SCHED_FIFO,50,1.0000,643,1.0422
rt,dlp,SCHED_FIFO,50,1.0000,644,1.0402
rt,dlp,SCHED_FIFO,50,1.0000,645,1.0346
rt,dlp,SCHED_FIFO,50,1.0000,646,1.0436
rt,dlp,SCHED_FIFO,50,1.0000,647,1.0333
rt,dlp,SCHED_FIFO,50,1.0000,648,1.0228
rt,dlp,SCHED_FIFO,50,1.0000,649,1.0323
rt,dlp,SCHED_FIFO,50,1.0000,650,0.9956
rt,dlp,SCHED_FIFO,50,1.0000,651,1.0443
rt,dlp,SCHED_FIFO,50,1.0000,652,1.0233
rt,dlp,SCHED_FIFO,50,1.0000,653,1.0360
rt,dlp,SCHED_FIFO,50,1.0000,654,1.0458
rt,dlp,SCHED_FIFO,50,1.0000,655,1.1111
rt,dlp,SCHED_FIFO,50,1.0000,656,0.9946
rt,dlp,SCHED_FIFO,50,1.0000,657,1.0432
rt,dlp,SCHED_FIFO,50,1.0000,658,1.0427
rt,dlp,SCHED_FIFO,50,1.0000,659,1.0233
rt,dlp,SCHED_FIFO,50,1.0000,660,1.0319
rt,dlp,SCHED_FIFO,50,1.0000,661,1.0267
rt,dlp,SCHED_FIFO,50,1.0000,662,1.0334
rt,dlp,SCHED_FIFO,50,1.0000,663,1.0330
rt,dlp,SCHED_FIFO,50,1.0000,664,1.0220
rt,dlp,SCHED_FIFO,50,1.0000,665,1.0516
rt,dlp,SCHED_FIFO,50,1.0000,666,1.0420
rt,dlp,SCHED_FIFO,50,1.0000,667,1.0446
rt,dlp,SCHED_FIFO,50,1.0000,668,1.0322
rt,dlp,SCHED_FIFO,50,1.0000,669,1.0411
rt,dlp,SCHED_FIFO,50,1.0000,670,1.0254
rt,dlp,SCHED_FIFO,50,1.0000,671,1.0427
rt,dlp,SCHED_FIFO,50,1.0000,672,1.0368
rt,dlp,SCHED_FIFO,50,1.0000,673,0.9942
rt,dlp,SCHED_FIFO,50,1.0000,674,1.0412
rt,dlp,SCHED_FIFO,50,1.0000,675,1.0271
rt,dlp,SCHED_FIFO,50,1.0000,676,1.0248
rt,dlp,SCHED_FIFO,50,1.0000,677,1.0178
rt,dlp,SCHED_FIFO,50,1.0000,678,1.0152
rt,dlp,SCHED_FIFO,50,1.0000,679,1.0355
rt,dlp,SCHED_FIFO,50,1.0000,680,1.0335
rt,dlp,SCHED_FIFO,50,1.0000,681,1.0446
rt,dlp,SCHED_FIFO,50,1.0000,682,1.0225
rt,dlp,SCHED_FIFO,50,1.0000,683,1.0445
rt,dlp,SCHED_FIFO,50,1.0000,684,1.0233
rt,dlp,SCHED_FIFO,50,1.0000,685,1.0250
rt,dlp,SCHED_FIFO,50,1.0000,686,1.0451
rt,dlp,SCHED_FIFO,50,1.0000,687,1.0152
rt,dlp,SCHED_FIFO,50,1.0000,688,1.0436
rt,dlp,SCHED_FIFO,50,1.0000,689,1.0413
rt,dlp,SCHED_FIFO,50,1.0000,690,1.0343
rt,dlp,SCHED_FIFO,50,1.0000,691,1.0340
rt,dlp,SCHED_FIFO,50,1.0000,692,1.0473
rt,dlp,SCHED_FIFO,50,1.0000,693,1.0167
rt,dlp,SCHED_FIFO,50,1.0000,694,1.0215
rt,dlp,SCHED_FIFO,50,1.0000,695,1.0083
rt,dlp,SCHED_FIFO,50,1.0000,696,1.0163
rt,dlp,SCHED_FIFO,50,1.0000,697,1.0344
rt,dlp,SCHED_FIFO,50,1.0000,698,1.0422
rt,dlp,SCHED_FIFO,50,1.0000,699,1.0322
rt,dlp,SCHED_FIFO,50,1.0000,700,1.0424
rt,dlp,SCHED_FIFO,50,1.0000,701,1.0317
rt,dlp,SCHED_FIFO,50,1.0000,702,1.0068
rt,dlp,SCHED_FIFO,50,1.0000,703,1.0143
rt,dlp,SCHED_FIFO,50,1.0000,704,1.0441
rt,dlp,SCHED_FIFO,50,1.0000,705,1.0432
rt,dlp,SCHED_FIFO,50,1.0000,706,1.0425
rt,dlp,SCHED_FIFO,50,1.0000,707,1.0336
rt,dlp,SCHED_FIFO,50,1.0000,708,1.0412
rt,dlp,SCHED_FIFO,50,1.0000,709,1.0161
rt,dlp,SCHED_FIFO,50,1.0000,710,1.0128
rt,dlp,SCHED_FIFO,50,1.0000,711,1.0367
rt,dlp,SCHED_FIFO,50,1.0000,712,1.0427
rt,dlp,SCHED_FIFO,50,1.0000,713,1.0230
rt,dlp,SCHED_FIFO,50,1.0000,714,1.0419
rt,dlp,SCHED_FIFO,50,1.0000,715,1.0359
rt,dlp,SCHED_FIFO,50,1.0000,716,1.0259
rt,dlp,SCHED_FIFO,50,1.0000,717,1.0443
rt,dlp,SCHED_FIFO,50,1.0000,718,1.0333
rt,dlp,SCHED_FIFO,50,1.0000,719,1.0248
rt,dlp,SCHED_FIFO,50,1.0000,720,1.0424
rt,dlp,SCHED_FIFO,50,1.0000,721,1.0326
rt,dlp,SCHED_FIFO,50,1.0000,722,1.0420
rt,dlp,SCHED_FIFO,50,1.0000,723,1.0250
rt,dlp,SCHED_FIFO,50,1.0000,724,1.0338
rt,dlp,SCHED_FIFO,50,1.0000,725,1.0334
rt,dlp,SCHED_FIFO,50,1.0000,726,1.0253
rt,dlp,SCHED_FIFO,50,1.0000,727,1.0348
rt,dlp,SCHED_FIFO,50,1.0000,728,1.0162
rt,dlp,SCHED_FIFO,50,1.0000,729,1.0128
rt,dlp,SCHED_FIFO,50,1.0000,730,1.0119
rt,dlp,SCHED_FIFO,50,1.0000,731,1.0356
rt,dlp,SCHED_FIFO,50,1.0000,732,1.0337
rt,dlp,SCHED_FIFO,50,1.0000,733,1.0139
rt,dlp,SCHED_FIFO,50,1.0000,734,1.0438
rt,dlp,SCHED_FIFO,50,1.0000,735,1.0521
rt,dlp,SCHED_FIFO,50,1.0000,736,1.0443
rt,dlp,SCHED_FIFO,50,1.0000,737,1.0518
rt,dlp,SCHED_FIFO,50,1.0000,738,1.0410
rt,dlp,SCHED_FIFO,50,1.0000,739,1.0428
rt,dlp,SCHED_FIFO,50,1.0000,740,1.0333
rt,dlp,SCHED_FIFO,50,1.0000,741,1.0348
rt,dlp,SCHED_FIFO,50,1.0000,742,1.0244
rt,dlp,SCHED_FIFO,50,1.0000,743,1.0422
rt,dlp,SCHED_FIFO,50,1.0000,744,1.0354
rt,dlp,SCHED_FIFO,50,1.0000,745,1.0139
rt,dlp,SCHED_FIFO,50,1.0000,746,1.0429
rt,dlp,SCHED_FIFO,50,1.0000,747,1.0157
rt,dlp,SCHED_FIFO,50,1.0000,748,1.0454
rt,dlp,SCHED_FIFO,50,1.0000,749,1.0226
rt,dlp,SCHED_FIFO,50,1.0000,750,1.0411
rt,dlp,SCHED_FIFO,50,1.0000,751,0.9964
rt,dlp,SCHED_FIFO,50,1.0000,752,1.0329
rt,dlp,SCHED_FIFO,50,1.0000,753,1.0420
rt,dlp,SCHED_FIFO,50,1.0000,754,1.0653
rt,dlp,SCHED_FIFO,50,1.0000,755,1.0336
rt,dlp,SCHED_FIFO,50,1.0000,756,1.0153
rt,dlp,SCHED_FIFO,50,1.0000,757,1.0143
rt,dlp,SCHED_FIFO,50,1.0000,758,1.0455
rt,dlp,SCHED_FIFO,50,1.0000,759,1.0348
rt,dlp,SCHED_FIFO,50,1.0000,760,1.1012
rt,dlp,SCHED_FIFO,50,1.0000,761,1.0127
rt,dlp,SCHED_FIFO,50,1.0000,762,1.0360
rt,dlp,SCHED_FIFO,50,1.0000,763,1.0237
rt,dlp,SCHED_FIFO,50,1.0000,764,1.0342
rt,dlp,SCHED_FIFO,50,1.0000,765,1.0138
rt,dlp,SCHED_FIFO,50,1.0000,766,1.0322
rt,dlp,SCHED_FIFO,50,1.0000,767,1.0366
rt,dlp,SCHED_FIFO,50,1.0000,768,1.0416
rt,dlp,SCHED_FIFO,50,1.0000,769,1.0427
rt,dlp,SCHED_FIFO,50,1.0000,770,1.0228
rt,dlp,SCHED_FIFO,50,1.0000,771,1.0449
rt,dlp,SCHED_FIFO,50,1.0000,772,1.0310
rt,dlp,SCHED_FIFO,50,1.0000,773,1.0357
rt,dlp,SCHED_FIFO,50,1.0000,774,1.0428
rt,dlp,SCHED_FIFO,50,1.0000,775,1.0129
rt,dlp,SCHED_FIFO,50,1.0000,776,1.0333
rt,dlp,SCHED_FIFO,50,1.0000,777,1.0224
rt,dlp,SCHED_FIFO,50,1.0000,778,1.0246
rt,dlp,SCHED_FIFO,50,1.0000,779,1.0329
rt,dlp,SCHED_FIFO,50,1.0000,780,1.0329
rt,dlp,SCHED_FIFO,50,1.0000,781,1.0354
rt,dlp,SCHED_FIFO,50,1.0000,782,1.0330
rt,dlp,SCHED_FIFO,50,1.0000,783,1.0164
rt,dlp,SCHED_FIFO,50,1.0000,784,1.0336
rt,dlp,SCHED_FIFO,50,1.0000,785,1.0254
rt,dlp,SCHED_FIFO,50,1.0000,786,1.0057
rt,dlp,SCHED_FIFO,50,1.0000,787,1.0458
rt,dlp,SCHED_FIFO,50,1.0000,788,1.0447
rt,dlp,SCHED_FIFO,50,1.0000,789,1.0324
rt,dlp,SCHED_FIFO,50,1.0000,790,1.0257
rt,dlp,SCHED_FIFO,50,1.0000,791,1.0354
rt,dlp,SCHED_FIFO,50,1.0000,792,1.0353
rt,dlp,SCHED_FIFO,50,1.0000,793,1.0226
rt,dlp,SCHED_FIFO,50,1.0000,794,1.0337
rt,dlp,SCHED_FIFO,50,1.0000,795,1.0320
rt,dlp,SCHED_FIFO,50,1.0000,796,1.0352
rt,dlp,SCHED_FIFO,50,1.0000,797,1.0335
rt,dlp,SCHED_FIFO,50,1.0000,798,1.0151
rt,dlp,SCHED_FIFO,50,1.0000,799,1.0355
rt,dlp,SCHED_FIFO,50,1.0000,800,1.0253
rt,dlp,SCHED_FIFO,50,1.0000,801,1.0444
rt,dlp,SCHED_FIFO,50,1.0000,802,1.0337
rt,dlp,SCHED_FIFO,50,1.0000,803,1.0335
rt,dlp,SCHED_FIFO,50,1.0000,804,1.0421
rt,dlp,SCHED_FIFO,50,1.0000,805,1.0233
rt,dlp,SCHED_FIFO,50,1.0000,806,1.0437
rt,dlp,SCHED_FIFO,50,1.0000,807,1.0459
rt,dlp,SCHED_FIFO,50,1.0000,808,1.0458
rt,dlp,SCHED_FIFO,50,1.0000,809,1.0323
rt,dlp,SCHED_FIFO,50,1.0000,810,1.0329
rt,dlp,SCHED_FIFO,50,1.0000,811,1.0317
rt,dlp,SCHED_FIFO,50,1.0000,812,1.0839
rt,dlp,SCHED_FIFO,50,1.0000,813,1.0123
rt,dlp,SCHED_FIFO,50,1.0000,814,1.0240
rt,dlp,SCHED_FIFO,50,1.0000,815,1.0452
rt,dlp,SCHED_FIFO,50,1.0000,816,1.0431
rt,dlp,SCHED_FIFO,50,1.0000,817,1.0317
rt,dlp,SCHED_FIFO,50,1.0000,818,1.0255
rt,dlp,SCHED_FIFO,50,1.0000,819,1.0239
rt,dlp,SCHED_FIFO,50,1.0000,820,1.0416
rt,dlp,SCHED_FIFO,50,1.0000,821,1.0329
rt,dlp,SCHED_FIFO,50,1.0000,822,0.9954
rt,dlp,SCHED_FIFO,50,1.0000,823,1.0343
rt,dlp,SCHED_FIFO,50,1.0000,824,1.0426
rt,dlp,SCHED_FIFO,50,1.0000,825,1.0321
rt,dlp,SCHED_FIFO,50,1.0000,826,1.0327
rt,dlp,SCHED_FIFO,50,1.0000,827,1.0350
rt,dlp,SCHED_FIFO,50,1.0000,828,1.0336
rt,dlp,SCHED_FIFO,50,1.0000,829,1.0150
rt,dlp,SCHED_FIFO,50,1.0000,830,1.0230
rt,dlp,SCHED_FIFO,50,1.0000,831,1.0442
rt,dlp,SCHED_FIFO,50,1.0000,832,1.0347
rt,dlp,SCHED_FIFO,50,1.0000,833,1.0275
rt,dlp,SCHED_FIFO,50,1.0000,834,1.0269
rt,dlp,SCHED_FIFO,50,1.0000,835,1.0329
rt,dlp,SCHED_FIFO,50,1.0000,836,1.0361
rt,dlp,SCHED_FIFO,50,1.0000,837,1.0337
rt,dlp,SCHED_FIFO,50,1.0000,838,1.0348
rt,dlp,SCHED_FIFO,50,1.0000,839,1.0335
rt,dlp,SCHED_FIFO,50,1.0000,840,1.0121
rt,dlp,SCHED_FIFO,50,1.0000,841,1.0151
rt,dlp,SCHED_FIFO,50,1.0000,842,1.0237
rt,dlp,SCHED_FIFO,50,1.0000,843,1.0421
rt,dlp,SCHED_FIFO,50,1.0000,844,1.0342
rt,dlp,SCHED_FIFO,50,1.0000,845,1.0137
rt,dlp,SCHED_FIFO,50,1.0000,846,1.0321
rt,dlp,SCHED_FIFO,50,1.0000,847,1.0522
rt,dlp,SCHED_FIFO,50,1.0000,848,1.0333
rt,dlp,SCHED_FIFO,50,1.0000,849,1.0417
rt,dlp,SCHED_FIFO,50,1.0000,850,1.0234
rt,dlp,SCHED_FIFO,50,1.0000,851,1.0439
rt,dlp,SCHED_FIFO,50,1.0000,852,1.0327
rt,dlp,SCHED_FIFO,50,1.0000,853,1.0430
rt,dlp,SCHED_FIFO,50,1.0000,854,1.0231
rt,dlp,SCHED_FIFO,50,1.0000,855,1.0467
rt,dlp,SCHED_FIFO,50,1.0000,856,1.0249
rt,dlp,SCHED_FIFO,50,1.0000,857,1.0226
rt,dlp,SCHED_FIFO,50,1.0000,858,1.0335
rt,dlp,SCHED_FIFO,50,1.0000,859,1.0448
rt,dlp,SCHED_FIFO,50,1.0000,860,1.0047
rt,dlp,SCHED_FIFO,50,1.0000,861,1.0213
rt,dlp,SCHED_FIFO,50,1.0000,862,1.0452
rt,dlp,SCHED_FIFO,50,1.0000,863,1.0258
rt,dlp,SCHED_FIFO,50,1.0000,864,1.0432
rt,dlp,SCHED_FIFO,50,1.0000,865,1.0325
rt,dlp,SCHED_FIFO,50,1.0000,866,1.0348
rt,dlp,SCHED_FIFO,50,1.0000,867,1.0223
rt,dlp,SCHED_FIFO,50,1.0000,868,1.0420
rt,dlp,SCHED_FIFO,50,1.0000,869,1.0724
rt,dlp,SCHED_FIFO,50,1.0000,870,1.0428
rt,dlp,SCHED_FIFO,50,1.0000,871,1.0334
rt,dlp,SCHED_FIFO,50,1.0000,872,1.0455
rt,dlp,SCHED_FIFO,50,1.0000,873,1.0240
rt,dlp,SCHED_FIFO,50,1.0000,874,1.0430
rt,dlp,SCHED_FIFO,50,1.0000,875,1.0132
rt,dlp,SCHED_FIFO,50,1.0000,876,1.0341
rt,dlp,SCHED_FIFO,50,1.0000,877,1.0164
rt,dlp,SCHED_FIFO,50,1.0000,878,1.0253
rt,dlp,SCHED_FIFO,50,1.0000,879,1.0139
rt,dlp,SCHED_FIFO,50,1.0000,880,1.0315
rt,dlp,SCHED_FIFO,50,1.0000,881,1.1121
rt,dlp,SCHED_FIFO,50,1.0000,882,1.0045
rt,dlp,SCHED_FIFO,50,1.0000,883,0.9963
rt,dlp,SCHED_FIFO,50,1.0000,884,1.0429
rt,dlp,SCHED_FIFO,50,1.0000,885,1.0347
rt,dlp,SCHED_FIFO,50,1.0000,886,1.0431
rt,dlp,SCHED_FIFO,50,1.0000,887,1.0218
rt,dlp,SCHED_FIFO,50,1.0000,888,1.0363
rt,dlp,SCHED_FIFO,50,1.0000,889,1.0353
rt,dlp,SCHED_FIFO,50,1.0000,890,0.9928
rt,dlp,SCHED_FIFO,50,1.0000,891,1.0160
rt,dlp,SCHED_FIFO,50,1.0000,892,1.0269
rt,dlp,SCHED_FIFO,50,1.0000,893,1.0110
rt,dlp,SCHED_FIFO,50,1.0000,894,1.0340
rt,dlp,SCHED_FIFO,50,1.0000,895,1.0223
rt,dlp,SCHED_FIFO,50,1.0000,896,1.0132
rt,dlp,SCHED_FIFO,50,1.0000,897,1.0156
rt,dlp,SCHED_FIFO,50,1.0000,898,1.0123
rt,dlp,SCHED_FIFO,50,1.0000,899,1.0234
rt,dlp,SCHED_FIFO,50,1.0000,900,1.0322
rt,dlp,SCHED_FIFO,50,1.0000,901,1.0375
rt,dlp,SCHED_FIFO,50,1.0000,902,1.0323
rt,dlp,SCHED_FIFO,50,1.0000,903,1.0251
rt,dlp,SCHED_FIFO,50,1.0000,904,1.0401
rt,dlp,SCHED_FIFO,50,1.0000,905,1.0147
rt,dlp,SCHED_FIFO,50,1.0000,906,1.0339
rt,dlp,SCHED_FIFO,50,1.0000,907,1.0252
rt,dlp,SCHED_FIFO,50,1.0000,908,1.0064
rt,dlp,SCHED_FIFO,50,1.0000,909,1.0119
rt,dlp,SCHED_FIFO,50,1.0000,910,1.0401
rt,dlp,SCHED_FIFO,50,1.0000,911,1.0418
rt,dlp,SCHED_FIFO,50,1.0000,912,1.0347
rt,dlp,SCHED_FIFO,50,1.0000,913,1.0418
rt,dlp,SCHED_FIFO,50,1.0000,914,1.0232
rt,dlp,SCHED_FIFO,50,1.0000,915,0.9930
rt,dlp,SCHED_FIFO,50,1.0000,916,1.0327
rt,dlp,SCHED_FIFO,50,1.0000,917,1.0440
rt,dlp,SCHED_FIFO,50,1.0000,918,1.0434
rt,dlp,SCHED_FIFO,50,1.0000,919,1.0387
rt,dlp,SCHED_FIFO,50,1.0000,920,1.0368
rt,dlp,SCHED_FIFO,50,1.0000,921,1.0216
rt,dlp,SCHED_FIFO,50,1.0000,922,1.0341
rt,dlp,SCHED_FIFO,50,1.0000,923,1.0349
rt,dlp,SCHED_FIFO,50,1.0000,924,1.0262
rt,dlp,SCHED_FIFO,50,1.0000,925,1.0221
rt,dlp,SCHED_FIFO,50,1.0000,926,1.0354
rt,dlp,SCHED_FIFO,50,1.0000,927,1.0236
rt,dlp,SCHED_FIFO,50,1.0000,928,1.0428
rt,dlp,SCHED_FIFO,50,1.0000,929,1.0349
rt,dlp,SCHED_FIFO,50,1.0000,930,0.9958
rt,dlp,SCHED_FIFO,50,1.0000,931,1.0239
rt,dlp,SCHED_FIFO,50,1.0000,932,1.0438
rt,dlp,SCHED_FIFO,50,1.0000,933,1.0240
rt,dlp,SCHED_FIFO,50,1.0000,934,1.0363
rt,dlp,SCHED_FIFO,50,1.0000,935,1.0342
rt,dlp,SCHED_FIFO,50,1.0000,936,1.0336
rt,dlp,SCHED_FIFO,50,1.0000,937,1.0445
rt,dlp,SCHED_FIFO,50,1.0000,938,1.0303
rt,dlp,SCHED_FIFO,50,1.0000,939,1.0036
rt,dlp,SCHED_FIFO,50,1.0000,940,1.0357
rt,dlp,SCHED_FIFO,50,1.0000,941,1.0321
rt,dlp,SCHED_FIFO,50,1.0000,942,1.0468
rt,dlp,SCHED_FIFO,50,1.0000,943,1.0375
rt,dlp,SCHED_FIFO,50,1.0000,944,1.0356
rt,dlp,SCHED_FIFO,50,1.0000,945,1.0330
rt,dlp,SCHED_FIFO,50,1.0000,946,1.0330
rt,dlp,SCHED_FIFO,50,1.0000,947,1.0346
rt,dlp,SCHED_FIFO,50,1.0000,948,1.0354
rt,dlp,SCHED_FIFO,50,1.0000,949,1.0065
rt,dlp,SCHED_FIFO,50,1.0000,950,1.0336
rt,dlp,SCHED_FIFO,50,1.0000,951,1.0270
rt,dlp,SCHED_FIFO,50,1.0000,952,1.0439
rt,dlp,SCHED_FIFO,50,1.0000,953,1.0416
rt,dlp,SCHED_FIFO,50,1.0000,954,1.0346
rt,dlp,SCHED_FIFO,50,1.0000,955,1.0369
rt,dlp,SCHED_FIFO,50,1.0000,956,1.0504
rt,dlp,SCHED_FIFO,50,1.0000,957,1.0327
rt,dlp,SCHED_FIFO,50,1.0000,958,1.0146
rt,dlp,SCHED_FIFO,50,1.0000,959,1.0215
rt,dlp,SCHED_FIFO,50,1.0000,960,1.0439
rt,dlp,SCHED_FIFO,50,1.0000,961,1.0246
rt,dlp,SCHED_FIFO,50,1.0000,962,1.0261
rt,dlp,SCHED_FIFO,50,1.0000,963,1.0229
rt,dlp,SCHED_FIFO,50,1.0000,964,1.0419
rt,dlp,SCHED_FIFO,50,1.0000,965,1.0326
rt,dlp,SCHED_FIFO,50,1.0000,966,1.0257
rt,dlp,SCHED_FIFO,50,1.0000,967,1.0271
rt,dlp,SCHED_FIFO,50,1.0000,968,1.0240
rt,dlp,SCHED_FIFO,50,1.0000,969,1.0233
rt,dlp,SCHED_FIFO,50,1.0000,970,1.0330
rt,dlp,SCHED_FIFO,50,1.0000,971,1.0333
rt,dlp,SCHED_FIFO,50,1.0000,972,0.9935
rt,dlp,SCHED_FIFO,50,1.0000,973,1.0055
rt,dlp,SCHED_FIFO,50,1.0000,974,1.0270
rt,dlp,SCHED_FIFO,50,1.0000,975,1.0430
rt,dlp,SCHED_FIFO,50,1.0000,976,1.0255
rt,dlp,SCHED_FIFO,50,1.0000,977,1.0435
rt,dlp,SCHED_FIFO,50,1.0000,978,1.0438
rt,dlp,SCHED_FIFO,50,1.0000,979,1.0820
rt,dlp,SCHED_FIFO,50,1.0000,980,0.9966
rt,dlp,SCHED_FIFO,50,1.0000,981,1.0323
rt,dlp,SCHED_FIFO,50,1.0000,982,1.0324
rt,dlp,SCHED_FIFO,50,1.0000,983,1.0324
rt,dlp,SCHED_FIFO,50,1.0000,984,1.0337
rt,dlp,SCHED_FIFO,50,1.0000,985,1.0344
rt,dlp,SCHED_FIFO,50,1.0000,986,1.0231
rt,dlp,SCHED_FIFO,50,1.0000,987,1.0010
rt,dlp,SCHED_FIFO,50,1.0000,988,1.0342
rt,dlp,SCHED_FIFO,50,1.0000,989,1.0443
rt,dlp,SCHED_FIFO,50,1.0000,990,1.0326
rt,dlp,SCHED_FIFO,50,1.0000,991,1.0426
rt,dlp,SCHED_FIFO,50,1.0000,992,1.0464
rt,dlp,SCHED_FIFO,50,1.0000,993,1.0361
rt,dlp,SCHED_FIFO,50,1.0000,994,1.0354
rt,dlp,SCHED_FIFO,50,1.0000,995,1.0221
rt,dlp,SCHED_FIFO,50,1.0000,996,1.0230
rt,dlp,SCHED_FIFO,50,1.0000,997,1.0321
rt,dlp,SCHED_FIFO,50,1.0000,998,1.0469
rt,dlp,SCHED_FIFO,50,1.0000,999,1.0457
rt,dlp,SCHED_FIFO,50,2.0000,0,2.0618
rt,dlp,SCHED_FIFO,50,2.0000,1,2.0452
rt,dlp,SCHED_FIFO,50,2.0000,2,2.0273
rt,dlp,SCHED_FIFO,50,2.0000,3,2.0504
rt,dlp,SCHED_FIFO,50,2.0000,4,2.0511
rt,dlp,SCHED_FIFO,50,2.0000,5,2.0407
rt,dlp,SCHED_FIFO,50,2.0000,6,2.0328
rt,dlp,SCHED_FIFO,50,2.0000,7,2.0361
rt,dlp,SCHED_FIFO,50,2.0000,8,2.0297
rt,dlp,SCHED_FIFO,50,2.0000,9,2.0331
rt,dlp,SCHED_FIFO,50,2.0000,10,2.0356
rt,dlp,SCHED_FIFO,50,2.0000,11,2.0341
rt,dlp,SCHED_FIFO,50,2.0000,12,2.0374
rt,dlp,SCHED_FIFO,50,2.0000,13,2.0359
rt,dlp,SCHED_FIFO,50,2.0000,14,2.0329
rt,dlp,SCHED_FIFO,50,2.0000,15,2.0352
rt,dlp,SCHED_FIFO,50,2.0000,16,2.0327
rt,dlp,SCHED_FIFO,50,2.0000,17,2.0375
rt,dlp,SCHED_FIFO,50,2.0000,18,2.0144
rt,dlp,SCHED_FIFO,50,2.0000,19,2.0362
rt,dlp,SCHED_FIFO,50,2.0000,20,2.0192
rt,dlp,SCHED_FIFO,50,2.0000,21,2.0368
rt,dlp,SCHED_FIFO,50,2.0000,22,2.0402
rt,dlp,SCHED_FIFO,50,2.0000,23,2.0409
rt,dlp,SCHED_FIFO,50,2.0000,24,2.0206
rt,dlp,SCHED_FIFO,50,2.0000,25,2.0370
rt,dlp,SCHED_FIFO,50,2.0000,26,2.0251
rt,dlp,SCHED_FIFO,50,2.0000,27,2.0312
rt,dlp,SCHED_FIFO,50,2.0000,28,2.0334
rt,dlp,SCHED_FIFO,50,2.0000,29,1.9961
rt,dlp,SCHED_FIFO,50,2.0000,30,2.0332
rt,dlp,SCHED_FIFO,50,2.0000,31,2.0333
rt,dlp,SCHED_FIFO,50,2.0000,32,2.0251
rt,dlp,SCHED_FIFO,50,2.0000,33,2.0224
rt,dlp,SCHED_FIFO,50,2.0000,34,2.0346
rt,dlp,SCHED_FIFO,50,2.0000,35,2.0235
rt,dlp,SCHED_FIFO,50,2.0000,36,2.0220
rt,dlp,SCHED_FIFO,50,2.0000,37,2.0163
rt,dlp,SCHED_FIFO,50,2.0000,38,2.0216
rt,dlp,SCHED_FIFO,50,2.0000,39,2.0462
rt,dlp,SCHED_FIFO,50,2.0000,40,2.0026
rt,dlp,SCHED_FIFO,50,2.0000,41,2.0314
rt,dlp,SCHED_FIFO,50,2.0000,42,2.0364
rt,dlp,SCHED_FIFO,50,2.0000,43,2.0416
rt,dlp,SCHED_FIFO,50,2.0000,44,2.0391
rt,dlp,SCHED_FIFO,50,2.0000,45,2.0134
rt,dlp,SCHED_FIFO,50,2.0000,46,2.0370
rt,dlp,SCHED_FIFO,50,2.0000,47,2.0360
rt,dlp,SCHED_FIFO,50,2.0000,48,2.0146
rt,dlp,SCHED_FIFO,50,2.0000,49,2.0324
rt,dlp,SCHED_FIFO,50,2.0000,50,2.0193
rt,dlp,SCHED_FIFO,50,2.0000,51,2.0423
rt,dlp,SCHED_FIFO,50,2.0000,52,2.0032
rt,dlp,SCHED_FIFO,50,2.0000,53,2.0443
rt,dlp,SCHED_FIFO,50,2.0000,54,2.0418
rt,dlp,SCHED_FIFO,50,2.0000,55,2.0402
rt,dlp,SCHED_FIFO,50,2.0000,56,2.0376
rt,dlp,SCHED_FIFO,50,2.0000,57,2.0340
rt,dlp,SCHED_FIFO,50,2.0000,58,2.0340
rt,dlp,SCHED_FIFO,50,2.0000,59,1.9949
rt,dlp,SCHED_FIFO,50,2.0000,60,2.0315
rt,dlp,SCHED_FIFO,50,2.0000,61,2.0412
rt,dlp,SCHED_FIFO,50,2.0000,62,2.0175
rt,dlp,SCHED_FIFO,50,2.0000,63,2.0165
rt,dlp,SCHED_FIFO,50,2.0000,64,2.0450
rt,dlp,SCHED_FIFO,50,2.0000,65,2.0326
rt,dlp,SCHED_FIFO,50,2.0000,66,2.0901
rt,dlp,SCHED_FIFO,50,2.0000,67,2.0335
rt,dlp,SCHED_FIFO,50,2.0000,68,2.0427
rt,dlp,SCHED_FIFO,50,2.0000,69,2.0339
rt,dlp,SCHED_FIFO,50,2.0000,70,2.0279
rt,dlp,SCHED_FIFO,50,2.0000,71,2.0391
rt,dlp,SCHED_FIFO,50,2.0000,72,2.0265
rt,dlp,SCHED_FIFO,50,2.0000,73,2.0336
rt,dlp,SCHED_FIFO,50,2.0000,74,2.0055
rt,dlp,SCHED_FIFO,50,2.0000,75,2.0208
rt,dlp,SCHED_FIFO,50,2.0000,76,2.0170
rt,dlp,SCHED_FIFO,50,2.0000,77,2.0413
rt,dlp,SCHED_FIFO,50,2.0000,78,2.0243
rt,dlp,SCHED_FIFO,50,2.0000,79,2.0364
rt,dlp,SCHED_FIFO,50,2.0000,80,2.0429
rt,dlp,SCHED_FIFO,50,2.0000,81,2.1021
rt,dlp,SCHED_FIFO,50,2.0000,82,2.0231
rt,dlp,SCHED_FIFO,50,2.0000,83,2.0321
rt,dlp,SCHED_FIFO,50,2.0000,84,2.0331
rt,dlp,SCHED_FIFO,50,2.0000,85,2.0409
rt,dlp,SCHED_FIFO,50,2.0000,86,2.0299
rt,dlp,SCHED_FIFO,50,2.0000,87,2.0332
rt,dlp,SCHED_FIFO,50,2.0000,88,2.0261
rt,dlp,SCHED_FIFO,50,2.0000,89,2.0267
rt,dlp,SCHED_FIFO,50,2.0000,90,2.0342
rt,dlp,SCHED_FIFO,50,2.0000,91,2.0413
rt,dlp,SCHED_FIFO,50,2.0000,92,2.0313
rt,dlp,SCHED_FIFO,50,2.0000,93,1.9972
rt,dlp,SCHED_FIFO,50,2.0000,94,2.0130
rt,dlp,SCHED_FIFO,50,2.0000,95,2.0330
rt,dlp,SCHED_FIFO,50,2.0000,96,2.0312
rt,dlp,SCHED_FIFO,50,2.0000,97,2.0223
rt,dlp,SCHED_FIFO,50,2.0000,98,2.0320
rt,dlp,SCHED_FIFO,50,2.0000,99,2.0341
rt,dlp,SCHED_FIFO,50,2.0000,100,2.0431
rt,dlp,SCHED_FIFO,50,2.0000,101,2.0392
rt,dlp,SCHED_FIFO,50,2.0000,102,2.0339
rt,dlp,SCHED_FIFO,50,2.0000,103,2.0317
rt,dlp,SCHED_FIFO,50,2.0000,104,2.0614
rt,dlp,SCHED_FIFO,50,2.0000,105,2.0341
rt,dlp,SCHED_FIFO,50,2.0000,106,2.0311
rt,dlp,SCHED_FIFO,50,2.0000,107,2.0356
rt,dlp,SCHED_FIFO,50,2.0000,108,2.0464
rt,dlp,SCHED_FIFO,50,2.0000,109,2.1198
rt,dlp,SCHED_FIFO,50,2.0000,110,1.9967
rt,dlp,SCHED_FIFO,50,2.0000,111,2.0414
rt,dlp,SCHED_FIFO,50,2.0000,112,2.0299
rt,dlp,SCHED_FIFO,50,2.0000,113,2.0408
rt,dlp,SCHED_FIFO,50,2.0000,114,2.0347
rt,dlp,SCHED_FIFO,50,2.0000,115,2.0493
rt,dlp,SCHED_FIFO,50,2.0000,116,2.0268
rt,dlp,SCHED_FIFO,50,2.0000,117,2.0459
rt,dlp,SCHED_FIFO,50,2.0000,118,2.0267
rt,dlp,SCHED_FIFO,50,2.0000,119,2.0528
rt,dlp,SCHED_FIFO,50,2.0000,120,2.0471
rt,dlp,SCHED_FIFO,50,2.0000,121,2.0575
rt,dlp,SCHED_FIFO,50,2.0000,122,2.1224
rt,dlp,SCHED_FIFO,50,2.0000,123,2.0343
rt,dlp,SCHED_FIFO,50,2.0000,124,2.0425
rt,dlp,SCHED_FIFO,50,2.0000,125,2.0419
rt,dlp,SCHED_FIFO,50,2.0000,126,2.0470
rt,dlp,SCHED_FIFO,50,2.0000,127,2.0413
rt,dlp,SCHED_FIFO,50,2.0000,128,2.0279
rt,dlp,SCHED_FIFO,50,2.0000,129,2.0356
rt,dlp,SCHED_FIFO,50,2.0000,130,2.0420
rt,dlp,SCHED_FIFO,50,2.0000,131,2.0506
rt,dlp,SCHED_FIFO,50,2.0000,132,2.0316
rt,dlp,SCHED_FIFO,50,2.0000,133,2.0437
rt,dlp,SCHED_FIFO,50,2.0000,134,2.0312
rt,dlp,SCHED_FIFO,50,2.0000,135,2.0364
rt,dlp,SCHED_FIFO,50,2.0000,136,2.0324
rt,dlp,SCHED_FIFO,50,2.0000,137,2.0250
rt,dlp,SCHED_FIFO,50,2.0000,138,2.0300
rt,dlp,SCHED_FIFO,50,2.0000,139,2.0290
rt,dlp,SCHED_FIFO,50,2.0000,140,2.0416
rt,dlp,SCHED_FIFO,50,2.0000,141,2.0061
rt,dlp,SCHED_FIFO,50,2.0000,142,2.0236
rt,dlp,SCHED_FIFO,50,2.0000,143,2.0147
rt,dlp,SCHED_FIFO,50,2.0000,144,2.0306
rt,dlp,SCHED_FIFO,50,2.0000,145,2.0211
rt,dlp,SCHED_FIFO,50,2.0000,146,2.0170
rt,dlp,SCHED_FIFO,50,2.0000,147,2.0342
rt,dlp,SCHED_FIFO,50,2.0000,148,2.0279
rt,dlp,SCHED_FIFO,50,2.0000,149,2.0227
rt,dlp,SCHED_FIFO,50,2.0000,150,2.0455
rt,dlp,SCHED_FIFO,50,2.0000,151,2.0222
rt,dlp,SCHED_FIFO,50,2.0000,152,2.0220
rt,dlp,SCHED_FIFO,50,2.0000,153,2.0423
rt,dlp,SCHED_FIFO,50,2.0000,154,2.0365
rt,dlp,SCHED_FIFO,50,2.0000,155,2.0324
rt,dlp,SCHED_FIFO,50,2.0000,156,2.0432
rt,dlp,SCHED_FIFO,50,2.0000,157,2.0299
rt,dlp,SCHED_FIFO,50,2.0000,158,2.0429
rt,dlp,SCHED_FIFO,50,2.0000,159,2.0303
rt,dlp,SCHED_FIFO,50,2.0000,160,2.0410
rt,dlp,SCHED_FIFO,50,2.0000,161,2.0315
rt,dlp,SCHED_FIFO,50,2.0000,162,2.0437
rt,dlp,SCHED_FIFO,50,2.0000,163,2.0328
rt,dlp,SCHED_FIFO,50,2.0000,164,2.0358
rt,dlp,SCHED_FIFO,50,2.0000,165,2.0339
rt,dlp,SCHED_FIFO,50,2.0000,166,2.0329
rt,dlp,SCHED_FIFO,50,2.0000,167,2.0330
rt,dlp,SCHED_FIFO,50,2.0000,168,2.0435
rt,dlp,SCHED_FIFO,50,2.0000,169,2.0237
rt,dlp,SCHED_FIFO,50,2.0000,170,2.0315
rt,dlp,SCHED_FIFO,50,2.0000,171,1.9956
rt,dlp,SCHED_FIFO,50,2.0000,172,2.0134
rt,dlp,SCHED_FIFO,50,2.0000,173,2.0041
rt,dlp,SCHED_FIFO,50,2.0000,174,2.0399
rt,dlp,SCHED_FIFO,50,2.0000,175,2.0411
rt,dlp,SCHED_FIFO,50,2.0000,176,2.0331
rt,dlp,SCHED_FIFO,50,2.0000,177,2.0190
rt,dlp,SCHED_FIFO,50,2.0000,178,2.0426
rt,dlp,SCHED_FIFO,50,2.0000,179,2.0343
rt,dlp,SCHED_FIFO,50,2.0000,180,2.0416
rt,dlp,SCHED_FIFO,50,2.0000,181,2.0405
rt,dlp,SCHED_FIFO,50,2.0000,182,2.0451
rt,dlp,SCHED_FIFO,50,2.0000,183,2.0338
rt,dlp,SCHED_FIFO,50,2.0000,184,2.0131
rt,dlp,SCHED_FIFO,50,2.0000,185,2.0258
rt,dlp,SCHED_FIFO,50,2.0000,186,2.0323
rt,dlp,SCHED_FIFO,50,2.0000,187,2.0206
rt,dlp,SCHED_FIFO,50,2.0000,188,2.0319
rt,dlp,SCHED_FIFO,50,2.0000,189,2.0739
rt,dlp,SCHED_FIFO,50,2.0000,190,2.0317
rt,dlp,SCHED_FIFO,50,2.0000,191,2.0360
rt,dlp,SCHED_FIFO,50,2.0000,192,2.0372
rt,dlp,SCHED_FIFO,50,2.0000,193,2.0327
rt,dlp,SCHED_FIFO,50,2.0000,194,2.0317
rt,dlp,SCHED_FIFO,50,2.0000,195,2.0247
rt,dlp,SCHED_FIFO,50,2.0000,196,2.0497
rt,dlp,SCHED_FIFO,50,2.0000,197,2.0506
rt,dlp,SCHED_FIFO,50,2.0000,198,2.0536
rt,dlp,SCHED_FIFO,50,2.0000,199,2.0302
rt,dlp,SCHED_FIFO,50,2.0000,200,2.0216
rt,dlp,SCHED_FIFO,50,2.0000,201,2.0295
rt,dlp,SCHED_FIFO,50,2.0000,202,2.0340
rt,dlp,SCHED_FIFO,50,2.0000,203,2.0507
rt,dlp,SCHED_FIFO,50,2.0000,204,2.0516
rt,dlp,SCHED_FIFO,50,2.0000,205,2.0521
rt,dlp,SCHED_FIFO,50,2.0000,206,2.0409
rt,dlp,SCHED_FIFO,50,2.0000,207,2.0325
rt,dlp,SCHED_FIFO,50,2.0000,208,2.0263
rt,dlp,SCHED_FIFO,50,2.0000,209,2.1142
rt,dlp,SCHED_FIFO,50,2.0000,210,2.0464
rt,dlp,SCHED_FIFO,50,2.0000,211,2.0353
rt,dlp,SCHED_FIFO,50,2.0000,212,2.0201
rt,dlp,SCHED_FIFO,50,2.0000,213,2.0342
rt,dlp,SCHED_FIFO,50,2.0000,214,2.0363
rt,dlp,SCHED_FIFO,50,2.0000,215,2.0233
rt,dlp,SCHED_FIFO,50,2.0000,216,2.0236
rt,dlp,SCHED_FIFO,50,2.0000,217,2.0339
rt,dlp,SCHED_FIFO,50,2.0000,218,2.0351
rt,dlp,SCHED_FIFO,50,2.0000,219,2.0379
rt,dlp,SCHED_FIFO,50,2.0000,220,2.0309
rt,dlp,SCHED_FIFO,50,2.0000,221,2.0224
rt,dlp,SCHED_FIFO,50,2.0000,222,2.0228
rt,dlp,SCHED_FIFO,50,2.0000,223,2.0337
rt,dlp,SCHED_FIFO,50,2.0000,224,2.0344
rt,dlp,SCHED_FIFO,50,2.0000,225,2.0324
rt,dlp,SCHED_FIFO,50,2.0000,226,2.0343
rt,dlp,SCHED_FIFO,50,2.0000,227,2.0504
rt,dlp,SCHED_FIFO,50,2.0000,228,2.0268
rt,dlp,SCHED_FIFO,50,2.0000,229,2.0120
rt,dlp,SCHED_FIFO,50,2.0000,230,2.0310
rt,dlp,SCHED_FIFO,50,2.0000,231,2.0431
rt,dlp,SCHED_FIFO,50,2.0000,232,2.0367
rt,dlp,SCHED_FIFO,50,2.0000,233,2.0502
rt,dlp,SCHED_FIFO,50,2.0000,234,2.0455
rt,dlp,SCHED_FIFO,50,2.0000,235,2.0118
rt,dlp,SCHED_FIFO,50,2.0000,236,2.0430
rt,dlp,SCHED_FIFO,50,2.0000,237,2.0199
rt,dlp,SCHED_FIFO,50,2.0000,238,2.0425
rt,dlp,SCHED_FIFO,50,2.0000,239,2.0327
rt,dlp,SCHED_FIFO,50,2.0000,240,2.0310
rt,dlp,SCHED_FIFO,50,2.0000,241,2.0267
rt,dlp,SCHED_FIFO,50,2.0000,242,2.0020
rt,dlp,SCHED_FIFO,50,2.0000,243,2.0387
rt,dlp,SCHED_FIFO,50,2.0000,244,2.0315
rt,dlp,SCHED_FIFO,50,2.0000,245,2.0238
rt,dlp,SCHED_FIFO,50,2.0000,246,2.0356
rt,dlp,SCHED_FIFO,50,2.0000,247,2.0390
rt,dlp,SCHED_FIFO,50,2.0000,248,2.0763
rt,dlp,SCHED_FIFO,50,2.0000,249,2.0199
rt,dlp,SCHED_FIFO,50,2.0000,250,2.0359
rt,dlp,SCHED_FIFO,50,2.0000,251,2.0276
rt,dlp,SCHED_FIFO,50,2.0000,252,2.0469
rt,dlp,SCHED_FIFO,50,2.0000,253,2.0265
rt,dlp,SCHED_FIFO,50,2.0000,254,2.0255
rt,dlp,SCHED_FIFO,50,2.0000,255,2.0293
rt,dlp,SCHED_FIFO,50,2.0000,256,2.0421
rt,dlp,SCHED_FIFO,50,2.0000,257,2.0355
rt,dlp,SCHED_FIFO,50,2.0000,258,2.0435
rt,dlp,SCHED_FIFO,50,2.0000,259,2.0343
rt,dlp,SCHED_FIFO,50,2.0000,260,2.0413
rt,dlp,SCHED_FIFO,50,2.0000,261,2.0222
rt,dlp,SCHED_FIFO,50,2.0000,262,2.0050
rt,dlp,SCHED_FIFO,50,2.0000,263,2.0237
rt,dlp,SCHED_FIFO,50,2.0000,264,2.0440
rt,dlp,SCHED_FIFO,50,2.0000,265,2.0325
rt,dlp,SCHED_FIFO,50,2.0000,266,2.0180
rt,dlp,SCHED_FIFO,50,2.0000,267,2.0437
rt,dlp,SCHED_FIFO,50,2.0000,268,2.0340
rt,dlp,SCHED_FIFO,50,2.0000,269,2.0338
rt,dlp,SCHED_FIFO,50,2.0000,270,2.0314
rt,dlp,SCHED_FIFO,50,2.0000,271,2.0454
rt,dlp,SCHED_FIFO,50,2.0000,272,1.9974
rt,dlp,SCHED_FIFO,50,2.0000,273,2.0299
rt,dlp,SCHED_FIFO,50,2.0000,274,2.0402
rt,dlp,SCHED_FIFO,50,2.0000,275,2.0327
rt,dlp,SCHED_FIFO,50,2.0000,276,2.0251
rt,dlp,SCHED_FIFO,50,2.0000,277,2.0410
rt,dlp,SCHED_FIFO,50,2.0000,278,2.0359
rt,dlp,SCHED_FIFO,50,2.0000,279,2.0273
rt,dlp,SCHED_FIFO,50,2.0000,280,2.1064
rt,dlp,SCHED_FIFO,50,2.0000,281,2.0423
rt,dlp,SCHED_FIFO,50,2.0000,282,2.0373
rt,dlp,SCHED_FIFO,50,2.0000,283,2.0329
rt,dlp,SCHED_FIFO,50,2.0000,284,2.0127
rt,dlp,SCHED_FIFO,50,2.0000,285,2.0375
rt,dlp,SCHED_FIFO,50,2.0000,286,2.0309
rt,dlp,SCHED_FIFO,50,2.0000,287,2.0432
rt,dlp,SCHED_FIFO,50,2.0000,288,2.0087
rt,dlp,SCHED_FIFO,50,2.0000,289,2.0321
rt,dlp,SCHED_FIFO,50,2.0000,290,2.0494
rt,dlp,SCHED_FIFO,50,2.0000,291,2.0218
rt,dlp,SCHED_FIFO,50,2.0000,292,2.0312
rt,dlp,SCHED_FIFO,50,2.0000,293,2.0422
rt,dlp,SCHED_FIFO,50,2.0000,294,2.0321
rt,dlp,SCHED_FIFO,50,2.0000,295,2.0229
rt,dlp,SCHED_FIFO,50,2.0000,296,2.0309
rt,dlp,SCHED_FIFO,50,2.0000,297,2.0314
rt,dlp,SCHED_FIFO,50,2.0000,298,2.1012
rt,dlp,SCHED_FIFO,50,2.0000,299,2.0104
rt,dlp,SCHED_FIFO,50,2.0000,300,2.0243
rt,dlp,SCHED_FIFO,50,2.0000,301,2.0419
rt,dlp,SCHED_FIFO,50,2.0000,302,2.0259
rt,dlp,SCHED_FIFO,50,2.0000,303,2.0253
rt,dlp,SCHED_FIFO,50,2.0000,304,2.0301
rt,dlp,SCHED_FIFO,50,2.0000,305,2.0247
rt,dlp,SCHED_FIFO,50,2.0000,306,2.0336
rt,dlp,SCHED_FIFO,50,2.0000,307,2.0332
rt,dlp,SCHED_FIFO,50,2.0000,308,2.0219
rt,dlp,SCHED_FIFO,50,2.0000,309,2.0403
rt,dlp,SCHED_FIFO,50,2.0000,310,2.0276
rt,dlp,SCHED_FIFO,50,2.0000,311,2.0361
rt,dlp,SCHED_FIFO,50,2.0000,312,2.0450
rt,dlp,SCHED_FIFO,50,2.0000,313,2.0452
rt,dlp,SCHED_FIFO,50,2.0000,314,2.0138
rt,dlp,SCHED_FIFO,50,2.0000,315,2.0331
rt,dlp,SCHED_FIFO,50,2.0000,316,2.0363
rt,dlp,SCHED_FIFO,50,2.0000,317,2.0322
rt,dlp,SCHED_FIFO,50,2.0000,318,2.0318
rt,dlp,SCHED_FIFO,50,2.0000,319,2.0327
rt,dlp,SCHED_FIFO,50,2.0000,320,2.0394
rt,dlp,SCHED_FIFO,50,2.0000,321,2.0398
rt,dlp,SCHED_FIFO,50,2.0000,322,2.0333
rt,dlp,SCHED_FIFO,50,2.0000,323,2.0358
rt,dlp,SCHED_FIFO,50,2.0000,324,2.0420
rt,dlp,SCHED_FIFO,50,2.0000,325,2.0167
rt,dlp,SCHED_FIFO,50,2.0000,326,2.0245
rt,dlp,SCHED_FIFO,50,2.0000,327,2.0316
rt,dlp,SCHED_FIFO,50,2.0000,328,2.0310
rt,dlp,SCHED_FIFO,50,2.0000,329,2.0364
rt,dlp,SCHED_FIFO,50,2.0000,330,2.0352
rt,dlp,SCHED_FIFO,50,2.0000,331,2.0241
rt,dlp,SCHED_FIFO,50,2.0000,332,2.0439
rt,dlp,SCHED_FIFO,50,2.0000,333,2.0384
rt,dlp,SCHED_FIFO,50,2.0000,334,2.0313
rt,dlp,SCHED_FIFO,50,2.0000,335,2.0337
rt,dlp,SCHED_FIFO,50,2.0000,336,2.0910
rt,dlp,SCHED_FIFO,50,2.0000,337,2.0350
rt,dlp,SCHED_FIFO,50,2.0000,338,2.0228
rt,dlp,SCHED_FIFO,50,2.0000,339,2.0245
rt,dlp,SCHED_FIFO,50,2.0000,340,2.0198
rt,dlp,SCHED_FIFO,50,2.0000,341,2.0235
rt,dlp,SCHED_FIFO,50,2.0000,342,2.0270
rt,dlp,SCHED_FIFO,50,2.0000,343,2.0327
rt,dlp,SCHED_FIFO,50,2.0000,344,2.0452
rt,dlp,SCHED_FIFO,50,2.0000,345,2.0322
rt,dlp,SCHED_FIFO,50,2.0000,346,2.0331
rt,dlp,SCHED_FIFO,50,2.0000,347,2.0349
rt,dlp,SCHED_FIFO,50,2.0000,348,2.0454
rt,dlp,SCHED_FIFO,50,2.0000,349,2.0364
rt,dlp,SCHED_FIFO,50,2.0000,350,2.0311
rt,dlp,SCHED_FIFO,50,2.0000,351,2.0316
rt,dlp,SCHED_FIFO,50,2.0000,352,2.0063
rt,dlp,SCHED_FIFO,50,2.0000,353,2.0266
rt,dlp,SCHED_FIFO,50,2.0000,354,2.0310
rt,dlp,SCHED_FIFO,50,2.0000,355,2.0446
rt,dlp,SCHED_FIFO,50,2.0000,356,2.0327
rt,dlp,SCHED_FIFO,50,2.0000,357,2.0369
rt,dlp,SCHED_FIFO,50,2.0000,358,2.0330
rt,dlp,SCHED_FIFO,50,2.0000,359,2.0342
rt,dlp,SCHED_FIFO,50,2.0000,360,2.0380
rt,dlp,SCHED_FIFO,50,2.0000,361,2.0208
rt,dlp,SCHED_FIFO,50,2.0000,362,2.0033
rt,dlp,SCHED_FIFO,50,2.0000,363,2.0529
rt,dlp,SCHED_FIFO,50,2.0000,364,2.0238
rt,dlp,SCHED_FIFO,50,2.0000,365,2.0420
rt,dlp,SCHED_FIFO,50,2.0000,366,2.0314
rt,dlp,SCHED_FIFO,50,2.0000,367,2.0305
rt,dlp,SCHED_FIFO,50,2.0000,368,2.0274
rt,dlp,SCHED_FIFO,50,2.0000,369,2.0324
rt,dlp,SCHED_FIFO,50,2.0000,370,2.0186
rt,dlp,SCHED_FIFO,50,2.0000,371,2.0118
rt,dlp,SCHED_FIFO,50,2.0000,372,2.0387
rt,dlp,SCHED_FIFO,50,2.0000,373,2.0326
rt,dlp,SCHED_FIFO,50,2.0000,374,2.0388
rt,dlp,SCHED_FIFO,50,2.0000,375,2.1020
rt,dlp,SCHED_FIFO,50,2.0000,376,2.0221
rt,dlp,SCHED_FIFO,50,2.0000,377,2.0280
rt,dlp,SCHED_FIFO,50,2.0000,378,2.0265
rt,dlp,SCHED_FIFO,50,2.0000,379,2.0252
rt,dlp,SCHED_FIFO,50,2.0000,380,2.0332
rt,dlp,SCHED_FIFO,50,2.0000,381,2.0541
rt,dlp,SCHED_FIFO,50,2.0000,382,2.0526
rt,dlp,SCHED_FIFO,50,2.0000,383,2.0307
rt,dlp,SCHED_FIFO,50,2.0000,384,2.0398
rt,dlp,SCHED_FIFO,50,2.0000,385,2.0389
rt,dlp,SCHED_FIFO,50,2.0000,386,2.0351
rt,dlp,SCHED_FIFO,50,2.0000,387,2.0307
rt,dlp,SCHED_FIFO,50,2.0000,388,2.0415
rt,dlp,SCHED_FIFO,50,2.0000,389,2.0330
rt,dlp,SCHED_FIFO,50,2.0000,390,2.0119
rt,dlp,SCHED_FIFO,50,2.0000,391,2.0161
rt,dlp,SCHED_FIFO,50,2.0000,392,2.0120
rt,dlp,SCHED_FIFO,50,2.0000,393,2.0307
rt,dlp,SCHED_FIFO,50,2.0000,394,2.0248
rt,dlp,SCHED_FIFO,50,2.0000,395,2.0342
rt,dlp,SCHED_FIFO,50,2.0000,396,2.0365
rt,dlp,SCHED_FIFO,50,2.0000,397,2.0425
rt,dlp,SCHED_FIFO,50,2.0000,398,2.0447
rt,dlp,SCHED_FIFO,50,2.0000,399,2.0314
rt,dlp,SCHED_FIFO,50,2.0000,400,2.0324
rt,dlp,SCHED_FIFO,50,2.0000,401,2.0346
rt,dlp,SCHED_FIFO,50,2.0000,402,2.0301
rt,dlp,SCHED_FIFO,50,2.0000,403,2.0247
rt,dlp,SCHED_FIFO,50,2.0000,404,2.0423
rt,dlp,SCHED_FIFO,50,2.0000,405,2.0229
rt,dlp,SCHED_FIFO,50,2.0000,406,2.0419
rt,dlp,SCHED_FIFO,50,2.0000,407,2.0323
rt,dlp,SCHED_FIFO,50,2.0000,408,2.0440
rt,dlp,SCHED_FIFO,50,2.0000,409,2.0904
rt,dlp,SCHED_FIFO,50,2.0000,410,2.0337
rt,dlp,SCHED_FIFO,50,2.0000,411,2.0208
rt,dlp,SCHED_FIFO,50,2.0000,412,2.0310
rt,dlp,SCHED_FIFO,50,2.0000,413,2.0325
rt,dlp,SCHED_FIFO,50,2.0000,414,2.0327
rt,dlp,SCHED_FIFO,50,2.0000,415,2.0321
rt,dlp,SCHED_FIFO,50,2.0000,416,2.0349
rt,dlp,SCHED_FIFO,50,2.0000,417,2.0451
rt,dlp,SCHED_FIFO,50,2.0000,418,2.0308
rt,dlp,SCHED_FIFO,50,2.0000,419,2.0411
rt,dlp,SCHED_FIFO,50,2.0000,420,2.0255
rt,dlp,SCHED_FIFO,50,2.0000,421,2.0244
rt,dlp,SCHED_FIFO,50,2.0000,422,2.0414
rt,dlp,SCHED_FIFO,50,2.0000,423,2.0305
rt,dlp,SCHED_FIFO,50,2.0000,424,2.0234
rt,dlp,SCHED_FIFO,50,2.0000,425,2.0340
rt,dlp,SCHED_FIFO,50,2.0000,426,2.0219
rt,dlp,SCHED_FIFO,50,2.0000,427,2.0314
rt,dlp,SCHED_FIFO,50,2.0000,428,2.0367
rt,dlp,SCHED_FIFO,50,2.0000,429,2.0248
rt,dlp,SCHED_FIFO,50,2.0000,430,2.0325
rt,dlp,SCHED_FIFO,50,2.0000,431,2.0411
rt,dlp,SCHED_FIFO,50,2.0000,432,2.0364
rt,dlp,SCHED_FIFO,50,2.0000,433,2.0219
rt,dlp,SCHED_FIFO,50,2.0000,434,2.0472
rt,dlp,SCHED_FIFO,50,2.0000,435,2.0347
rt,dlp,SCHED_FIFO,50,2.0000,436,2.0132
rt,dlp,SCHED_FIFO,50,2.0000,437,2.0413
rt,dlp,SCHED_FIFO,50,2.0000,438,2.0239
rt,dlp,SCHED_FIFO,50,2.0000,439,2.0023
rt,dlp,SCHED_FIFO,50,2.0000,440,2.1102
rt,dlp,SCHED_FIFO,50,2.0000,441,2.0459
rt,dlp,SCHED_FIFO,50,2.0000,442,2.0330
rt,dlp,SCHED_FIFO,50,2.0000,443,2.0253
rt,dlp,SCHED_FIFO,50,2.0000,444,2.0317
rt,dlp,SCHED_FIFO,50,2.0000,445,2.0397
rt,dlp,SCHED_FIFO,50,2.0000,446,2.0257
rt,dlp,SCHED_FIFO,50,2.0000,447,2.0344
rt,dlp,SCHED_FIFO,50,2.0000,448,2.0308
rt,dlp,SCHED_FIFO,50,2.0000,449,2.0926
rt,dlp,SCHED_FIFO,50,2.0000,450,2.0365
rt,dlp,SCHED_FIFO,50,2.0000,451,2.0410
rt,dlp,SCHED_FIFO,50,2.0000,452,2.0332
rt,dlp,SCHED_FIFO,50,2.0000,453,2.0342
rt,dlp,SCHED_FIFO,50,2.0000,454,2.0266
rt,dlp,SCHED_FIFO,50,2.0000,455,2.0243
rt,dlp,SCHED_FIFO,50,2.0000,456,2.0226
rt,dlp,SCHED_FIFO,50,2.0000,457,2.1110
rt,dlp,SCHED_FIFO,50,2.0000,458,2.0053
rt,dlp,SCHED_FIFO,50,2.0000,459,2.0424
rt,dlp,SCHED_FIFO,50,2.0000,460,2.0302
rt,dlp,SCHED_FIFO,50,2.0000,461,2.0223
rt,dlp,SCHED_FIFO,50,2.0000,462,2.0414
rt,dlp,SCHED_FIFO,50,2.0000,463,2.0132
rt,dlp,SCHED_FIFO,50,2.0000,464,2.0432
rt,dlp,SCHED_FIFO,50,2.0000,465,2.0252
rt,dlp,SCHED_FIFO,50,2.0000,466,2.0327
rt,dlp,SCHED_FIFO,50,2.0000,467,2.0131
rt,dlp,SCHED_FIFO,50,2.0000,468,2.0425
rt,dlp,SCHED_FIFO,50,2.0000,469,2.0267
rt,dlp,SCHED_FIFO,50,2.0000,470,2.0174
rt,dlp,SCHED_FIFO,50,2.0000,471,2.0302
rt,dlp,SCHED_FIFO,50,2.0000,472,2.0290
rt,dlp,SCHED_FIFO,50,2.0000,473,2.0315
rt,dlp,SCHED_FIFO,50,2.0000,474,2.0220
rt,dlp,SCHED_FIFO,50,2.0000,475,2.0267
rt,dlp,SCHED_FIFO,50,2.0000,476,2.0347
rt,dlp,SCHED_FIFO,50,2.0000,477,2.0308
rt,dlp,SCHED_FIFO,50,2.0000,478,1.9930
rt,dlp,SCHED_FIFO,50,2.0000,479,2.0237
rt,dlp,SCHED_FIFO,50,2.0000,480,2.0404
rt,dlp,SCHED_FIFO,50,2.0000,481,2.0249
rt,dlp,SCHED_FIFO,50,2.0000,482,2.0239
rt,dlp,SCHED_FIFO,50,2.0000,483,2.0209
rt,dlp,SCHED_FIFO,50,2.0000,484,2.0342
rt,dlp,SCHED_FIFO,50,2.0000,485,2.0389
rt,dlp,SCHED_FIFO,50,2.0000,486,2.0227
rt,dlp,SCHED_FIFO,50,2.0000,487,2.0037
rt,dlp,SCHED_FIFO,50,2.0000,488,2.0160
rt,dlp,SCHED_FIFO,50,2.0000,489,2.0224
rt,dlp,SCHED_FIFO,50,2.0000,490,2.0298
rt,dlp,SCHED_FIFO,50,2.0000,491,2.0362
rt,dlp,SCHED_FIFO,50,2.0000,492,2.0445
rt,dlp,SCHED_FIFO,50,2.0000,493,2.0352
rt,dlp,SCHED_FIFO,50,2.0000,494,2.0205
rt,dlp,SCHED_FIFO,50,2.0000,495,2.0200
rt,dlp,SCHED_FIFO,50,2.0000,496,2.0061
rt,dlp,SCHED_FIFO,50,2.0000,497,2.0329
rt,dlp,SCHED_FIFO,50,2.0000,498,2.0317
rt,dlp,SCHED_FIFO,50,2.0000,499,2.0362
rt,dlp,SCHED_FIFO,50,2.0000,500,2.0322
rt,dlp,SCHED_FIFO,50,2.0000,501,2.0335
rt,dlp,SCHED_FIFO,50,2.0000,502,2.0253
rt,dlp,SCHED_FIFO,50,2.0000,503,2.0313
rt,dlp,SCHED_FIFO,50,2.0000,504,2.0409
rt,dlp,SCHED_FIFO,50,2.0000,505,1.9950
rt,dlp,SCHED_FIFO,50,2.0000,506,1.9928
rt,dlp,SCHED_FIFO,50,2.0000,507,2.0441
rt,dlp,SCHED_FIFO,50,2.0000,508,2.0258
rt,dlp,SCHED_FIFO,50,2.0000,509,2.0115
rt,dlp,SCHED_FIFO,50,2.0000,510,2.0380
rt,dlp,SCHED_FIFO,50,2.0000,511,2.0259
rt,dlp,SCHED_FIFO,50,2.0000,512,2.0239
rt,dlp,SCHED_FIFO,50,2.0000,513,2.0217
rt,dlp,SCHED_FIFO,50,2.0000,514,2.0239
rt,dlp,SCHED_FIFO,50,2.0000,515,2.0169
rt,dlp,SCHED_FIFO,50,2.0000,516,2.0430
rt,dlp,SCHED_FIFO,50,2.0000,517,2.0401
rt,dlp,SCHED_FIFO,50,2.0000,518,2.0456
rt,dlp,SCHED_FIFO,50,2.0000,519,2.0336
rt,dlp,SCHED_FIFO,50,2.0000,520,2.0367
rt,dlp,SCHED_FIFO,50,2.0000,521,2.0336
rt,dlp,SCHED_FIFO,50,2.0000,522,2.0323
rt,dlp,SCHED_FIFO,50,2.0000,523,2.0321
rt,dlp,SCHED_FIFO,50,2.0000,524,2.0310
rt,dlp,SCHED_FIFO,50,2.0000,525,2.0138
rt,dlp,SCHED_FIFO,50,2.0000,526,2.0230
rt,dlp,SCHED_FIFO,50,2.0000,527,2.0427
rt,dlp,SCHED_FIFO,50,2.0000,528,2.0322
rt,dlp,SCHED_FIFO,50,2.0000,529,2.0376
rt,dlp,SCHED_FIFO,50,2.0000,530,2.0254
rt,dlp,SCHED_FIFO,50,2.0000,531,2.0329
rt,dlp,SCHED_FIFO,50,2.0000,532,2.0036
rt,dlp,SCHED_FIFO,50,2.0000,533,2.0242
rt,dlp,SCHED_FIFO,50,2.0000,534,2.0326
rt,dlp,SCHED_FIFO,50,2.0000,535,2.0412
rt,dlp,SCHED_FIFO,50,2.0000,536,2.0339
rt,dlp,SCHED_FIFO,50,2.0000,537,2.0458
rt,dlp,SCHED_FIFO,50,2.0000,538,2.0307
rt,dlp,SCHED_FIFO,50,2.0000,539,2.0345
rt,dlp,SCHED_FIFO,50,2.0000,540,2.0317
rt,dlp,SCHED_FIFO,50,2.0000,541,2.0331
rt,dlp,SCHED_FIFO,50,2.0000,542,2.0425
rt,dlp,SCHED_FIFO,50,2.0000,543,2.0277
rt,dlp,SCHED_FIFO,50,2.0000,544,2.0413
rt,dlp,SCHED_FIFO,50,2.0000,545,2.0327
rt,dlp,SCHED_FIFO,50,2.0000,546,2.0419
rt,dlp,SCHED_FIFO,50,2.0000,547,2.0305
rt,dlp,SCHED_FIFO,50,2.0000,548,2.0069
rt,dlp,SCHED_FIFO,50,2.0000,549,2.1108
rt,dlp,SCHED_FIFO,50,2.0000,550,2.0319
rt,dlp,SCHED_FIFO,50,2.0000,551,2.0361
rt,dlp,SCHED_FIFO,50,2.0000,552,2.0240
rt,dlp,SCHED_FIFO,50,2.0000,553,2.0320
rt,dlp,SCHED_FIFO,50,2.0000,554,2.0337
rt,dlp,SCHED_FIFO,50,2.0000,555,2.0299
rt,dlp,SCHED_FIFO,50,2.0000,556,2.0231
rt,dlp,SCHED_FIFO,50,2.0000,557,2.0308
rt,dlp,SCHED_FIFO,50,2.0000,558,2.0215
rt,dlp,SCHED_FIFO,50,2.0000,559,2.0372
rt,dlp,SCHED_FIFO,50,2.0000,560,2.0199
rt,dlp,SCHED_FIFO,50,2.0000,561,2.0347
rt,dlp,SCHED_FIFO,50,2.0000,562,2.0211
rt,dlp,SCHED_FIFO,50,2.0000,563,2.0328
rt,dlp,SCHED_FIFO,50,2.0000,564,2.0328
rt,dlp,SCHED_FIFO,50,2.0000,565,2.0412
rt,dlp,SCHED_FIFO,50,2.0000,566,2.0338
rt,dlp,SCHED_FIFO,50,2.0000,567,2.0316
rt,dlp,SCHED_FIFO,50,2.0000,568,2.0349
rt,dlp,SCHED_FIFO,50,2.0000,569,2.0346
rt,dlp,SCHED_FIFO,50,2.0000,570,2.0340
rt,dlp,SCHED_FIFO,50,2.0000,571,2.0167
rt,dlp,SCHED_FIFO,50,2.0000,572,2.0294
rt,dlp,SCHED_FIFO,50,2.0000,573,1.9954
rt,dlp,SCHED_FIFO,50,2.0000,574,2.0261
rt,dlp,SCHED_FIFO,50,2.0000,575,2.0216
rt,dlp,SCHED_FIFO,50,2.0000,576,2.0228
rt,dlp,SCHED_FIFO,50,2.0000,577,2.0333
rt,dlp,SCHED_FIFO,50,2.0000,578,2.0381
rt,dlp,SCHED_FIFO,50,2.0000,579,2.0323
rt,dlp,SCHED_FIFO,50,2.0000,580,2.0372
rt,dlp,SCHED_FIFO,50,2.0000,581,2.0255
rt,dlp,SCHED_FIFO,50,2.0000,582,2.0258
rt,dlp,SCHED_FIFO,50,2.0000,583,2.0342
rt,dlp,SCHED_FIFO,50,2.0000,584,2.0337
rt,dlp,SCHED_FIFO,50,2.0000,585,2.0428
rt,dlp,SCHED_FIFO,50,2.0000,586,2.0442
rt,dlp,SCHED_FIFO,50,2.0000,587,2.0418
rt,dlp,SCHED_FIFO,50,2.0000,588,2.0469
rt,dlp,SCHED_FIFO,50,2.0000,589,2.0327
rt,dlp,SCHED_FIFO,50,2.0000,590,2.0310
rt,dlp,SCHED_FIFO,50,2.0000,591,2.0421
rt,dlp,SCHED_FIFO,50,2.0000,592,2.0456
rt,dlp,SCHED_FIFO,50,2.0000,593,2.0511
rt,dlp,SCHED_FIFO,50,2.0000,594,2.0372
rt,dlp,SCHED_FIFO,50,2.0000,595,2.0326
rt,dlp,SCHED_FIFO,50,2.0000,596,2.0455
rt,dlp,SCHED_FIFO,50,2.0000,597,2.0224
rt,dlp,SCHED_FIFO,50,2.0000,598,2.0354
rt,dlp,SCHED_FIFO,50,2.0000,599,2.0153
rt,dlp,SCHED_FIFO,50,2.0000,600,2.0363
rt,dlp,SCHED_FIFO,50,2.0000,601,2.0999
rt,dlp,SCHED_FIFO,50,2.0000,602,2.0058
rt,dlp,SCHED_FIFO,50,2.0000,603,2.0042
rt,dlp,SCHED_FIFO,50,2.0000,604,2.0208
rt,dlp,SCHED_FIFO,50,2.0000,605,2.0301
rt,dlp,SCHED_FIFO,50,2.0000,606,2.0349
rt,dlp,SCHED_FIFO,50,2.0000,607,2.0251
rt,dlp,SCHED_FIFO,50,2.0000,608,2.0355
rt,dlp,SCHED_FIFO,50,2.0000,609,2.0164
rt,dlp,SCHED_FIFO,50,2.0000,610,2.0433
rt,dlp,SCHED_FIFO,50,2.0000,611,2.0429
rt,dlp,SCHED_FIFO,50,2.0000,612,1.9978
rt,dlp,SCHED_FIFO,50,2.0000,613,2.0316
rt,dlp,SCHED_FIFO,50,2.0000,614,2.0319
rt,dlp,SCHED_FIFO,50,2.0000,615,2.0321
rt,dlp,SCHED_FIFO,50,2.0000,616,2.0408
rt,dlp,SCHED_FIFO,50,2.0000,617,2.0343
rt,dlp,SCHED_FIFO,50,2.0000,618,2.0137
rt,dlp,SCHED_FIFO,50,2.0000,619,2.0263
rt,dlp,SCHED_FIFO,50,2.0000,620,2.0219
rt,dlp,SCHED_FIFO,50,2.0000,621,2.0411
rt,dlp,SCHED_FIFO,50,2.0000,622,2.0222
rt,dlp,SCHED_FIFO,50,2.0000,623,2.0339
rt,dlp,SCHED_FIFO,50,2.0000,624,2.0525
rt,dlp,SCHED_FIFO,50,2.0000,625,2.0149
rt,dlp,SCHED_FIFO,50,2.0000,626,2.0361
rt,dlp,SCHED_FIFO,50,2.0000,627,2.0326
rt,dlp,SCHED_FIFO,50,2.0000,628,2.0312
rt,dlp,SCHED_FIFO,50,2.0000,629,2.0265
rt,dlp,SCHED_FIFO,50,2.0000,630,1.9956
rt,dlp,SCHED_FIFO,50,2.0000,631,2.0327
rt,dlp,SCHED_FIFO,50,2.0000,632,2.0329
rt,dlp,SCHED_FIFO,50,2.0000,633,2.0330
rt,dlp,SCHED_FIFO,50,2.0000,634,2.0345
rt,dlp,SCHED_FIFO,50,2.0000,635,2.0328
rt,dlp,SCHED_FIFO,50,2.0000,636,2.0215
rt,dlp,SCHED_FIFO,50,2.0000,637,2.0320
rt,dlp,SCHED_FIFO,50,2.0000,638,2.0126
rt,dlp,SCHED_FIFO,50,2.0000,639,2.0223
rt,dlp,SCHED_FIFO,50,2.0000,640,2.0274
rt,dlp,SCHED_FIFO,50,2.0000,641,2.0224
rt,dlp,SCHED_FIFO,50,2.0000,642,2.0292
rt,dlp,SCHED_FIFO,50,2.0000,643,2.0455
rt,dlp,SCHED_FIFO,50,2.0000,644,2.0200
rt,dlp,SCHED_FIFO,50,2.0000,645,2.0306
rt,dlp,SCHED_FIFO,50,2.0000,646,2.0324
rt,dlp,SCHED_FIFO,50,2.0000,647,2.0363
rt,dlp,SCHED_FIFO,50,2.0000,648,2.0257
rt,dlp,SCHED_FIFO,50,2.0000,649,2.0344
rt,dlp,SCHED_FIFO,50,2.0000,650,2.0428
rt,dlp,SCHED_FIFO,50,2.0000,651,2.0303
rt,dlp,SCHED_FIFO,50,2.0000,652,2.0201
rt,dlp,SCHED_FIFO,50,2.0000,653,2.0364
rt,dlp,SCHED_FIFO,50,2.0000,654,2.0264
rt,dlp,SCHED_FIFO,50,2.0000,655,2.0356
rt,dlp,SCHED_FIFO,50,2.0000,656,2.0302
rt,dlp,SCHED_FIFO,50,2.0000,657,2.0341
rt,dlp,SCHED_FIFO,50,2.0000,658,2.0361
rt,dlp,SCHED_FIFO,50,2.0000,659,2.0913
rt,dlp,SCHED_FIFO,50,2.0000,660,2.0327
rt,dlp,SCHED_FIFO,50,2.0000,661,2.0429
rt,dlp,SCHED_FIFO,50,2.0000,662,2.0454
rt,dlp,SCHED_FIFO,50,2.0000,663,2.0355
rt,dlp,SCHED_FIFO,50,2.0000,664,2.0340
rt,dlp,SCHED_FIFO,50,2.0000,665,2.0263
rt,dlp,SCHED_FIFO,50,2.0000,666,2.0024
rt,dlp,SCHED_FIFO,50,2.0000,667,2.0170
rt,dlp,SCHED_FIFO,50,2.0000,668,2.0214
rt,dlp,SCHED_FIFO,50,2.0000,669,2.0302
rt,dlp,SCHED_FIFO,50,2.0000,670,2.0300
rt,dlp,SCHED_FIFO,50,2.0000,671,2.0356
rt,dlp,SCHED_FIFO,50,2.0000,672,2.0217
rt,dlp,SCHED_FIFO,50,2.0000,673,2.0445
rt,dlp,SCHED_FIFO,50,2.0000,674,2.0213
rt,dlp,SCHED_FIFO,50,2.0000,675,2.0233
rt,dlp,SCHED_FIFO,50,2.0000,676,2.0067
rt,dlp,SCHED_FIFO,50,2.0000,677,2.0448
rt,dlp,SCHED_FIFO,50,2.0000,678,2.0245
rt,dlp,SCHED_FIFO,50,2.0000,679,2.0314
rt,dlp,SCHED_FIFO,50,2.0000,680,2.0387
rt,dlp,SCHED_FIFO,50,2.0000,681,2.0038
rt,dlp,SCHED_FIFO,50,2.0000,682,2.0297
rt,dlp,SCHED_FIFO,50,2.0000,683,2.0278
rt,dlp,SCHED_FIFO,50,2.0000,684,2.0359
rt,dlp,SCHED_FIFO,50,2.0000,685,2.0303
rt,dlp,SCHED_FIFO,50,2.0000,686,2.0238
rt,dlp,SCHED_FIFO,50,2.0000,687,2.0236
rt,dlp,SCHED_FIFO,50,2.0000,688,2.0053
rt,dlp,SCHED_FIFO,50,2.0000,689,2.0016
rt,dlp,SCHED_FIFO,50,2.0000,690,2.0356
rt,dlp,SCHED_FIFO,50,2.0000,691,2.0229
rt,dlp,SCHED_FIFO,50,2.0000,692,2.0310
rt,dlp,SCHED_FIFO,50,2.0000,693,2.0299
rt,dlp,SCHED_FIFO,50,2.0000,694,2.0428
rt,dlp,SCHED_FIFO,50,2.0000,695,2.0271
rt,dlp,SCHED_FIFO,50,2.0000,696,2.0309
rt,dlp,SCHED_FIFO,50,2.0000,697,2.0269
rt,dlp,SCHED_FIFO,50,2.0000,698,2.0217
rt,dlp,SCHED_FIFO,50,2.0000,699,2.0925
rt,dlp,SCHED_FIFO,50,2.0000,700,2.0847
rt,dlp,SCHED_FIFO,50,2.0000,701,2.0435
rt,dlp,SCHED_FIFO,50,2.0000,702,2.0360
rt,dlp,SCHED_FIFO,50,2.0000,703,2.0440
rt,dlp,SCHED_FIFO,50,2.0000,704,2.0295
rt,dlp,SCHED_FIFO,50,2.0000,705,2.0508
rt,dlp,SCHED_FIFO,50,2.0000,706,2.0357
rt,dlp,SCHED_FIFO,50,2.0000,707,2.0134
rt,dlp,SCHED_FIFO,50,2.0000,708,2.0107
rt,dlp,SCHED_FIFO,50,2.0000,709,2.0364
rt,dlp,SCHED_FIFO,50,2.0000,710,2.0309
rt,dlp,SCHED_FIFO,50,2.0000,711,2.0342
rt,dlp,SCHED_FIFO,50,2.0000,712,2.0349
rt,dlp,SCHED_FIFO,50,2.0000,713,2.0315
rt,dlp,SCHED_FIFO,50,2.0000,714,2.0223
rt,dlp,SCHED_FIFO,50,2.0000,715,2.0208
rt,dlp,SCHED_FIFO,50,2.0000,716,2.0254
rt,dlp,SCHED_FIFO,50,2.0000,717,2.0342
rt,dlp,SCHED_FIFO,50,2.0000,718,2.0266
rt,dlp,SCHED_FIFO,50,2.0000,719,2.0366
rt,dlp,SCHED_FIFO,50,2.0000,720,2.0328
rt,dlp,SCHED_FIFO,50,2.0000,721,2.0414
rt,dlp,SCHED_FIFO,50,2.0000,722,2.0990
rt,dlp,SCHED_FIFO,50,2.0000,723,2.0319
rt,dlp,SCHED_FIFO,50,2.0000,724,2.0226
rt,dlp,SCHED_FIFO,50,2.0000,725,2.0323
rt,dlp,SCHED_FIFO,50,2.0000,726,2.0400
rt,dlp,SCHED_FIFO,50,2.0000,727,2.0304
rt,dlp,SCHED_FIFO,50,2.0000,728,2.0302
rt,dlp,SCHED_FIFO,50,2.0000,729,2.0354
rt,dlp,SCHED_FIFO,50,2.0000,730,2.0218
rt,dlp,SCHED_FIFO,50,2.0000,731,2.0170
rt,dlp,SCHED_FIFO,50,2.0000,732,2.0221
rt,dlp,SCHED_FIFO,50,2.0000,733,2.0267
rt,dlp,SCHED_FIFO,50,2.0000,734,2.0271
rt,dlp,SCHED_FIFO,50,2.0000,735,2.0304
rt,dlp,SCHED_FIFO,50,2.0000,736,2.0328
rt,dlp,SCHED_FIFO,50,2.0000,737,2.0339
rt,dlp,SCHED_FIFO,50,2.0000,738,2.0291
rt,dlp,SCHED_FIFO,50,2.0000,739,2.0258
rt,dlp,SCHED_FIFO,50,2.0000,740,2.0337
rt,dlp,SCHED_FIFO,50,2.0000,741,2.0307
rt,dlp,SCHED_FIFO,50,2.0000,742,2.0252
rt,dlp,SCHED_FIFO,50,2.0000,743,2.0220
rt,dlp,SCHED_FIFO,50,2.0000,744,2.0427
rt,dlp,SCHED_FIFO,50,2.0000,745,2.0610
rt,dlp,SCHED_FIFO,50,2.0000,746,2.0399
rt,dlp,SCHED_FIFO,50,2.0000,747,2.0271
rt,dlp,SCHED_FIFO,50,2.0000,748,2.0330
rt,dlp,SCHED_FIFO,50,2.0000,749,2.0255
rt,dlp,SCHED_FIFO,50,2.0000,750,2.0408
rt,dlp,SCHED_FIFO,50,2.0000,751,2.0142
rt,dlp,SCHED_FIFO,50,2.0000,752,2.0370
rt,dlp,SCHED_FIFO,50,2.0000,753,2.0498
rt,dlp,SCHED_FIFO,50,2.0000,754,2.0454
rt,dlp,SCHED_FIFO,50,2.0000,755,2.0278
rt,dlp,SCHED_FIFO,50,2.0000,756,2.0271
rt,dlp,SCHED_FIFO,50,2.0000,757,2.0353
rt,dlp,SCHED_FIFO,50,2.0000,758,2.0274
rt,dlp,SCHED_FIFO,50,2.0000,759,2.0350
rt,dlp,SCHED_FIFO,50,2.0000,760,2.0320
rt,dlp,SCHED_FIFO,50,2.0000,761,2.0237
rt,dlp,SCHED_FIFO,50,2.0000,762,2.0322
rt,dlp,SCHED_FIFO,50,2.0000,763,2.0328
rt,dlp,SCHED_FIFO,50,2.0000,764,2.0363
rt,dlp,SCHED_FIFO,50,2.0000,765,2.0322
rt,dlp,SCHED_FIFO,50,2.0000,766,2.0251
rt,dlp,SCHED_FIFO,50,2.0000,767,2.0171
rt,dlp,SCHED_FIFO,50,2.0000,768,2.0312
rt,dlp,SCHED_FIFO,50,2.0000,769,2.0427
rt,dlp,SCHED_FIFO,50,2.0000,770,2.0357
rt,dlp,SCHED_FIFO,50,2.0000,771,2.0240
rt,dlp,SCHED_FIFO,50,2.0000,772,2.0240
rt,dlp,SCHED_FIFO,50,2.0000,773,2.0314
rt,dlp,SCHED_FIFO,50,2.0000,774,2.0479
rt,dlp,SCHED_FIFO,50,2.0000,775,2.0212
rt,dlp,SCHED_FIFO,50,2.0000,776,2.0285
rt,dlp,SCHED_FIFO,50,2.0000,777,2.0318
rt,dlp,SCHED_FIFO,50,2.0000,778,2.0312
rt,dlp,SCHED_FIFO,50,2.0000,779,2.0312
rt,dlp,SCHED_FIFO,50,2.0000,780,2.0336
rt,dlp,SCHED_FIFO,50,2.0000,781,2.0325
rt,dlp,SCHED_FIFO,50,2.0000,782,2.0221
rt,dlp,SCHED_FIFO,50,2.0000,783,2.0354
rt,dlp,SCHED_FIFO,50,2.0000,784,1.9830
rt,dlp,SCHED_FIFO,50,2.0000,785,2.0453
rt,dlp,SCHED_FIFO,50,2.0000,786,2.0332
rt,dlp,SCHED_FIFO,50,2.0000,787,2.0215
rt,dlp,SCHED_FIFO,50,2.0000,788,2.0419
rt,dlp,SCHED_FIFO,50,2.0000,789,2.0327
rt,dlp,SCHED_FIFO,50,2.0000,790,2.0295
rt,dlp,SCHED_FIFO,50,2.0000,791,2.0347
rt,dlp,SCHED_FIFO,50,2.0000,792,2.0229
rt,dlp,SCHED_FIFO,50,2.0000,793,2.0347
rt,dlp,SCHED_FIFO,50,2.0000,794,2.0395
rt,dlp,SCHED_FIFO,50,2.0000,795,2.0340
rt,dlp,SCHED_FIFO,50,2.0000,796,2.0306
rt,dlp,SCHED_FIFO,50,2.0000,797,1.9980
rt,dlp,SCHED_FIFO,50,2.0000,798,2.0313
rt,dlp,SCHED_FIFO,50,2.0000,799,2.0359
rt,dlp,SCHED_FIFO,50,2.0000,800,2.0425
rt,dlp,SCHED_FIFO,50,2.0000,801,2.0279
rt,dlp,SCHED_FIFO,50,2.0000,802,2.0440
rt,dlp,SCHED_FIFO,50,2.0000,803,2.0413
rt,dlp,SCHED_FIFO,50,2.0000,804,2.0304
rt,dlp,SCHED_FIFO,50,2.0000,805,2.0242
rt,dlp,SCHED_FIFO,50,2.0000,806,2.0420
rt,dlp,SCHED_FIFO,50,2.0000,807,2.0073
rt,dlp,SCHED_FIFO,50,2.0000,808,2.0428
rt,dlp,SCHED_FIFO,50,2.0000,809,2.0311
rt,dlp,SCHED_FIFO,50,2.0000,810,2.0323
rt,dlp,SCHED_FIFO,50,2.0000,811,2.0053
rt,dlp,SCHED_FIFO,50,2.0000,812,2.0159
rt,dlp,SCHED_FIFO,50,2.0000,813,2.0134
rt,dlp,SCHED_FIFO,50,2.0000,814,2.0333
rt,dlp,SCHED_FIFO,50,2.0000,815,2.0333
rt,dlp,SCHED_FIFO,50,2.0000,816,2.0246
rt,dlp,SCHED_FIFO,50,2.0000,817,2.0321
rt,dlp,SCHED_FIFO,50,2.0000,818,2.0217
rt,dlp,SCHED_FIFO,50,2.0000,819,2.0311
rt,dlp,SCHED_FIFO,50,2.0000,820,2.0333
rt,dlp,SCHED_FIFO,50,2.0000,821,2.0332
rt,dlp,SCHED_FIFO,50,2.0000,822,2.0371
rt,dlp,SCHED_FIFO,50,2.0000,823,2.0348
rt,dlp,SCHED_FIFO,50,2.0000,824,2.0317
rt,dlp,SCHED_FIFO,50,2.0000,825,2.0372
rt,dlp,SCHED_FIFO,50,2.0000,826,2.0309
rt,dlp,SCHED_FIFO,50,2.0000,827,2.0323
rt,dlp,SCHED_FIFO,50,2.0000,828,2.0351
rt,dlp,SCHED_FIFO,50,2.0000,829,2.0275
rt,dlp,SCHED_FIFO,50,2.0000,830,2.0293
rt,dlp,SCHED_FIFO,50,2.0000,831,2.0173
rt,dlp,SCHED_FIFO,50,2.0000,832,2.0125
rt,dlp,SCHED_FIFO,50,2.0000,833,2.0229
rt,dlp,SCHED_FIFO,50,2.0000,834,2.0362
rt,dlp,SCHED_FIFO,50,2.0000,835,2.0223
rt,dlp,SCHED_FIFO,50,2.0000,836,2.0332
rt,dlp,SCHED_FIFO,50,2.0000,837,2.0328
rt,dlp,SCHED_FIFO,50,2.0000,838,2.0314
rt,dlp,SCHED_FIFO,50,2.0000,839,2.0319
rt,dlp,SCHED_FIFO,50,2.0000,840,1.9907
rt,dlp,SCHED_FIFO,50,2.0000,841,2.0330
rt,dlp,SCHED_FIFO,50,2.0000,842,2.0446
rt,dlp,SCHED_FIFO,50,2.0000,843,2.0372
rt,dlp,SCHED_FIFO,50,2.0000,844,2.0326
rt,dlp,SCHED_FIFO,50,2.0000,845,2.0113
rt,dlp,SCHED_FIFO,50,2.0000,846,2.0281
rt,dlp,SCHED_FIFO,50,2.0000,847,2.0320
rt,dlp,SCHED_FIFO,50,2.0000,848,2.0200
rt,dlp,SCHED_FIFO,50,2.0000,849,2.0270
rt,dlp,SCHED_FIFO,50,2.0000,850,2.0334
rt,dlp,SCHED_FIFO,50,2.0000,851,2.0363
rt,dlp,SCHED_FIFO,50,2.0000,852,2.0322
rt,dlp,SCHED_FIFO,50,2.0000,853,1.9866
rt,dlp,SCHED_FIFO,50,2.0000,854,2.0247
rt,dlp,SCHED_FIFO,50,2.0000,855,2.0429
rt,dlp,SCHED_FIFO,50,2.0000,856,2.0325
rt,dlp,SCHED_FIFO,50,2.0000,857,2.0381
rt,dlp,SCHED_FIFO,50,2.0000,858,2.0430
rt,dlp,SCHED_FIFO,50,2.0000,859,2.0120
rt,dlp,SCHED_FIFO,50,2.0000,860,2.0252
rt,dlp,SCHED_FIFO,50,2.0000,861,2.0256
rt,dlp,SCHED_FIFO,50,2.0000,862,2.0230
rt,dlp,SCHED_FIFO,50,2.0000,863,2.0344
rt,dlp,SCHED_FIFO,50,2.0000,864,2.0832
rt,dlp,SCHED_FIFO,50,2.0000,865,2.0414
rt,dlp,SCHED_FIFO,50,2.0000,866,2.0330
rt,dlp,SCHED_FIFO,50,2.0000,867,2.0380
rt,dlp,SCHED_FIFO,50,2.0000,868,2.0366
rt,dlp,SCHED_FIFO,50,2.0000,869,2.0353
rt,dlp,SCHED_FIFO,50,2.0000,870,2.0271
rt,dlp,SCHED_FIFO,50,2.0000,871,2.0234
rt,dlp,SCHED_FIFO,50,2.0000,872,2.0422
rt,dlp,SCHED_FIFO,50,2.0000,873,2.0274
rt,dlp,SCHED_FIFO,50,2.0000,874,2.0326
rt,dlp,SCHED_FIFO,50,2.0000,875,2.0330
rt,dlp,SCHED_FIFO,50,2.0000,876,2.0330
rt,dlp,SCHED_FIFO,50,2.0000,877,2.0974
rt,dlp,SCHED_FIFO,50,2.0000,878,2.0300
rt,dlp,SCHED_FIFO,50,2.0000,879,2.0346
rt,dlp,SCHED_FIFO,50,2.0000,880,2.0342
rt,dlp,SCHED_FIFO,50,2.0000,881,2.0411
rt,dlp,SCHED_FIFO,50,2.0000,882,2.0315
rt,dlp,SCHED_FIFO,50,2.0000,883,2.0322
rt,dlp,SCHED_FIFO,50,2.0000,884,2.1039
rt,dlp,SCHED_FIFO,50,2.0000,885,2.1124
rt,dlp,SCHED_FIFO,50,2.0000,886,2.0277
rt,dlp,SCHED_FIFO,50,2.0000,887,2.0410
rt,dlp,SCHED_FIFO,50,2.0000,888,2.0317
rt,dlp,SCHED_FIFO,50,2.0000,889,2.0332
rt,dlp,SCHED_FIFO,50,2.0000,890,2.0325
rt,dlp,SCHED_FIFO,50,2.0000,891,2.0360
rt,dlp,SCHED_FIFO,50,2.0000,892,2.0435
rt,dlp,SCHED_FIFO,50,2.0000,893,2.0327
rt,dlp,SCHED_FIFO,50,2.0000,894,2.0315
rt,dlp,SCHED_FIFO,50,2.0000,895,2.0325
rt,dlp,SCHED_FIFO,50,2.0000,896,2.0371
rt,dlp,SCHED_FIFO,50,2.0000,897,2.0251
rt,dlp,SCHED_FIFO,50,2.0000,898,2.0350
rt,dlp,SCHED_FIFO,50,2.0000,899,2.0228
rt,dlp,SCHED_FIFO,50,2.0000,900,2.0323
rt,dlp,SCHED_FIFO,50,2.0000,901,2.0409
rt,dlp,SCHED_FIFO,50,2.0000,902,2.0272
rt,dlp,SCHED_FIFO,50,2.0000,903,2.0313
rt,dlp,SCHED_FIFO,50,2.0000,904,2.0374
rt,dlp,SCHED_FIFO,50,2.0000,905,2.0324
rt,dlp,SCHED_FIFO,50,2.0000,906,2.0272
rt,dlp,SCHED_FIFO,50,2.0000,907,2.0343
rt,dlp,SCHED_FIFO,50,2.0000,908,2.0378
rt,dlp,SCHED_FIFO,50,2.0000,909,2.0350
rt,dlp,SCHED_FIFO,50,2.0000,910,2.0142
rt,dlp,SCHED_FIFO,50,2.0000,911,2.0230
rt,dlp,SCHED_FIFO,50,2.0000,912,2.0306
rt,dlp,SCHED_FIFO,50,2.0000,913,2.0233
rt,dlp,SCHED_FIFO,50,2.0000,914,2.0127
rt,dlp,SCHED_FIFO,50,2.0000,915,2.0327
rt,dlp,SCHED_FIFO,50,2.0000,916,2.0331
rt,dlp,SCHED_FIFO,50,2.0000,917,2.0311
rt,dlp,SCHED_FIFO,50,2.0000,918,2.0367
rt,dlp,SCHED_FIFO,50,2.0000,919,2.0402
rt,dlp,SCHED_FIFO,50,2.0000,920,2.0380
rt,dlp,SCHED_FIFO,50,2.0000,921,2.0267
rt,dlp,SCHED_FIFO,50,2.0000,922,2.0331
rt,dlp,SCHED_FIFO,50,2.0000,923,2.0330
rt,dlp,SCHED_FIFO,50,2.0000,924,2.0807
rt,dlp,SCHED_FIFO,50,2.0000,925,2.0230
rt,dlp,SCHED_FIFO,50,2.0000,926,2.0331
rt,dlp,SCHED_FIFO,50,2.0000,927,2.0382
rt,dlp,SCHED_FIFO,50,2.0000,928,2.0129
rt,dlp,SCHED_FIFO,50,2.0000,929,2.0367
rt,dlp,SCHED_FIFO,50,2.0000,930,2.0271
rt,dlp,SCHED_FIFO,50,2.0000,931,2.0369
rt,dlp,SCHED_FIFO,50,2.0000,932,2.0517
rt,dlp,SCHED_FIFO,50,2.0000,933,2.0341
rt,dlp,SCHED_FIFO,50,2.0000,934,2.0045
rt,dlp,SCHED_FIFO,50,2.0000,935,2.0241
rt,dlp,SCHED_FIFO,50,2.0000,936,2.0334
rt,dlp,SCHED_FIFO,50,2.0000,937,2.0309
rt,dlp,SCHED_FIFO,50,2.0000,938,2.0311
rt,dlp,SCHED_FIFO,50,2.0000,939,2.0296
rt,dlp,SCHED_FIFO,50,2.0000,940,2.0335
rt,dlp,SCHED_FIFO,50,2.0000,941,2.0243
rt,dlp,SCHED_FIFO,50,2.0000,942,2.0253
rt,dlp,SCHED_FIFO,50,2.0000,943,2.0344
rt,dlp,SCHED_FIFO,50,2.0000,944,2.0329
rt,dlp,SCHED_FIFO,50,2.0000,945,2.0317
rt,dlp,SCHED_FIFO,50,2.0000,946,2.0301
rt,dlp,SCHED_FIFO,50,2.0000,947,2.0228
rt,dlp,SCHED_FIFO,50,2.0000,948,2.0308
rt,dlp,SCHED_FIFO,50,2.0000,949,2.0307
rt,dlp,SCHED_FIFO,50,2.0000,950,2.0327
rt,dlp,SCHED_FIFO,50,2.0000,951,2.0391
rt,dlp,SCHED_FIFO,50,2.0000,952,2.0418
rt,dlp,SCHED_FIFO,50,2.0000,953,2.0367
rt,dlp,SCHED_FIFO,50,2.0000,954,2.0239
rt,dlp,SCHED_FIFO,50,2.0000,955,2.0318
rt,dlp,SCHED_FIFO,50,2.0000,956,2.0308
rt,dlp,SCHED_FIFO,50,2.0000,957,2.0066
rt,dlp,SCHED_FIFO,50,2.0000,958,2.0319
rt,dlp,SCHED_FIFO,50,2.0000,959,2.0351
rt,dlp,SCHED_FIFO,50,2.0000,960,2.0315
rt,dlp,SCHED_FIFO,50,2.0000,961,2.0514
rt,dlp,SCHED_FIFO,50,2.0000,962,2.0298
rt,dlp,SCHED_FIFO,50,2.0000,963,2.0336
rt,dlp,SCHED_FIFO,50,2.0000,964,2.0332
rt,dlp,SCHED_FIFO,50,2.0000,965,2.0044
rt,dlp,SCHED_FIFO,50,2.0000,966,2.0325
rt,dlp,SCHED_FIFO,50,2.0000,967,2.0305
rt,dlp,SCHED_FIFO,50,2.0000,968,2.0452
rt,dlp,SCHED_FIFO,50,2.0000,969,2.0266
rt,dlp,SCHED_FIFO,50,2.0000,970,2.0330
rt,dlp,SCHED_FIFO,50,2.0000,971,2.0152
rt,dlp,SCHED_FIFO,50,2.0000,972,2.0286
rt,dlp,SCHED_FIFO,50,2.0000,973,2.1185
rt,dlp,SCHED_FIFO,50,2.0000,974,2.0276
rt,dlp,SCHED_FIFO,50,2.0000,975,2.0334
rt,dlp,SCHED_FIFO,50,2.0000,976,2.0408
rt,dlp,SCHED_FIFO,50,2.0000,977,2.0245
rt,dlp,SCHED_FIFO,50,2.0000,978,2.0333
rt,dlp,SCHED_FIFO,50,2.0000,979,2.0226
rt,dlp,SCHED_FIFO,50,2.0000,980,2.0322
rt,dlp,SCHED_FIFO,50,2.0000,981,2.0280
rt,dlp,SCHED_FIFO,50,2.0000,982,2.0305
rt,dlp,SCHED_FIFO,50,2.0000,983,2.0310
rt,dlp,SCHED_FIFO,50,2.0000,984,2.0999
rt,dlp,SCHED_FIFO,50,2.0000,985,1.9947
rt,dlp,SCHED_FIFO,50,2.0000,986,2.0340
rt,dlp,SCHED_FIFO,50,2.0000,987,2.0411
rt,dlp,SCHED_FIFO,50,2.0000,988,2.0282
rt,dlp,SCHED_FIFO,50,2.0000,989,2.0339
rt,dlp,SCHED_FIFO,50,2.0000,990,2.0352
rt,dlp,SCHED_FIFO,50,2.0000,991,2.0317
rt,dlp,SCHED_FIFO,50,2.0000,992,2.0455
rt,dlp,SCHED_FIFO,50,2.0000,993,2.0323
rt,dlp,SCHED_FIFO,50,2.0000,994,2.0299
rt,dlp,SCHED_FIFO,50,2.0000,995,2.0415
rt,dlp,SCHED_FIFO,50,2.0000,996,2.0325
rt,dlp,SCHED_FIFO,50,2.0000,997,2.0312
rt,dlp,SCHED_FIFO,50,2.0000,998,2.0373
rt,dlp,SCHED_FIFO,50,2.0000,999,2.0368
rt,dlp,SCHED_FIFO,50,5.0000,0,5.0476
rt,dlp,SCHED_FIFO,50,5.0000,1,5.0505
rt,dlp,SCHED_FIFO,50,5.0000,2,5.0469
rt,dlp,SCHED_FIFO,50,5.0000,3,5.0412
rt,dlp,SCHED_FIFO,50,5.0000,4,5.0423
rt,dlp,SCHED_FIFO,50,5.0000,5,5.0417
rt,dlp,SCHED_FIFO,50,5.0000,6,5.0346
rt,dlp,SCHED_FIFO,50,5.0000,7,5.0189
rt,dlp,SCHED_FIFO,50,5.0000,8,5.0384
rt,dlp,SCHED_FIFO,50,5.0000,9,5.0429
rt,dlp,SCHED_FIFO,50,5.0000,10,5.0291
rt,dlp,SCHED_FIFO,50,5.0000,11,5.0306
rt,dlp,SCHED_FIFO,50,5.0000,12,5.0359
rt,dlp,SCHED_FIFO,50,5.0000,13,5.0252
rt,dlp,SCHED_FIFO,50,5.0000,14,5.0363
rt,dlp,SCHED_FIFO,50,5.0000,15,5.0211
rt,dlp,SCHED_FIFO,50,5.0000,16,5.0332
rt,dlp,SCHED_FIFO,50,5.0000,17,5.0293
rt,dlp,SCHED_FIFO,50,5.0000,18,5.0231
rt,dlp,SCHED_FIFO,50,5.0000,19,5.0285
rt,dlp,SCHED_FIFO,50,5.0000,20,5.0367
rt,dlp,SCHED_FIFO,50,5.0000,21,5.0310
rt,dlp,SCHED_FIFO,50,5.0000,22,5.0290
rt,dlp,SCHED_FIFO,50,5.0000,23,5.0340
rt,dlp,SCHED_FIFO,50,5.0000,24,5.0436
rt,dlp,SCHED_FIFO,50,5.0000,25,5.0378
rt,dlp,SCHED_FIFO,50,5.0000,26,5.0310
rt,dlp,SCHED_FIFO,50,5.0000,27,5.0264
rt,dlp,SCHED_FIFO,50,5.0000,28,5.0341
rt,dlp,SCHED_FIFO,50,5.0000,29,5.0486
rt,dlp,SCHED_FIFO,50,5.0000,30,5.0236
rt,dlp,SCHED_FIFO,50,5.0000,31,5.0287
rt,dlp,SCHED_FIFO,50,5.0000,32,5.0319
rt,dlp,SCHED_FIFO,50,5.0000,33,5.0310
rt,dlp,SCHED_FIFO,50,5.0000,34,5.0379
rt,dlp,SCHED_FIFO,50,5.0000,35,5.0295
rt,dlp,SCHED_FIFO,50,5.0000,36,5.0215
rt,dlp,SCHED_FIFO,50,5.0000,37,5.0282
rt,dlp,SCHED_FIFO,50,5.0000,38,5.0140
rt,dlp,SCHED_FIFO,50,5.0000,39,5.0395
rt,dlp,SCHED_FIFO,50,5.0000,40,5.0397
rt,dlp,SCHED_FIFO,50,5.0000,41,5.0355
rt,dlp,SCHED_FIFO,50,5.0000,42,5.0813
rt,dlp,SCHED_FIFO,50,5.0000,43,5.0910
rt,dlp,SCHED_FIFO,50,5.0000,44,5.0376
rt,dlp,SCHED_FIFO,50,5.0000,45,5.0315
rt,dlp,SCHED_FIFO,50,5.0000,46,5.0326
rt,dlp,SCHED_FIFO,50,5.0000,47,5.0380
rt,dlp,SCHED_FIFO,50,5.0000,48,5.0437
rt,dlp,SCHED_FIFO,50,5.0000,49,5.0421
rt,dlp,SCHED_FIFO,50,5.0000,50,5.0460
rt,dlp,SCHED_FIFO,50,5.0000,51,5.0273
rt,dlp,SCHED_FIFO,50,5.0000,52,5.0256
rt,dlp,SCHED_FIFO,50,5.0000,53,5.0366
rt,dlp,SCHED_FIFO,50,5.0000,54,5.0253
rt,dlp,SCHED_FIFO,50,5.0000,55,5.0017
rt,dlp,SCHED_FIFO,50,5.0000,56,5.0395
rt,dlp,SCHED_FIFO,50,5.0000,57,5.0389
rt,dlp,SCHED_FIFO,50,5.0000,58,5.0287
rt,dlp,SCHED_FIFO,50,5.0000,59,5.0441
rt,dlp,SCHED_FIFO,50,5.0000,60,5.0370
rt,dlp,SCHED_FIFO,50,5.0000,61,5.0378
rt,dlp,SCHED_FIFO,50,5.0000,62,5.0254
rt,dlp,SCHED_FIFO,50,5.0000,63,5.0210
rt,dlp,SCHED_FIFO,50,5.0000,64,5.0295
rt,dlp,SCHED_FIFO,50,5.0000,65,5.0419
rt,dlp,SCHED_FIFO,50,5.0000,66,5.0366
rt,dlp,SCHED_FIFO,50,5.0000,67,5.0392
rt,dlp,SCHED_FIFO,50,5.0000,68,5.0385
rt,dlp,SCHED_FIFO,50,5.0000,69,5.0222
rt,dlp,SCHED_FIFO,50,5.0000,70,5.0302
rt,dlp,SCHED_FIFO,50,5.0000,71,5.0321
rt,dlp,SCHED_FIFO,50,5.0000,72,5.0372
rt,dlp,SCHED_FIFO,50,5.0000,73,5.0434
rt,dlp,SCHED_FIFO,50,5.0000,74,5.0388
rt,dlp,SCHED_FIFO,50,5.0000,75,5.0223
rt,dlp,SCHED_FIFO,50,5.0000,76,5.0326
rt,dlp,SCHED_FIFO,50,5.0000,77,5.0489
rt,dlp,SCHED_FIFO,50,5.0000,78,5.0357
rt,dlp,SCHED_FIFO,50,5.0000,79,5.0326
rt,dlp,SCHED_FIFO,50,5.0000,80,5.0416
rt,dlp,SCHED_FIFO,50,5.0000,81,5.0430
rt,dlp,SCHED_FIFO,50,5.0000,82,5.0429
rt,dlp,SCHED_FIFO,50,5.0000,83,5.0331
rt,dlp,SCHED_FIFO,50,5.0000,84,5.0156
rt,dlp,SCHED_FIFO,50,5.0000,85,5.0182
rt,dlp,SCHED_FIFO,50,5.0000,86,5.0370
rt,dlp,SCHED_FIFO,50,5.0000,87,5.0401
rt,dlp,SCHED_FIFO,50,5.0000,88,5.0340
rt,dlp,SCHED_FIFO,50,5.0000,89,5.0414
rt,dlp,SCHED_FIFO,50,5.0000,90,5.0267
rt,dlp,SCHED_FIFO,50,5.0000,91,5.0788
rt,dlp,SCHED_FIFO,50,5.0000,92,5.0687
rt,dlp,SCHED_FIFO,50,5.0000,93,5.0351
rt,dlp,SCHED_FIFO,50,5.0000,94,5.0378
rt,dlp,SCHED_FIFO,50,5.0000,95,5.0379
rt,dlp,SCHED_FIFO,50,5.0000,96,5.0468
rt,dlp,SCHED_FIFO,50,5.0000,97,5.0410
rt,dlp,SCHED_FIFO,50,5.0000,98,5.0323
rt,dlp,SCHED_FIFO,50,5.0000,99,5.0500
rt,dlp,SCHED_FIFO,50,5.0000,100,5.0382
rt,dlp,SCHED_FIFO,50,5.0000,101,5.0346
rt,dlp,SCHED_FIFO,50,5.0000,102,5.0422
rt,dlp,SCHED_FIFO,50,5.0000,103,5.0938
rt,dlp,SCHED_FIFO,50,5.0000,104,5.0377
rt,dlp,SCHED_FIFO,50,5.0000,105,5.0347
rt,dlp,SCHED_FIFO,50,5.0000,106,5.0308
rt,dlp,SCHED_FIFO,50,5.0000,107,5.0392
rt,dlp,SCHED_FIFO,50,5.0000,108,5.0321
rt,dlp,SCHED_FIFO,50,5.0000,109,5.0384
rt,dlp,SCHED_FIFO,50,5.0000,110,5.0330
rt,dlp,SCHED_FIFO,50,5.0000,111,5.0360
rt,dlp,SCHED_FIFO,50,5.0000,112,5.0320
rt,dlp,SCHED_FIFO,50,5.0000,113,5.0409
rt,dlp,SCHED_FIFO,50,5.0000,114,5.0289
rt,dlp,SCHED_FIFO,50,5.0000,115,5.0374
rt,dlp,SCHED_FIFO,50,5.0000,116,5.0356
rt,dlp,SCHED_FIFO,50,5.0000,117,5.0305
rt,dlp,SCHED_FIFO,50,5.0000,118,5.0358
rt,dlp,SCHED_FIFO,50,5.0000,119,5.0136
rt,dlp,SCHED_FIFO,50,5.0000,120,5.0050
rt,dlp,SCHED_FIFO,50,5.0000,121,5.0416
rt,dlp,SCHED_FIFO,50,5.0000,122,5.0348
rt,dlp,SCHED_FIFO,50,5.0000,123,5.0312
rt,dlp,SCHED_FIFO,50,5.0000,124,5.0396
rt,dlp,SCHED_FIFO,50,5.0000,125,5.0326
rt,dlp,SCHED_FIFO,50,5.0000,126,5.0088
rt,dlp,SCHED_FIFO,50,5.0000,127,5.0300
rt,dlp,SCHED_FIFO,50,5.0000,128,5.0345
rt,dlp,SCHED_FIFO,50,5.0000,129,5.0308
rt,dlp,SCHED_FIFO,50,5.0000,130,5.0095
rt,dlp,SCHED_FIFO,50,5.0000,131,5.0414
rt,dlp,SCHED_FIFO,50,5.0000,132,5.0278
rt,dlp,SCHED_FIFO,50,5.0000,133,5.0396
rt,dlp,SCHED_FIFO,50,5.0000,134,5.0292
rt,dlp,SCHED_FIFO,50,5.0000,135,5.0193
rt,dlp,SCHED_FIFO,50,5.0000,136,5.0214
rt,dlp,SCHED_FIFO,50,5.0000,137,4.9878
rt,dlp,SCHED_FIFO,50,5.0000,138,5.0306
rt,dlp,SCHED_FIFO,50,5.0000,139,5.0367
rt,dlp,SCHED_FIFO,50,5.0000,140,5.0281
rt,dlp,SCHED_FIFO,50,5.0000,141,5.0394
rt,dlp,SCHED_FIFO,50,5.0000,142,5.0333
rt,dlp,SCHED_FIFO,50,5.0000,143,5.0332
rt,dlp,SCHED_FIFO,50,5.0000,144,5.0305
rt,dlp,SCHED_FIFO,50,5.0000,145,4.9875
rt,dlp,SCHED_FIFO,50,5.0000,146,5.0165
rt,dlp,SCHED_FIFO,50,5.0000,147,5.0409
rt,dlp,SCHED_FIFO,50,5.0000,148,5.0392
rt,dlp,SCHED_FIFO,50,5.0000,149,5.0317
rt,dlp,SCHED_FIFO,50,5.0000,150,5.0403
rt,dlp,SCHED_FIFO,50,5.0000,151,5.0334
rt,dlp,SCHED_FIFO,50,5.0000,152,5.0371
rt,dlp,SCHED_FIFO,50,5.0000,153,5.0124
rt,dlp,SCHED_FIFO,50,5.0000,154,5.0299
rt,dlp,SCHED_FIFO,50,5.0000,155,5.0284
rt,dlp,SCHED_FIFO,50,5.0000,156,5.0046
rt,dlp,SCHED_FIFO,50,5.0000,157,5.0271
rt,dlp,SCHED_FIFO,50,5.0000,158,5.0451
rt,dlp,SCHED_FIFO,50,5.0000,159,5.0302
rt,dlp,SCHED_FIFO,50,5.0000,160,5.0193
rt,dlp,SCHED_FIFO,50,5.0000,161,5.0311
rt,dlp,SCHED_FIFO,50,5.0000,162,5.0191
rt,dlp,SCHED_FIFO,50,5.0000,163,5.0204
rt,dlp,SCHED_FIFO,50,5.0000,164,5.0279
rt,dlp,SCHED_FIFO,50,5.0000,165,5.0182
rt,dlp,SCHED_FIFO,50,5.0000,166,5.0812
rt,dlp,SCHED_FIFO,50,5.0000,167,5.0270
rt,dlp,SCHED_FIFO,50,5.0000,168,5.0425
rt,dlp,SCHED_FIFO,50,5.0000,169,5.0339
rt,dlp,SCHED_FIFO,50,5.0000,170,5.0341
rt,dlp,SCHED_FIFO,50,5.0000,171,5.0354
rt,dlp,SCHED_FIFO,50,5.0000,172,5.0288
rt,dlp,SCHED_FIFO,50,5.0000,173,5.0311
rt,dlp,SCHED_FIFO,50,5.0000,174,5.0350
rt,dlp,SCHED_FIFO,50,5.0000,175,5.0302
rt,dlp,SCHED_FIFO,50,5.0000,176,5.0383
rt,dlp,SCHED_FIFO,50,5.0000,177,5.0398
rt,dlp,SCHED_FIFO,50,5.0000,178,5.0276
rt,dlp,SCHED_FIFO,50,5.0000,179,5.0311
rt,dlp,SCHED_FIFO,50,5.0000,180,5.0174
rt,dlp,SCHED_FIFO,50,5.0000,181,5.0256
rt,dlp,SCHED_FIFO,50,5.0000,182,5.1018
rt,dlp,SCHED_FIFO,50,5.0000,183,5.0402
rt,dlp,SCHED_FIFO,50,5.0000,184,5.0397
rt,dlp,SCHED_FIFO,50,5.0000,185,5.0369
rt,dlp,SCHED_FIFO,50,5.0000,186,5.0498
rt,dlp,SCHED_FIFO,50,5.0000,187,5.0393
rt,dlp,SCHED_FIFO,50,5.0000,188,5.0224
rt,dlp,SCHED_FIFO,50,5.0000,189,5.0188
rt,dlp,SCHED_FIFO,50,5.0000,190,4.9953
rt,dlp,SCHED_FIFO,50,5.0000,191,5.0127
rt,dlp,SCHED_FIFO,50,5.0000,192,5.0388
rt,dlp,SCHED_FIFO,50,5.0000,193,5.0376
rt,dlp,SCHED_FIFO,50,5.0000,194,5.0351
rt,dlp,SCHED_FIFO,50,5.0000,195,5.0307
rt,dlp,SCHED_FIFO,50,5.0000,196,5.0514
rt,dlp,SCHED_FIFO,50,5.0000,197,5.0399
rt,dlp,SCHED_FIFO,50,5.0000,198,5.0383
rt,dlp,SCHED_FIFO,50,5.0000,199,5.0263
rt,dlp,SCHED_FIFO,50,5.0000,200,4.9978
rt,dlp,SCHED_FIFO,50,5.0000,201,5.0434
rt,dlp,SCHED_FIFO,50,5.0000,202,5.0329
rt,dlp,SCHED_FIFO,50,5.0000,203,5.0351
rt,dlp,SCHED_FIFO,50,5.0000,204,5.0392
rt,dlp,SCHED_FIFO,50,5.0000,205,5.0367
rt,dlp,SCHED_FIFO,50,5.0000,206,5.0231
rt,dlp,SCHED_FIFO,50,5.0000,207,5.0324
rt,dlp,SCHED_FIFO,50,5.0000,208,5.0395
rt,dlp,SCHED_FIFO,50,5.0000,209,5.0494
rt,dlp,SCHED_FIFO,50,5.0000,210,5.0369
rt,dlp,SCHED_FIFO,50,5.0000,211,5.1001
rt,dlp,SCHED_FIFO,50,5.0000,212,5.0001
rt,dlp,SCHED_FIFO,50,5.0000,213,5.0390
rt,dlp,SCHED_FIFO,50,5.0000,214,5.0348
rt,dlp,SCHED_FIFO,50,5.0000,215,5.0255
rt,dlp,SCHED_FIFO,50,5.0000,216,5.0278
rt,dlp,SCHED_FIFO,50,5.0000,217,5.0100
rt,dlp,SCHED_FIFO,50,5.0000,218,5.0342
rt,dlp,SCHED_FIFO,50,5.0000,219,5.0479
rt,dlp,SCHED_FIFO,50,5.0000,220,5.0358
rt,dlp,SCHED_FIFO,50,5.0000,221,5.0479
rt,dlp,SCHED_FIFO,50,5.0000,222,5.0412
rt,dlp,SCHED_FIFO,50,5.0000,223,5.0330
rt,dlp,SCHED_FIFO,50,5.0000,224,5.0270
rt,dlp,SCHED_FIFO,50,5.0000,225,5.0316
rt,dlp,SCHED_FIFO,50,5.0000,226,5.0278
rt,dlp,SCHED_FIFO,50,5.0000,227,5.0095
rt,dlp,SCHED_FIFO,50,5.0000,228,5.0321
rt,dlp,SCHED_FIFO,50,5.0000,229,5.0406
rt,dlp,SCHED_FIFO,50,5.0000,230,5.0353
rt,dlp,SCHED_FIFO,50,5.0000,231,5.0368
rt,dlp,SCHED_FIFO,50,5.0000,232,5.0225
rt,dlp,SCHED_FIFO,50,5.0000,233,5.0383
rt,dlp,SCHED_FIFO,50,5.0000,234,5.0401
rt,dlp,SCHED_FIFO,50,5.0000,235,4.9917
rt,dlp,SCHED_FIFO,50,5.0000,236,5.0254
rt,dlp,SCHED_FIFO,50,5.0000,237,5.0319
rt,dlp,SCHED_FIFO,50,5.0000,238,5.0415
rt,dlp,SCHED_FIFO,50,5.0000,239,5.0365
rt,dlp,SCHED_FIFO,50,5.0000,240,5.0367
rt,dlp,SCHED_FIFO,50,5.0000,241,5.0474
rt,dlp,SCHED_FIFO,50,5.0000,242,5.0307
rt,dlp,SCHED_FIFO,50,5.0000,243,5.0220
rt,dlp,SCHED_FIFO,50,5.0000,244,4.9934
rt,dlp,SCHED_FIFO,50,5.0000,245,4.9986
rt,dlp,SCHED_FIFO,50,5.0000,246,5.0287
rt,dlp,SCHED_FIFO,50,5.0000,247,5.0380
rt,dlp,SCHED_FIFO,50,5.0000,248,5.0189
rt,dlp,SCHED_FIFO,50,5.0000,249,5.0424
rt,dlp,SCHED_FIFO,50,5.0000,250,5.0396
rt,dlp,SCHED_FIFO,50,5.0000,251,5.0333
rt,dlp,SCHED_FIFO,50,5.0000,252,5.0493
rt,dlp,SCHED_FIFO,50,5.0000,253,5.0341
rt,dlp,SCHED_FIFO,50,5.0000,254,5.0804
rt,dlp,SCHED_FIFO,50,5.0000,255,5.0300
rt,dlp,SCHED_FIFO,50,5.0000,256,5.0265
rt,dlp,SCHED_FIFO,50,5.0000,257,5.0439
rt,dlp,SCHED_FIFO,50,5.0000,258,5.0160
rt,dlp,SCHED_FIFO,50,5.0000,259,5.0307
rt,dlp,SCHED_FIFO,50,5.0000,260,5.0342
rt,dlp,SCHED_FIFO,50,5.0000,261,5.0356
rt,dlp,SCHED_FIFO,50,5.0000,262,5.0382
rt,dlp,SCHED_FIFO,50,5.0000,263,5.0377
rt,dlp,SCHED_FIFO,50,5.0000,264,5.0196
rt,dlp,SCHED_FIFO,50,5.0000,265,5.0312
rt,dlp,SCHED_FIFO,50,5.0000,266,5.0391
rt,dlp,SCHED_FIFO,50,5.0000,267,5.0383
rt,dlp,SCHED_FIFO,50,5.0000,268,5.0360
rt,dlp,SCHED_FIFO,50,5.0000,269,5.0316
rt,dlp,SCHED_FIFO,50,5.0000,270,5.0297
rt,dlp,SCHED_FIFO,50,5.0000,271,5.0323
rt,dlp,SCHED_FIFO,50,5.0000,272,5.0443
rt,dlp,SCHED_FIFO,50,5.0000,273,5.0428
rt,dlp,SCHED_FIFO,50,5.0000,274,5.0378
rt,dlp,SCHED_FIFO,50,5.0000,275,5.0319
rt,dlp,SCHED_FIFO,50,5.0000,276,5.0300
rt,dlp,SCHED_FIFO,50,5.0000,277,5.0226
rt,dlp,SCHED_FIFO,50,5.0000,278,5.0407
rt,dlp,SCHED_FIFO,50,5.0000,279,5.0791
rt,dlp,SCHED_FIFO,50,5.0000,280,4.9929
rt,dlp,SCHED_FIFO,50,5.0000,281,5.0093
rt,dlp,SCHED_FIFO,50,5.0000,282,5.0407
rt,dlp,SCHED_FIFO,50,5.0000,283,5.0317
rt,dlp,SCHED_FIFO,50,5.0000,284,5.0317
rt,dlp,SCHED_FIFO,50,5.0000,285,5.0314
rt,dlp,SCHED_FIFO,50,5.0000,286,5.0392
rt,dlp,SCHED_FIFO,50,5.0000,287,5.0365
rt,dlp,SCHED_FIFO,50,5.0000,288,5.0095
rt,dlp,SCHED_FIFO,50,5.0000,289,5.0455
rt,dlp,SCHED_FIFO,50,5.0000,290,5.0392
rt,dlp,SCHED_FIFO,50,5.0000,291,5.0351
rt,dlp,SCHED_FIFO,50,5.0000,292,5.0304
rt,dlp,SCHED_FIFO,50,5.0000,293,5.0382
rt,dlp,SCHED_FIFO,50,5.0000,294,5.0391
rt,dlp,SCHED_FIFO,50,5.0000,295,5.0345
rt,dlp,SCHED_FIFO,50,5.0000,296,5.0047
rt,dlp,SCHED_FIFO,50,5.0000,297,5.0300
rt,dlp,SCHED_FIFO,50,5.0000,298,5.0399
rt,dlp,SCHED_FIFO,50,5.0000,299,5.0279
rt,dlp,SCHED_FIFO,50,5.0000,300,5.0328
rt,dlp,SCHED_FIFO,50,5.0000,301,5.0395
rt,dlp,SCHED_FIFO,50,5.0000,302,5.0373
rt,dlp,SCHED_FIFO,50,5.0000,303,5.0439
rt,dlp,SCHED_FIFO,50,5.0000,304,5.0043
rt,dlp,SCHED_FIFO,50,5.0000,305,5.0261
rt,dlp,SCHED_FIFO,50,5.0000,306,5.0345
rt,dlp,SCHED_FIFO,50,5.0000,307,5.0379
rt,dlp,SCHED_FIFO,50,5.0000,308,5.0406
rt,dlp,SCHED_FIFO,50,5.0000,309,5.0372
rt,dlp,SCHED_FIFO,50,5.0000,310,5.0457
rt,dlp,SCHED_FIFO,50,5.0000,311,5.0401
rt,dlp,SCHED_FIFO,50,5.0000,312,5.0370
rt,dlp,SCHED_FIFO,50,5.0000,313,5.0174
rt,dlp,SCHED_FIFO,50,5.0000,314,5.0462
rt,dlp,SCHED_FIFO,50,5.0000,315,5.0449
rt,dlp,SCHED_FIFO,50,5.0000,316,5.0484
rt,dlp,SCHED_FIFO,50,5.0000,317,5.0788
rt,dlp,SCHED_FIFO,50,5.0000,318,5.0318
rt,dlp,SCHED_FIFO,50,5.0000,319,5.0415
rt,dlp,SCHED_FIFO,50,5.0000,320,5.0431
rt,dlp,SCHED_FIFO,50,5.0000,321,5.0385
rt,dlp,SCHED_FIFO,50,5.0000,322,5.0410
rt,dlp,SCHED_FIFO,50,5.0000,323,5.0209
rt,dlp,SCHED_FIFO,50,5.0000,324,5.0190
rt,dlp,SCHED_FIFO,50,5.0000,325,5.0328
rt,dlp,SCHED_FIFO,50,5.0000,326,5.0376
rt,dlp,SCHED_FIFO,50,5.0000,327,5.0025
rt,dlp,SCHED_FIFO,50,5.0000,328,5.0206
rt,dlp,SCHED_FIFO,50,5.0000,329,5.0229
rt,dlp,SCHED_FIFO,50,5.0000,330,5.0325
rt,dlp,SCHED_FIFO,50,5.0000,331,5.0335
rt,dlp,SCHED_FIFO,50,5.0000,332,5.0212
rt,dlp,SCHED_FIFO,50,5.0000,333,5.0315
rt,dlp,SCHED_FIFO,50,5.0000,334,5.1191
rt,dlp,SCHED_FIFO,50,5.0000,335,5.0366
rt,dlp,SCHED_FIFO,50,5.0000,336,5.0414
rt,dlp,SCHED_FIFO,50,5.0000,337,5.0319
rt,dlp,SCHED_FIFO,50,5.0000,338,5.0327
rt,dlp,SCHED_FIFO,50,5.0000,339,5.0372
rt,dlp,SCHED_FIFO,50,5.0000,340,5.0195
rt,dlp,SCHED_FIFO,50,5.0000,341,5.0335
rt,dlp,SCHED_FIFO,50,5.0000,342,5.0315
rt,dlp,SCHED_FIFO,50,5.0000,343,5.0314
rt,dlp,SCHED_FIFO,50,5.0000,344,5.0296
rt,dlp,SCHED_FIFO,50,5.0000,345,5.0394
rt,dlp,SCHED_FIFO,50,5.0000,346,5.0413
rt,dlp,SCHED_FIFO,50,5.0000,347,4.9993
rt,dlp,SCHED_FIFO,50,5.0000,348,4.9934
rt,dlp,SCHED_FIFO,50,5.0000,349,5.0397
rt,dlp,SCHED_FIFO,50,5.0000,350,5.0584
rt,dlp,SCHED_FIFO,50,5.0000,351,5.0411
rt,dlp,SCHED_FIFO,50,5.0000,352,5.0315
rt,dlp,SCHED_FIFO,50,5.0000,353,5.0201
rt,dlp,SCHED_FIFO,50,5.0000,354,5.0344
rt,dlp,SCHED_FIFO,50,5.0000,355,5.0299
rt,dlp,SCHED_FIFO,50,5.0000,356,5.0345
rt,dlp,SCHED_FIFO,50,5.0000,357,5.0405
rt,dlp,SCHED_FIFO,50,5.0000,358,5.0436
rt,dlp,SCHED_FIFO,50,5.0000,359,5.0314
rt,dlp,SCHED_FIFO,50,5.0000,360,5.0374
rt,dlp,SCHED_FIFO,50,5.0000,361,5.0365
rt,dlp,SCHED_FIFO,50,5.0000,362,5.0259
rt,dlp,SCHED_FIFO,50,5.0000,363,5.0186
rt,dlp,SCHED_FIFO,50,5.0000,364,5.0105
rt,dlp,SCHED_FIFO,50,5.0000,365,5.0385
rt,dlp,SCHED_FIFO,50,5.0000,366,5.0301
rt,dlp,SCHED_FIFO,50,5.0000,367,5.0314
rt,dlp,SCHED_FIFO,50,5.0000,368,4.9859
rt,dlp,SCHED_FIFO,50,5.0000,369,4.9946
rt,dlp,SCHED_FIFO,50,5.0000,370,5.0014
rt,dlp,SCHED_FIFO,50,5.0000,371,5.0303
rt,dlp,SCHED_FIFO,50,5.0000,372,5.0252
rt,dlp,SCHED_FIFO,50,5.0000,373,5.0404
rt,dlp,SCHED_FIFO,50,5.0000,374,5.0251
rt,dlp,SCHED_FIFO,50,5.0000,375,5.0423
rt,dlp,SCHED_FIFO,50,5.0000,376,5.0331
rt,dlp,SCHED_FIFO,50,5.0000,377,5.0846
rt,dlp,SCHED_FIFO,50,5.0000,378,5.0321
rt,dlp,SCHED_FIFO,50,5.0000,379,5.0329
rt,dlp,SCHED_FIFO,50,5.0000,380,5.0359
rt,dlp,SCHED_FIFO,50,5.0000,381,5.0318
rt,dlp,SCHED_FIFO,50,5.0000,382,5.0338
rt,dlp,SCHED_FIFO,50,5.0000,383,5.0411
rt,dlp,SCHED_FIFO,50,5.0000,384,5.0497
rt,dlp,SCHED_FIFO,50,5.0000,385,5.0345
rt,dlp,SCHED_FIFO,50,5.0000,386,5.0298
rt,dlp,SCHED_FIFO,50,5.0000,387,5.0460
rt,dlp,SCHED_FIFO,50,5.0000,388,5.0367
rt,dlp,SCHED_FIFO,50,5.0000,389,5.0365
rt,dlp,SCHED_FIFO,50,5.0000,390,5.0342
rt,dlp,SCHED_FIFO,50,5.0000,391,5.0360
rt,dlp,SCHED_FIFO,50,5.0000,392,5.0124
rt,dlp,SCHED_FIFO,50,5.0000,393,5.0337
rt,dlp,SCHED_FIFO,50,5.0000,394,5.0343
rt,dlp,SCHED_FIFO,50,5.0000,395,5.0408
rt,dlp,SCHED_FIFO,50,5.0000,396,5.0272
rt,dlp,SCHED_FIFO,50,5.0000,397,5.0371
rt,dlp,SCHED_FIFO,50,5.0000,398,5.0298
rt,dlp,SCHED_FIFO,50,5.0000,399,5.0100
rt,dlp,SCHED_FIFO,50,5.0000,400,5.0307
rt,dlp,SCHED_FIFO,50,5.0000,401,5.0221
rt,dlp,SCHED_FIFO,50,5.0000,402,5.0309
rt,dlp,SCHED_FIFO,50,5.0000,403,5.0342
rt,dlp,SCHED_FIFO,50,5.0000,404,5.0406
rt,dlp,SCHED_FIFO,50,5.0000,405,5.0401
rt,dlp,SCHED_FIFO,50,5.0000,406,5.0338
rt,dlp,SCHED_FIFO,50,5.0000,407,5.0264
rt,dlp,SCHED_FIFO,50,5.0000,408,5.0401
rt,dlp,SCHED_FIFO,50,5.0000,409,5.0286
rt,dlp,SCHED_FIFO,50,5.0000,410,5.0388
rt,dlp,SCHED_FIFO,50,5.0000,411,5.0305
rt,dlp,SCHED_FIFO,50,5.0000,412,5.0384
rt,dlp,SCHED_FIFO,50,5.0000,413,4.9915
rt,dlp,SCHED_FIFO,50,5.0000,414,5.0235
rt,dlp,SCHED_FIFO,50,5.0000,415,5.0309
rt,dlp,SCHED_FIFO,50,5.0000,416,5.0348
rt,dlp,SCHED_FIFO,50,5.0000,417,5.0201
rt,dlp,SCHED_FIFO,50,5.0000,418,5.0236
rt,dlp,SCHED_FIFO,50,5.0000,419,5.0275
rt,dlp,SCHED_FIFO,50,5.0000,420,5.0294
rt,dlp,SCHED_FIFO,50,5.0000,421,5.0374
rt,dlp,SCHED_FIFO,50,5.0000,422,5.1088
rt,dlp,SCHED_FIFO,50,5.0000,423,5.0236
rt,dlp,SCHED_FIFO,50,5.0000,424,5.0200
rt,dlp,SCHED_FIFO,50,5.0000,425,5.0198
rt,dlp,SCHED_FIFO,50,5.0000,426,5.0297
rt,dlp,SCHED_FIFO,50,5.0000,427,5.0362
rt,dlp,SCHED_FIFO,50,5.0000,428,5.0378
rt,dlp,SCHED_FIFO,50,5.0000,429,5.0326
rt,dlp,SCHED_FIFO,50,5.0000,430,5.0989
rt,dlp,SCHED_FIFO,50,5.0000,431,5.0379
rt,dlp,SCHED_FIFO,50,5.0000,432,5.0397
rt,dlp,SCHED_FIFO,50,5.0000,433,5.0369
rt,dlp,SCHED_FIFO,50,5.0000,434,5.0234
rt,dlp,SCHED_FIFO,50,5.0000,435,5.0340
rt,dlp,SCHED_FIFO,50,5.0000,436,5.0312
rt,dlp,SCHED_FIFO,50,5.0000,437,5.0123
rt,dlp,SCHED_FIFO,50,5.0000,438,5.0330
rt,dlp,SCHED_FIFO,50,5.0000,439,5.0344
rt,dlp,SCHED_FIFO,50,5.0000,440,5.0348
rt,dlp,SCHED_FIFO,50,5.0000,441,5.0126
rt,dlp,SCHED_FIFO,50,5.0000,442,5.0378
rt,dlp,SCHED_FIFO,50,5.0000,443,5.0386
rt,dlp,SCHED_FIFO,50,5.0000,444,5.0333
rt,dlp,SCHED_FIFO,50,5.0000,445,5.0136
rt,dlp,SCHED_FIFO,50,5.0000,446,5.0388
rt,dlp,SCHED_FIFO,50,5.0000,447,5.0240
rt,dlp,SCHED_FIFO,50,5.0000,448,5.0333
rt,dlp,SCHED_FIFO,50,5.0000,449,5.0187
rt,dlp,SCHED_FIFO,50,5.0000,450,5.0239
rt,dlp,SCHED_FIFO,50,5.0000,451,5.0306
rt,dlp,SCHED_FIFO,50,5.0000,452,5.0329
rt,dlp,SCHED_FIFO,50,5.0000,453,5.0433
rt,dlp,SCHED_FIFO,50,5.0000,454,5.0384
rt,dlp,SCHED_FIFO,50,5.0000,455,5.0270
rt,dlp,SCHED_FIFO,50,5.0000,456,5.0197
rt,dlp,SCHED_FIFO,50,5.0000,457,5.0317
rt,dlp,SCHED_FIFO,50,5.0000,458,5.0290
rt,dlp,SCHED_FIFO,50,5.0000,459,5.0376
rt,dlp,SCHED_FIFO,50,5.0000,460,5.0326
rt,dlp,SCHED_FIFO,50,5.0000,461,5.0270
rt,dlp,SCHED_FIFO,50,5.0000,462,5.0345
rt,dlp,SCHED_FIFO,50,5.0000,463,5.0202
rt,dlp,SCHED_FIFO,50,5.0000,464,5.0324
rt,dlp,SCHED_FIFO,50,5.0000,465,5.0410
rt,dlp,SCHED_FIFO,50,5.0000,466,5.0305
rt,dlp,SCHED_FIFO,50,5.0000,467,5.0401
rt,dlp,SCHED_FIFO,50,5.0000,468,5.0294
rt,dlp,SCHED_FIFO,50,5.0000,469,5.0413
rt,dlp,SCHED_FIFO,50,5.0000,470,5.0356
rt,dlp,SCHED_FIFO,50,5.0000,471,5.0332
rt,dlp,SCHED_FIFO,50,5.0000,472,5.0349
rt,dlp,SCHED_FIFO,50,5.0000,473,5.0304
rt,dlp,SCHED_FIFO,50,5.0000,474,5.0437
rt,dlp,SCHED_FIFO,50,5.0000,475,5.0304
rt,dlp,SCHED_FIFO,50,5.0000,476,5.0273
rt,dlp,SCHED_FIFO,50,5.0000,477,5.0329
rt,dlp,SCHED_FIFO,50,5.0000,478,5.0372
rt,dlp,SCHED_FIFO,50,5.0000,479,5.0165
rt,dlp,SCHED_FIFO,50,5.0000,480,5.0310
rt,dlp,SCHED_FIFO,50,5.0000,481,5.0294
rt,dlp,SCHED_FIFO,50,5.0000,482,5.0412
rt,dlp,SCHED_FIFO,50,5.0000,483,5.0251
rt,dlp,SCHED_FIFO,50,5.0000,484,5.0187
rt,dlp,SCHED_FIFO,50,5.0000,485,5.0360
rt,dlp,SCHED_FIFO,50,5.0000,486,5.0257
rt,dlp,SCHED_FIFO,50,5.0000,487,5.0370
rt,dlp,SCHED_FIFO,50,5.0000,488,5.0391
rt,dlp,SCHED_FIFO,50,5.0000,489,5.0792
rt,dlp,SCHED_FIFO,50,5.0000,490,5.0213
rt,dlp,SCHED_FIFO,50,5.0000,491,5.0276
rt,dlp,SCHED_FIFO,50,5.0000,492,5.0239
rt,dlp,SCHED_FIFO,50,5.0000,493,5.0329
rt,dlp,SCHED_FIFO,50,5.0000,494,5.0119
rt,dlp,SCHED_FIFO,50,5.0000,495,5.0391
rt,dlp,SCHED_FIFO,50,5.0000,496,5.0022
rt,dlp,SCHED_FIFO,50,5.0000,497,5.0363
rt,dlp,SCHED_FIFO,50,5.0000,498,5.0265
rt,dlp,SCHED_FIFO,50,5.0000,499,5.0308
rt,dlp,SCHED_FIFO,50,5.0000,500,5.0218
rt,dlp,SCHED_FIFO,50,5.0000,501,5.0399
rt,dlp,SCHED_FIFO,50,5.0000,502,5.0016
rt,dlp,SCHED_FIFO,50,5.0000,503,5.0389
rt,dlp,SCHED_FIFO,50,5.0000,504,5.0362
rt,dlp,SCHED_FIFO,50,5.0000,505,5.0449
rt,dlp,SCHED_FIFO,50,5.0000,506,5.0285
rt,dlp,SCHED_FIFO,50,5.0000,507,5.0204
rt,dlp,SCHED_FIFO,50,5.0000,508,5.0314
rt,dlp,SCHED_FIFO,50,5.0000,509,5.0876
rt,dlp,SCHED_FIFO,50,5.0000,510,5.0332
rt,dlp,SCHED_FIFO,50,5.0000,511,5.0331
rt,dlp,SCHED_FIFO,50,5.0000,512,5.0318
rt,dlp,SCHED_FIFO,50,5.0000,513,5.0287
rt,dlp,SCHED_FIFO,50,5.0000,514,5.0477
rt,dlp,SCHED_FIFO,50,5.0000,515,5.0334
rt,dlp,SCHED_FIFO,50,5.0000,516,5.0344
rt,dlp,SCHED_FIFO,50,5.0000,517,5.0323
rt,dlp,SCHED_FIFO,50,5.0000,518,5.0290
rt,dlp,SCHED_FIFO,50,5.0000,519,5.0367
rt,dlp,SCHED_FIFO,50,5.0000,520,5.0308
rt,dlp,SCHED_FIFO,50,5.0000,521,5.0233
rt,dlp,SCHED_FIFO,50,5.0000,522,5.0243
rt,dlp,SCHED_FIFO,50,5.0000,523,5.0345
rt,dlp,SCHED_FIFO,50,5.0000,524,5.0335
rt,dlp,SCHED_FIFO,50,5.0000,525,5.0272
rt,dlp,SCHED_FIFO,50,5.0000,526,5.0100
rt,dlp,SCHED_FIFO,50,5.0000,527,5.0385
rt,dlp,SCHED_FIFO,50,5.0000,528,5.0071
rt,dlp,SCHED_FIFO,50,5.0000,529,5.0361
rt,dlp,SCHED_FIFO,50,5.0000,530,5.0407
rt,dlp,SCHED_FIFO,50,5.0000,531,5.0928
rt,dlp,SCHED_FIFO,50,5.0000,532,5.0287
rt,dlp,SCHED_FIFO,50,5.0000,533,5.0290
rt,dlp,SCHED_FIFO,50,5.0000,534,5.0304
rt,dlp,SCHED_FIFO,50,5.0000,535,5.0240
rt,dlp,SCHED_FIFO,50,5.0000,536,5.0303
rt,dlp,SCHED_FIFO,50,5.0000,537,5.0310
rt,dlp,SCHED_FIFO,50,5.0000,538,5.0300
rt,dlp,SCHED_FIFO,50,5.0000,539,5.0336
rt,dlp,SCHED_FIFO,50,5.0000,540,5.0314
rt,dlp,SCHED_FIFO,50,5.0000,541,5.0312
rt,dlp,SCHED_FIFO,50,5.0000,542,5.0476
rt,dlp,SCHED_FIFO,50,5.0000,543,5.0366
rt,dlp,SCHED_FIFO,50,5.0000,544,5.0454
rt,dlp,SCHED_FIFO,50,5.0000,545,5.0336
rt,dlp,SCHED_FIFO,50,5.0000,546,5.0324
rt,dlp,SCHED_FIFO,50,5.0000,547,5.0273
rt,dlp,SCHED_FIFO,50,5.0000,548,5.0237
rt,dlp,SCHED_FIFO,50,5.0000,549,5.0246
rt,dlp,SCHED_FIFO,50,5.0000,550,5.0344
rt,dlp,SCHED_FIFO,50,5.0000,551,5.0346
rt,dlp,SCHED_FIFO,50,5.0000,552,5.0370
rt,dlp,SCHED_FIFO,50,5.0000,553,5.0235
rt,dlp,SCHED_FIFO,50,5.0000,554,5.0278
rt,dlp,SCHED_FIFO,50,5.0000,555,5.0489
rt,dlp,SCHED_FIFO,50,5.0000,556,5.0288
rt,dlp,SCHED_FIFO,50,5.0000,557,5.0417
rt,dlp,SCHED_FIFO,50,5.0000,558,5.1018
rt,dlp,SCHED_FIFO,50,5.0000,559,5.0396
rt,dlp,SCHED_FIFO,50,5.0000,560,5.0344
rt,dlp,SCHED_FIFO,50,5.0000,561,5.0289
rt,dlp,SCHED_FIFO,50,5.0000,562,5.0247
rt,dlp,SCHED_FIFO,50,5.0000,563,5.0374
rt,dlp,SCHED_FIFO,50,5.0000,564,5.0322
rt,dlp,SCHED_FIFO,50,5.0000,565,5.0352
rt,dlp,SCHED_FIFO,50,5.0000,566,5.0329
rt,dlp,SCHED_FIFO,50,5.0000,567,5.0371
rt,dlp,SCHED_FIFO,50,5.0000,568,5.0314
rt,dlp,SCHED_FIFO,50,5.0000,569,5.0324
rt,dlp,SCHED_FIFO,50,5.0000,570,5.0345
rt,dlp,SCHED_FIFO,50,5.0000,571,5.0216
rt,dlp,SCHED_FIFO,50,5.0000,572,5.0388
rt,dlp,SCHED_FIFO,50,5.0000,573,5.0276
rt,dlp,SCHED_FIFO,50,5.0000,574,5.0226
rt,dlp,SCHED_FIFO,50,5.0000,575,5.0316
rt,dlp,SCHED_FIFO,50,5.0000,576,5.0351
rt,dlp,SCHED_FIFO,50,5.0000,577,5.0313
rt,dlp,SCHED_FIFO,50,5.0000,578,5.0352
rt,dlp,SCHED_FIFO,50,5.0000,579,5.0242
rt,dlp,SCHED_FIFO,50,5.0000,580,5.0042
rt,dlp,SCHED_FIFO,50,5.0000,581,5.0013
rt,dlp,SCHED_FIFO,50,5.0000,582,5.0184
rt,dlp,SCHED_FIFO,50,5.0000,583,5.0342
rt,dlp,SCHED_FIFO,50,5.0000,584,5.0391
rt,dlp,SCHED_FIFO,50,5.0000,585,5.0402
rt,dlp,SCHED_FIFO,50,5.0000,586,5.0388
rt,dlp,SCHED_FIFO,50,5.0000,587,5.0364
rt,dlp,SCHED_FIFO,50,5.0000,588,5.0305
rt,dlp,SCHED_FIFO,50,5.0000,589,5.0259
rt,dlp,SCHED_FIFO,50,5.0000,590,5.0369
rt,dlp,SCHED_FIFO,50,5.0000,591,5.0299
rt,dlp,SCHED_FIFO,50,5.0000,592,5.0335
rt,dlp,SCHED_FIFO,50,5.0000,593,5.0826
rt,dlp,SCHED_FIFO,50,5.0000,594,5.0175
rt,dlp,SCHED_FIFO,50,5.0000,595,5.0328
rt,dlp,SCHED_FIFO,50,5.0000,596,5.0386
rt,dlp,SCHED_FIFO,50,5.0000,597,5.0290
rt,dlp,SCHED_FIFO,50,5.0000,598,5.0365
rt,dlp,SCHED_FIFO,50,5.0000,599,5.0463
rt,dlp,SCHED_FIFO,50,5.0000,600,5.0368
rt,dlp,SCHED_FIFO,50,5.0000,601,5.0420
rt,dlp,SCHED_FIFO,50,5.0000,602,5.0317
rt,dlp,SCHED_FIFO,50,5.0000,603,5.0305
rt,dlp,SCHED_FIFO,50,5.0000,604,5.0419
rt,dlp,SCHED_FIFO,50,5.0000,605,5.0340
rt,dlp,SCHED_FIFO,50,5.0000,606,5.0345
rt,dlp,SCHED_FIFO,50,5.0000,607,5.0136
rt,dlp,SCHED_FIFO,50,5.0000,608,5.0438
rt,dlp,SCHED_FIFO,50,5.0000,609,5.0382
rt,dlp,SCHED_FIFO,50,5.0000,610,5.0299
rt,dlp,SCHED_FIFO,50,5.0000,611,5.0351
rt,dlp,SCHED_FIFO,50,5.0000,612,5.0229
rt,dlp,SCHED_FIFO,50,5.0000,613,5.0298
rt,dlp,SCHED_FIFO,50,5.0000,614,5.0226
rt,dlp,SCHED_FIFO,50,5.0000,615,5.0337
rt,dlp,SCHED_FIFO,50,5.0000,616,5.0322
rt,dlp,SCHED_FIFO,50,5.0000,617,5.0334
rt,dlp,SCHED_FIFO,50,5.0000,618,5.0871
rt,dlp,SCHED_FIFO,50,5.0000,619,5.0286
rt,dlp,SCHED_FIFO,50,5.0000,620,5.0386
rt,dlp,SCHED_FIFO,50,5.0000,621,5.0424
rt,dlp,SCHED_FIFO,50,5.0000,622,5.0232
rt,dlp,SCHED_FIFO,50,5.0000,623,5.0246
rt,dlp,SCHED_FIFO,50,5.0000,624,5.0087
rt,dlp,SCHED_FIFO,50,5.0000,625,5.0289
rt,dlp,SCHED_FIFO,50,5.0000,626,5.0190
rt,dlp,SCHED_FIFO,50,5.0000,627,5.0370
rt,dlp,SCHED_FIFO,50,5.0000,628,5.0435
rt,dlp,SCHED_FIFO,50,5.0000,629,5.0344
rt,dlp,SCHED_FIFO,50,5.0000,630,4.9974
rt,dlp,SCHED_FIFO,50,5.0000,631,5.0018
rt,dlp,SCHED_FIFO,50,5.0000,632,5.0319
rt,dlp,SCHED_FIFO,50,5.0000,633,5.0246
rt,dlp,SCHED_FIFO,50,5.0000,634,5.0339
rt,dlp,SCHED_FIFO,50,5.0000,635,5.0429
rt,dlp,SCHED_FIFO,50,5.0000,636,5.0260
rt,dlp,SCHED_FIFO,50,5.0000,637,5.0315
rt,dlp,SCHED_FIFO,50,5.0000,638,5.0343
rt,dlp,SCHED_FIFO,50,5.0000,639,5.0380
rt,dlp,SCHED_FIFO,50,5.0000,640,5.0340
rt,dlp,SCHED_FIFO,50,5.0000,641,5.0314
rt,dlp,SCHED_FIFO,50,5.0000,642,5.0410
rt,dlp,SCHED_FIFO,50,5.0000,643,5.0130
rt,dlp,SCHED_FIFO,50,5.0000,644,5.0318
rt,dlp,SCHED_FIFO,50,5.0000,645,5.0306
rt,dlp,SCHED_FIFO,50,5.0000,646,5.0290
rt,dlp,SCHED_FIFO,50,5.0000,647,5.0411
rt,dlp,SCHED_FIFO,50,5.0000,648,5.0321
rt,dlp,SCHED_FIFO,50,5.0000,649,5.0083
rt,dlp,SCHED_FIFO,50,5.0000,650,5.0327
rt,dlp,SCHED_FIFO,50,5.0000,651,5.0326
rt,dlp,SCHED_FIFO,50,5.0000,652,5.0412
rt,dlp,SCHED_FIFO,50,5.0000,653,5.0421
rt,dlp,SCHED_FIFO,50,5.0000,654,5.0331
rt,dlp,SCHED_FIFO,50,5.0000,655,5.0174
rt,dlp,SCHED_FIFO,50,5.0000,656,5.0030
rt,dlp,SCHED_FIFO,50,5.0000,657,5.0091
rt,dlp,SCHED_FIFO,50,5.0000,658,5.0203
rt,dlp,SCHED_FIFO,50,5.0000,659,5.0333
rt,dlp,SCHED_FIFO,50,5.0000,660,5.0223
rt,dlp,SCHED_FIFO,50,5.0000,661,5.0282
rt,dlp,SCHED_FIFO,50,5.0000,662,5.0265
rt,dlp,SCHED_FIFO,50,5.0000,663,5.0255
rt,dlp,SCHED_FIFO,50,5.0000,664,4.9958
rt,dlp,SCHED_FIFO,50,5.0000,665,5.0063
rt,dlp,SCHED_FIFO,50,5.0000,666,5.0375
rt,dlp,SCHED_FIFO,50,5.0000,667,5.0118
rt,dlp,SCHED_FIFO,50,5.0000,668,5.0073
rt,dlp,SCHED_FIFO,50,5.0000,669,5.0336
rt,dlp,SCHED_FIFO,50,5.0000,670,5.0286
rt,dlp,SCHED_FIFO,50,5.0000,671,5.0263
rt,dlp,SCHED_FIFO,50,5.0000,672,5.0398
rt,dlp,SCHED_FIFO,50,5.0000,673,5.0368
rt,dlp,SCHED_FIFO,50,5.0000,674,5.0385
rt,dlp,SCHED_FIFO,50,5.0000,675,5.0362
rt,dlp,SCHED_FIFO,50,5.0000,676,5.0477
rt,dlp,SCHED_FIFO,50,5.0000,677,5.0970
rt,dlp,SCHED_FIFO,50,5.0000,678,5.0299
rt,dlp,SCHED_FIFO,50,5.0000,679,5.0129
rt,dlp,SCHED_FIFO,50,5.0000,680,5.0420
rt,dlp,SCHED_FIFO,50,5.0000,681,5.0272
rt,dlp,SCHED_FIFO,50,5.0000,682,5.0311
rt,dlp,SCHED_FIFO,50,5.0000,683,5.0300
rt,dlp,SCHED_FIFO,50,5.0000,684,5.0361
rt,dlp,SCHED_FIFO,50,5.0000,685,5.0332
rt,dlp,SCHED_FIFO,50,5.0000,686,5.0359
rt,dlp,SCHED_FIFO,50,5.0000,687,5.0322
rt,dlp,SCHED_FIFO,50,5.0000,688,5.0121
rt,dlp,SCHED_FIFO,50,5.0000,689,5.0305
rt,dlp,SCHED_FIFO,50,5.0000,690,5.0359
rt,dlp,SCHED_FIFO,50,5.0000,691,5.0288
rt,dlp,SCHED_FIFO,50,5.0000,692,5.0255
rt,dlp,SCHED_FIFO,50,5.0000,693,5.0334
rt,dlp,SCHED_FIFO,50,5.0000,694,5.0315
rt,dlp,SCHED_FIFO,50,5.0000,695,5.0196
rt,dlp,SCHED_FIFO,50,5.0000,696,5.0439
rt,dlp,SCHED_FIFO,50,5.0000,697,5.0377
rt,dlp,SCHED_FIFO,50,5.0000,698,5.0316
rt,dlp,SCHED_FIFO,50,5.0000,699,5.0250
rt,dlp,SCHED_FIFO,50,5.0000,700,5.0323
rt,dlp,SCHED_FIFO,50,5.0000,701,5.0351
rt,dlp,SCHED_FIFO,50,5.0000,702,5.0280
rt,dlp,SCHED_FIFO,50,5.0000,703,5.0388
rt,dlp,SCHED_FIFO,50,5.0000,704,5.0774
rt,dlp,SCHED_FIFO,50,5.0000,705,5.0214
rt,dlp,SCHED_FIFO,50,5.0000,706,5.0417
rt,dlp,SCHED_FIFO,50,5.0000,707,5.0360
rt,dlp,SCHED_FIFO,50,5.0000,708,5.0332
rt,dlp,SCHED_FIFO,50,5.0000,709,5.0265
rt,dlp,SCHED_FIFO,50,5.0000,710,5.0219
rt,dlp,SCHED_FIFO,50,5.0000,711,5.0342
rt,dlp,SCHED_FIFO,50,5.0000,712,5.0333
rt,dlp,SCHED_FIFO,50,5.0000,713,5.0479
rt,dlp,SCHED_FIFO,50,5.0000,714,5.0163
rt,dlp,SCHED_FIFO,50,5.0000,715,5.0192
rt,dlp,SCHED_FIFO,50,5.0000,716,5.0300
rt,dlp,SCHED_FIFO,50,5.0000,717,5.0349
rt,dlp,SCHED_FIFO,50,5.0000,718,5.0268
rt,dlp,SCHED_FIFO,50,5.0000,719,5.0435
rt,dlp,SCHED_FIFO,50,5.0000,720,5.0327
rt,dlp,SCHED_FIFO,50,5.0000,721,5.0359
rt,dlp,SCHED_FIFO,50,5.0000,722,5.0354
rt,dlp,SCHED_FIFO,50,5.0000,723,5.0825
rt,dlp,SCHED_FIFO,50,5.0000,724,5.0319
rt,dlp,SCHED_FIFO,50,5.0000,725,5.0148
rt,dlp,SCHED_FIFO,50,5.0000,726,5.0374
rt,dlp,SCHED_FIFO,50,5.0000,727,5.0380
rt,dlp,SCHED_FIFO,50,5.0000,728,5.0183
rt,dlp,SCHED_FIFO,50,5.0000,729,5.0303
rt,dlp,SCHED_FIFO,50,5.0000,730,5.0412
rt,dlp,SCHED_FIFO,50,5.0000,731,5.0287
rt,dlp,SCHED_FIFO,50,5.0000,732,5.0296
rt,dlp,SCHED_FIFO,50,5.0000,733,5.0330
rt,dlp,SCHED_FIFO,50,5.0000,734,5.0256
rt,dlp,SCHED_FIFO,50,5.0000,735,5.0352
rt,dlp,SCHED_FIFO,50,5.0000,736,5.0392
rt,dlp,SCHED_FIFO,50,5.0000,737,5.0413
rt,dlp,SCHED_FIFO,50,5.0000,738,5.0304
rt,dlp,SCHED_FIFO,50,5.0000,739,5.0293
rt,dlp,SCHED_FIFO,50,5.0000,740,5.0385
rt,dlp,SCHED_FIFO,50,5.0000,741,5.0053
rt,dlp,SCHED_FIFO,50,5.0000,742,5.0148
rt,dlp,SCHED_FIFO,50,5.0000,743,5.0287
rt,dlp,SCHED_FIFO,50,5.0000,744,5.0177
rt,dlp,SCHED_FIFO,50,5.0000,745,5.0313
rt,dlp,SCHED_FIFO,50,5.0000,746,5.0416
rt,dlp,SCHED_FIFO,50,5.0000,747,5.0241
rt,dlp,SCHED_FIFO,50,5.0000,748,5.0299
rt,dlp,SCHED_FIFO,50,5.0000,749,5.0102
rt,dlp,SCHED_FIFO,50,5.0000,750,5.0333
rt,dlp,SCHED_FIFO,50,5.0000,751,5.0304
rt,dlp,SCHED_FIFO,50,5.0000,752,5.0304
rt,dlp,SCHED_FIFO,50,5.0000,753,5.0344
rt,dlp,SCHED_FIFO,50,5.0000,754,5.0331
rt,dlp,SCHED_FIFO,50,5.0000,755,5.0393
rt,dlp,SCHED_FIFO,50,5.0000,756,5.0077
rt,dlp,SCHED_FIFO,50,5.0000,757,5.0421
rt,dlp,SCHED_FIFO,50,5.0000,758,5.0204
rt,dlp,SCHED_FIFO,50,5.0000,759,5.0112
rt,dlp,SCHED_FIFO,50,5.0000,760,5.0348
rt,dlp,SCHED_FIFO,50,5.0000,761,5.0344
rt,dlp,SCHED_FIFO,50,5.0000,762,5.0402
rt,dlp,SCHED_FIFO,50,5.0000,763,5.0271
rt,dlp,SCHED_FIFO,50,5.0000,764,5.0324
rt,dlp,SCHED_FIFO,50,5.0000,765,4.9976
rt,dlp,SCHED_FIFO,50,5.0000,766,5.0329
rt,dlp,SCHED_FIFO,50,5.0000,767,5.0275
rt,dlp,SCHED_FIFO,50,5.0000,768,5.0312
rt,dlp,SCHED_FIFO,50,5.0000,769,5.0305
rt,dlp,SCHED_FIFO,50,5.0000,770,5.0321
rt,dlp,SCHED_FIFO,50,5.0000,771,5.0370
rt,dlp,SCHED_FIFO,50,5.0000,772,5.0306
rt,dlp,SCHED_FIFO,50,5.0000,773,5.0268
rt,dlp,SCHED_FIFO,50,5.0000,774,5.0092
rt,dlp,SCHED_FIFO,50,5.0000,775,4.9990
rt,dlp,SCHED_FIFO,50,5.0000,776,5.0321
rt,dlp,SCHED_FIFO,50,5.0000,777,5.0375
rt,dlp,SCHED_FIFO,50,5.0000,778,5.0334
rt,dlp,SCHED_FIFO,50,5.0000,779,5.0387
rt,dlp,SCHED_FIFO,50,5.0000,780,5.0271
rt,dlp,SCHED_FIFO,50,5.0000,781,5.0319
rt,dlp,SCHED_FIFO,50,5.0000,782,5.0314
rt,dlp,SCHED_FIFO,50,5.0000,783,5.0156
rt,dlp,SCHED_FIFO,50,5.0000,784,5.0351
rt,dlp,SCHED_FIFO,50,5.0000,785,5.0170
rt,dlp,SCHED_FIFO,50,5.0000,786,5.0237
rt,dlp,SCHED_FIFO,50,5.0000,787,5.0243
rt,dlp,SCHED_FIFO,50,5.0000,788,5.0468
rt,dlp,SCHED_FIFO,50,5.0000,789,5.0420
rt,dlp,SCHED_FIFO,50,5.0000,790,5.0348
rt,dlp,SCHED_FIFO,50,5.0000,791,5.0250
rt,dlp,SCHED_FIFO,50,5.0000,792,5.0048
rt,dlp,SCHED_FIFO,50,5.0000,793,5.0450
rt,dlp,SCHED_FIFO,50,5.0000,794,5.0485
rt,dlp,SCHED_FIFO,50,5.0000,795,5.0411
rt,dlp,SCHED_FIFO,50,5.0000,796,5.0398
rt,dlp,SCHED_FIFO,50,5.0000,797,5.0437
rt,dlp,SCHED_FIFO,50,5.0000,798,5.0339
rt,dlp,SCHED_FIFO,50,5.0000,799,5.0362
rt,dlp,SCHED_FIFO,50,5.0000,800,5.0334
rt,dlp,SCHED_FIFO,50,5.0000,801,5.0106
rt,dlp,SCHED_FIFO,50,5.0000,802,5.0219
rt,dlp,SCHED_FIFO,50,5.0000,803,5.0390
rt,dlp,SCHED_FIFO,50,5.0000,804,5.0349
rt,dlp,SCHED_FIFO,50,5.0000,805,5.0394
rt,dlp,SCHED_FIFO,50,5.0000,806,5.0410
rt,dlp,SCHED_FIFO,50,5.0000,807,5.0376
rt,dlp,SCHED_FIFO,50,5.0000,808,5.0408
rt,dlp,SCHED_FIFO,50,5.0000,809,5.0317
rt,dlp,SCHED_FIFO,50,5.0000,810,5.0204
rt,dlp,SCHED_FIFO,50,5.0000,811,4.9988
rt,dlp,SCHED_FIFO,50,5.0000,812,5.0396
rt,dlp,SCHED_FIFO,50,5.0000,813,5.0318
rt,dlp,SCHED_FIFO,50,5.0000,814,5.0298
rt,dlp,SCHED_FIFO,50,5.0000,815,5.0432
rt,dlp,SCHED_FIFO,50,5.0000,816,5.0341
rt,dlp,SCHED_FIFO,50,5.0000,817,5.0103
rt,dlp,SCHED_FIFO,50,5.0000,818,5.0290
rt,dlp,SCHED_FIFO,50,5.0000,819,5.0274
rt,dlp,SCHED_FIFO,50,5.0000,820,5.0291
rt,dlp,SCHED_FIFO,50,5.0000,821,5.0356
rt,dlp,SCHED_FIFO,50,5.0000,822,5.0380
rt,dlp,SCHED_FIFO,50,5.0000,823,5.0323
rt,dlp,SCHED_FIFO,50,5.0000,824,5.0345
rt,dlp,SCHED_FIFO,50,5.0000,825,5.0288
rt,dlp,SCHED_FIFO,50,5.0000,826,5.0380
rt,dlp,SCHED_FIFO,50,5.0000,827,5.0308
rt,dlp,SCHED_FIFO,50,5.0000,828,5.0304
rt,dlp,SCHED_FIFO,50,5.0000,829,5.0324
rt,dlp,SCHED_FIFO,50,5.0000,830,5.0341
rt,dlp,SCHED_FIFO,50,5.0000,831,5.0294
rt,dlp,SCHED_FIFO,50,5.0000,832,5.0367
rt,dlp,SCHED_FIFO,50,5.0000,833,5.0389
rt,dlp,SCHED_FIFO,50,5.0000,834,5.0361
rt,dlp,SCHED_FIFO,50,5.0000,835,5.0238
rt,dlp,SCHED_FIFO,50,5.0000,836,5.0174
rt,dlp,SCHED_FIFO,50,5.0000,837,5.0338
rt,dlp,SCHED_FIFO,50,5.0000,838,5.0288
rt,dlp,SCHED_FIFO,50,5.0000,839,5.0356
rt,dlp,SCHED_FIFO,50,5.0000,840,5.0345
rt,dlp,SCHED_FIFO,50,5.0000,841,5.0272
rt,dlp,SCHED_FIFO,50,5.0000,842,5.0318
rt,dlp,SCHED_FIFO,50,5.0000,843,5.0248
rt,dlp,SCHED_FIFO,50,5.0000,844,5.0399
rt,dlp,SCHED_FIFO,50,5.0000,845,5.0311
rt,dlp,SCHED_FIFO,50,5.0000,846,5.0312
rt,dlp,SCHED_FIFO,50,5.0000,847,5.0348
rt,dlp,SCHED_FIFO,50,5.0000,848,5.0256
rt,dlp,SCHED_FIFO,50,5.0000,849,5.0284
rt,dlp,SCHED_FIFO,50,5.0000,850,5.0185
rt,dlp,SCHED_FIFO,50,5.0000,851,5.0374
rt,dlp,SCHED_FIFO,50,5.0000,852,5.0283
rt,dlp,SCHED_FIFO,50,5.0000,853,5.0358
rt,dlp,SCHED_FIFO,50,5.0000,854,5.0295
rt,dlp,SCHED_FIFO,50,5.0000,855,5.0106
rt,dlp,SCHED_FIFO,50,5.0000,856,5.0347
rt,dlp,SCHED_FIFO,50,5.0000,857,5.0105
rt,dlp,SCHED_FIFO,50,5.0000,858,5.0318
rt,dlp,SCHED_FIFO,50,5.0000,859,5.0216
rt,dlp,SCHED_FIFO,50,5.0000,860,5.0384
rt,dlp,SCHED_FIFO,50,5.0000,861,5.0397
rt,dlp,SCHED_FIFO,50,5.0000,862,5.0323
rt,dlp,SCHED_FIFO,50,5.0000,863,5.0332
rt,dlp,SCHED_FIFO,50,5.0000,864,5.0329
rt,dlp,SCHED_FIFO,50,5.0000,865,5.0384
rt,dlp,SCHED_FIFO,50,5.0000,866,5.0142
rt,dlp,SCHED_FIFO,50,5.0000,867,5.0009
rt,dlp,SCHED_FIFO,50,5.0000,868,5.0383
rt,dlp,SCHED_FIFO,50,5.0000,869,5.0182
rt,dlp,SCHED_FIFO,50,5.0000,870,5.0325
rt,dlp,SCHED_FIFO,50,5.0000,871,5.0431
rt,dlp,SCHED_FIFO,50,5.0000,872,5.0400
rt,dlp,SCHED_FIFO,50,5.0000,873,5.0336
rt,dlp,SCHED_FIFO,50,5.0000,874,5.0798
rt,dlp,SCHED_FIFO,50,5.0000,875,5.0232
rt,dlp,SCHED_FIFO,50,5.0000,876,5.0400
rt,dlp,SCHED_FIFO,50,5.0000,877,5.0434
rt,dlp,SCHED_FIFO,50,5.0000,878,5.0466
rt,dlp,SCHED_FIFO,50,5.0000,879,5.0374
rt,dlp,SCHED_FIFO,50,5.0000,880,5.0330
rt,dlp,SCHED_FIFO,50,5.0000,881,5.0366
rt,dlp,SCHED_FIFO,50,5.0000,882,5.0219
rt,dlp,SCHED_FIFO,50,5.0000,883,5.0382
rt,dlp,SCHED_FIFO,50,5.0000,884,5.0326
rt,dlp,SCHED_FIFO,50,5.0000,885,5.0346
rt,dlp,SCHED_FIFO,50,5.0000,886,5.0291
rt,dlp,SCHED_FIFO,50,5.0000,887,5.0386
rt,dlp,SCHED_FIFO,50,5.0000,888,5.0311
rt,dlp,SCHED_FIFO,50,5.0000,889,5.0342
rt,dlp,SCHED_FIFO,50,5.0000,890,5.0276
rt,dlp,SCHED_FIFO,50,5.0000,891,5.0219
rt,dlp,SCHED_FIFO,50,5.0000,892,5.0294
rt,dlp,SCHED_FIFO,50,5.0000,893,5.0371
rt,dlp,SCHED_FIFO,50,5.0000,894,5.0360
rt,dlp,SCHED_FIFO,50,5.0000,895,5.0320
rt,dlp,SCHED_FIFO,50,5.0000,896,5.0321
rt,dlp,SCHED_FIFO,50,5.0000,897,5.0064
rt,dlp,SCHED_FIFO,50,5.0000,898,5.0279
rt,dlp,SCHED_FIFO,50,5.0000,899,5.0193
rt,dlp,SCHED_FIFO,50,5.0000,900,5.0418
rt,dlp,SCHED_FIFO,50,5.0000,901,5.0369
rt,dlp,SCHED_FIFO,50,5.0000,902,5.0305
rt,dlp,SCHED_FIFO,50,5.0000,903,5.0271
rt,dlp,SCHED_FIFO,50,5.0000,904,5.0401
rt,dlp,SCHED_FIFO,50,5.0000,905,5.0322
rt,dlp,SCHED_FIFO,50,5.0000,906,5.0292
rt,dlp,SCHED_FIFO,50,5.0000,907,5.0397
rt,dlp,SCHED_FIFO,50,5.0000,908,5.0273
rt,dlp,SCHED_FIFO,50,5.0000,909,5.0967
rt,dlp,SCHED_FIFO,50,5.0000,910,5.0263
rt,dlp,SCHED_FIFO,50,5.0000,911,5.0396
rt,dlp,SCHED_FIFO,50,5.0000,912,5.0661
rt,dlp,SCHED_FIFO,50,5.0000,913,5.0432
rt,dlp,SCHED_FIFO,50,5.0000,914,5.0310
rt,dlp,SCHED_FIFO,50,5.0000,915,5.0480
rt,dlp,SCHED_FIFO,50,5.0000,916,5.0292
rt,dlp,SCHED_FIFO,50,5.0000,917,5.0372
rt,dlp,SCHED_FIFO,50,5.0000,918,5.0397
rt,dlp,SCHED_FIFO,50,5.0000,919,5.0378
rt,dlp,SCHED_FIFO,50,5.0000,920,5.0312
rt,dlp,SCHED_FIFO,50,5.0000,921,5.0421
rt,dlp,SCHED_FIFO,50,5.0000,922,5.0317
rt,dlp,SCHED_FIFO,50,5.0000,923,5.0296
rt,dlp,SCHED_FIFO,50,5.0000,924,5.0300
rt,dlp,SCHED_FIFO,50,5.0000,925,5.0259
rt,dlp,SCHED_FIFO,50,5.0000,926,5.0279
rt,dlp,SCHED_FIFO,50,5.0000,927,5.0330
rt,dlp,SCHED_FIFO,50,5.0000,928,5.0351
rt,dlp,SCHED_FIFO,50,5.0000,929,5.0117
rt,dlp,SCHED_FIFO,50,5.0000,930,5.0365
rt,dlp,SCHED_FIFO,50,5.0000,931,5.0201
rt,dlp,SCHED_FIFO,50,5.0000,932,5.0046
rt,dlp,SCHED_FIFO,50,5.0000,933,5.0376
rt,dlp,SCHED_FIFO,50,5.0000,934,5.0375
rt,dlp,SCHED_FIFO,50,5.0000,935,4.9844
rt,dlp,SCHED_FIFO,50,5.0000,936,5.0105
rt,dlp,SCHED_FIFO,50,5.0000,937,5.0354
rt,dlp,SCHED_FIFO,50,5.0000,938,5.0310
rt,dlp,SCHED_FIFO,50,5.0000,939,5.0333
rt,dlp,SCHED_FIFO,50,5.0000,940,5.0351
rt,dlp,SCHED_FIFO,50,5.0000,941,5.0266
rt,dlp,SCHED_FIFO,50,5.0000,942,5.0448
rt,dlp,SCHED_FIFO,50,5.0000,943,5.0130
rt,dlp,SCHED_FIFO,50,5.0000,944,5.0295
rt,dlp,SCHED_FIFO,50,5.0000,945,5.0294
rt,dlp,SCHED_FIFO,50,5.0000,946,5.0386
rt,dlp,SCHED_FIFO,50,5.0000,947,5.0329
rt,dlp,SCHED_FIFO,50,5.0000,948,5.0178
rt,dlp,SCHED_FIFO,50,5.0000,949,5.0302
rt,dlp,SCHED_FIFO,50,5.0000,950,5.0416
rt,dlp,SCHED_FIFO,50,5.0000,951,5.0309
rt,dlp,SCHED_FIFO,50,5.0000,952,5.0379
rt,dlp,SCHED_FIFO,50,5.0000,953,5.0366
rt,dlp,SCHED_FIFO,50,5.0000,954,5.0372
rt,dlp,SCHED_FIFO,50,5.0000,955,5.0352
rt,dlp,SCHED_FIFO,50,5.0000,956,5.0368
rt,dlp,SCHED_FIFO,50,5.0000,957,5.0309
rt,dlp,SCHED_FIFO,50,5.0000,958,5.0362
rt,dlp,SCHED_FIFO,50,5.0000,959,5.0321
rt,dlp,SCHED_FIFO,50,5.0000,960,5.0436
rt,dlp,SCHED_FIFO,50,5.0000,961,4.9942
rt,dlp,SCHED_FIFO,50,5.0000,962,5.0250
rt,dlp,SCHED_FIFO,50,5.0000,963,5.0214
rt,dlp,SCHED_FIFO,50,5.0000,964,5.0251
rt,dlp,SCHED_FIFO,50,5.0000,965,5.0323
rt,dlp,SCHED_FIFO,50,5.0000,966,5.0337
rt,dlp,SCHED_FIFO,50,5.0000,967,5.0230
rt,dlp,SCHED_FIFO,50,5.0000,968,5.0097
rt,dlp,SCHED_FIFO,50,5.0000,969,5.0039
rt,dlp,SCHED_FIFO,50,5.0000,970,5.0381
rt,dlp,SCHED_FIFO,50,5.0000,971,5.0323
rt,dlp,SCHED_FIFO,50,5.0000,972,5.0348
rt,dlp,SCHED_FIFO,50,5.0000,973,5.0273
rt,dlp,SCHED_FIFO,50,5.0000,974,5.0305
rt,dlp,SCHED_FIFO,50,5.0000,975,5.0196
rt,dlp,SCHED_FIFO,50,5.0000,976,5.0275
rt,dlp,SCHED_FIFO,50,5.0000,977,5.0366
rt,dlp,SCHED_FIFO,50,5.0000,978,5.0300
rt,dlp,SCHED_FIFO,50,5.0000,979,5.0096
rt,dlp,SCHED_FIFO,50,5.0000,980,5.0368
rt,dlp,SCHED_FIFO,50,5.0000,981,5.0318
rt,dlp,SCHED_FIFO,50,5.0000,982,5.0239
rt,dlp,SCHED_FIFO,50,5.0000,983,5.0267
rt,dlp,SCHED_FIFO,50,5.0000,984,5.0328
rt,dlp,SCHED_FIFO,50,5.0000,985,5.0306
rt,dlp,SCHED_FIFO,50,5.0000,986,5.0320
rt,dlp,SCHED_FIFO,50,5.0000,987,5.0333
rt,dlp,SCHED_FIFO,50,5.0000,988,5.0344
rt,dlp,SCHED_FIFO,50,5.0000,989,5.0325
rt,dlp,SCHED_FIFO,50,5.0000,990,5.0271
rt,dlp,SCHED_FIFO,50,5.0000,991,5.0115
rt,dlp,SCHED_FIFO,50,5.0000,992,5.0397
rt,dlp,SCHED_FIFO,50,5.0000,993,5.0347
rt,dlp,SCHED_FIFO,50,5.0000,994,5.0341
rt,dlp,SCHED_FIFO,50,5.0000,995,5.0310
rt,dlp,SCHED_FIFO,50,5.0000,996,5.0337
rt,dlp,SCHED_FIFO,50,5.0000,997,5.0306
rt,dlp,SCHED_FIFO,50,5.0000,998,5.0164
rt,dlp,SCHED_FIFO,50,5.0000,999,5.0115
rt,dlp,SCHED_FIFO,50,10.0000,0,10.0488
rt,dlp,SCHED_FIFO,50,10.0000,1,10.0393
rt,dlp,SCHED_FIFO,50,10.0000,2,10.0195
rt,dlp,SCHED_FIFO,50,10.0000,3,10.0363
rt,dlp,SCHED_FIFO,50,10.0000,4,10.0198
rt,dlp,SCHED_FIFO,50,10.0000,5,10.0434
rt,dlp,SCHED_FIFO,50,10.0000,6,10.0313
rt,dlp,SCHED_FIFO,50,10.0000,7,10.0320
rt,dlp,SCHED_FIFO,50,10.0000,8,10.0360
rt,dlp,SCHED_FIFO,50,10.0000,9,10.0337
rt,dlp,SCHED_FIFO,50,10.0000,10,10.0484
rt,dlp,SCHED_FIFO,50,10.0000,11,10.0398
rt,dlp,SCHED_FIFO,50,10.0000,12,10.0231
rt,dlp,SCHED_FIFO,50,10.0000,13,10.0230
rt,dlp,SCHED_FIFO,50,10.0000,14,10.0537
rt,dlp,SCHED_FIFO,50,10.0000,15,10.0470
rt,dlp,SCHED_FIFO,50,10.0000,16,10.0262
rt,dlp,SCHED_FIFO,50,10.0000,17,10.0270
rt,dlp,SCHED_FIFO,50,10.0000,18,10.0335
rt,dlp,SCHED_FIFO,50,10.0000,19,10.0337
rt,dlp,SCHED_FIFO,50,10.0000,20,10.1063
rt,dlp,SCHED_FIFO,50,10.0000,21,10.0781
rt,dlp,SCHED_FIFO,50,10.0000,22,10.0321
rt,dlp,SCHED_FIFO,50,10.0000,23,10.0303
rt,dlp,SCHED_FIFO,50,10.0000,24,10.0314
rt,dlp,SCHED_FIFO,50,10.0000,25,10.0266
rt,dlp,SCHED_FIFO,50,10.0000,26,10.0434
rt,dlp,SCHED_FIFO,50,10.0000,27,10.1097
rt,dlp,SCHED_FIFO,50,10.0000,28,10.0304
rt,dlp,SCHED_FIFO,50,10.0000,29,10.0423
rt,dlp,SCHED_FIFO,50,10.0000,30,10.0299
rt,dlp,SCHED_FIFO,50,10.0000,31,10.0217
rt,dlp,SCHED_FIFO,50,10.0000,32,10.0436
rt,dlp,SCHED_FIFO,50,10.0000,33,10.0065
rt,dlp,SCHED_FIFO,50,10.0000,34,10.0279
rt,dlp,SCHED_FIFO,50,10.0000,35,10.0092
rt,dlp,SCHED_FIFO,50,10.0000,36,10.0220
rt,dlp,SCHED_FIFO,50,10.0000,37,10.0296
rt,dlp,SCHED_FIFO,50,10.0000,38,10.0307
rt,dlp,SCHED_FIFO,50,10.0000,39,10.0413
rt,dlp,SCHED_FIFO,50,10.0000,40,10.0369
rt,dlp,SCHED_FIFO,50,10.0000,41,10.0378
rt,dlp,SCHED_FIFO,50,10.0000,42,10.0468
rt,dlp,SCHED_FIFO,50,10.0000,43,10.0266
rt,dlp,SCHED_FIFO,50,10.0000,44,10.0342
rt,dlp,SCHED_FIFO,50,10.0000,45,10.0342
rt,dlp,SCHED_FIFO,50,10.0000,46,10.0319
rt,dlp,SCHED_FIFO,50,10.0000,47,10.0340
rt,dlp,SCHED_FIFO,50,10.0000,48,10.0223
rt,dlp,SCHED_FIFO,50,10.0000,49,10.0293
rt,dlp,SCHED_FIFO,50,10.0000,50,10.0381
rt,dlp,SCHED_FIFO,50,10.0000,51,10.0272
rt,dlp,SCHED_FIFO,50,10.0000,52,10.0294
rt,dlp,SCHED_FIFO,50,10.0000,53,10.0315
rt,dlp,SCHED_FIFO,50,10.0000,54,10.0285
rt,dlp,SCHED_FIFO,50,10.0000,55,10.0297
rt,dlp,SCHED_FIFO,50,10.0000,56,10.0284
rt,dlp,SCHED_FIFO,50,10.0000,57,10.0389
rt,dlp,SCHED_FIFO,50,10.0000,58,10.0923
rt,dlp,SCHED_FIFO,50,10.0000,59,10.0315
rt,dlp,SCHED_FIFO,50,10.0000,60,10.0274
rt,dlp,SCHED_FIFO,50,10.0000,61,10.0318
rt,dlp,SCHED_FIFO,50,10.0000,62,10.0339
rt,dlp,SCHED_FIFO,50,10.0000,63,10.0388
rt,dlp,SCHED_FIFO,50,10.0000,64,10.0298
rt,dlp,SCHED_FIFO,50,10.0000,65,10.0836
rt,dlp,SCHED_FIFO,50,10.0000,66,10.0385
rt,dlp,SCHED_FIFO,50,10.0000,67,10.0330
rt,dlp,SCHED_FIFO,50,10.0000,68,10.0370
rt,dlp,SCHED_FIFO,50,10.0000,69,10.0402
rt,dlp,SCHED_FIFO,50,10.0000,70,10.0414
rt,dlp,SCHED_FIFO,50,10.0000,71,10.0393
rt,dlp,SCHED_FIFO,50,10.0000,72,10.0341
rt,dlp,SCHED_FIFO,50,10.0000,73,10.0392
rt,dlp,SCHED_FIFO,50,10.0000,74,10.0337
rt,dlp,SCHED_FIFO,50,10.0000,75,10.0231
rt,dlp,SCHED_FIFO,50,10.0000,76,10.0424
rt,dlp,SCHED_FIFO,50,10.0000,77,10.0351
rt,dlp,SCHED_FIFO,50,10.0000,78,10.0403
rt,dlp,SCHED_FIFO,50,10.0000,79,10.0382
rt,dlp,SCHED_FIFO,50,10.0000,80,10.0513
rt,dlp,SCHED_FIFO,50,10.0000,81,10.0303
rt,dlp,SCHED_FIFO,50,10.0000,82,9.9939
rt,dlp,SCHED_FIFO,50,10.0000,83,10.0289
rt,dlp,SCHED_FIFO,50,10.0000,84,10.0356
rt,dlp,SCHED_FIFO,50,10.0000,85,10.0314
rt,dlp,SCHED_FIFO,50,10.0000,86,10.0420
rt,dlp,SCHED_FIFO,50,10.0000,87,10.0500
rt,dlp,SCHED_FIFO,50,10.0000,88,10.0250
rt,dlp,SCHED_FIFO,50,10.0000,89,10.0120
rt,dlp,SCHED_FIFO,50,10.0000,90,10.0311
rt,dlp,SCHED_FIFO,50,10.0000,91,10.0315
rt,dlp,SCHED_FIFO,50,10.0000,92,10.0199
rt,dlp,SCHED_FIFO,50,10.0000,93,10.0292
rt,dlp,SCHED_FIFO,50,10.0000,94,10.0338
rt,dlp,SCHED_FIFO,50,10.0000,95,10.0420
rt,dlp,SCHED_FIFO,50,10.0000,96,10.0368
rt,dlp,SCHED_FIFO,50,10.0000,97,10.0233
rt,dlp,SCHED_FIFO,50,10.0000,98,10.0427
rt,dlp,SCHED_FIFO,50,10.0000,99,10.0441
rt,dlp,SCHED_FIFO,50,10.0000,100,10.0364
rt,dlp,SCHED_FIFO,50,10.0000,101,10.0188
rt,dlp,SCHED_FIFO,50,10.0000,102,10.0395
rt,dlp,SCHED_FIFO,50,10.0000,103,10.0295
rt,dlp,SCHED_FIFO,50,10.0000,104,10.1153
rt,dlp,SCHED_FIFO,50,10.0000,105,10.0431
rt,dlp,SCHED_FIFO,50,10.0000,106,10.0347
rt,dlp,SCHED_FIFO,50,10.0000,107,10.0295
rt,dlp,SCHED_FIFO,50,10.0000,108,10.0368
rt,dlp,SCHED_FIFO,50,10.0000,109,10.0478
rt,dlp,SCHED_FIFO,50,10.0000,110,10.0446
rt,dlp,SCHED_FIFO,50,10.0000,111,10.0473
rt,dlp,SCHED_FIFO,50,10.0000,112,10.0060
rt,dlp,SCHED_FIFO,50,10.0000,113,10.0383
rt,dlp,SCHED_FIFO,50,10.0000,114,10.0480
rt,dlp,SCHED_FIFO,50,10.0000,115,10.0420
rt,dlp,SCHED_FIFO,50,10.0000,116,10.0291
rt,dlp,SCHED_FIFO,50,10.0000,117,10.0293
rt,dlp,SCHED_FIFO,50,10.0000,118,10.0290
rt,dlp,SCHED_FIFO,50,10.0000,119,10.0842
rt,dlp,SCHED_FIFO,50,10.0000,120,10.0243
rt,dlp,SCHED_FIFO,50,10.0000,121,10.0398
rt,dlp,SCHED_FIFO,50,10.0000,122,10.0363
rt,dlp,SCHED_FIFO,50,10.0000,123,10.0354
rt,dlp,SCHED_FIFO,50,10.0000,124,10.0285
rt,dlp,SCHED_FIFO,50,10.0000,125,10.0428
rt,dlp,SCHED_FIFO,50,10.0000,126,10.0424
rt,dlp,SCHED_FIFO,50,10.0000,127,10.0280
rt,dlp,SCHED_FIFO,50,10.0000,128,10.0327
rt,dlp,SCHED_FIFO,50,10.0000,129,10.0312
rt,dlp,SCHED_FIFO,50,10.0000,130,10.0302
rt,dlp,SCHED_FIFO,50,10.0000,131,10.0488
rt,dlp,SCHED_FIFO,50,10.0000,132,10.0302
rt,dlp,SCHED_FIFO,50,10.0000,133,10.0352
rt,dlp,SCHED_FIFO,50,10.0000,134,10.0336
rt,dlp,SCHED_FIFO,50,10.0000,135,10.0365
rt,dlp,SCHED_FIFO,50,10.0000,136,10.0396
rt,dlp,SCHED_FIFO,50,10.0000,137,10.0381
rt,dlp,SCHED_FIFO,50,10.0000,138,10.0382
rt,dlp,SCHED_FIFO,50,10.0000,139,10.0320
rt,dlp,SCHED_FIFO,50,10.0000,140,10.0425
rt,dlp,SCHED_FIFO,50,10.0000,141,10.0316
rt,dlp,SCHED_FIFO,50,10.0000,142,10.0826
rt,dlp,SCHED_FIFO,50,10.0000,143,10.0332
rt,dlp,SCHED_FIFO,50,10.0000,144,10.0362
rt,dlp,SCHED_FIFO,50,10.0000,145,10.0390
rt,dlp,SCHED_FIFO,50,10.0000,146,10.0441
rt,dlp,SCHED_FIFO,50,10.0000,147,10.0427
rt,dlp,SCHED_FIFO,50,10.0000,148,10.0308
rt,dlp,SCHED_FIFO,50,10.0000,149,10.0427
rt,dlp,SCHED_FIFO,50,10.0000,150,10.0307
rt,dlp,SCHED_FIFO,50,10.0000,151,10.0797
rt,dlp,SCHED_FIFO,50,10.0000,152,10.0378
rt,dlp,SCHED_FIFO,50,10.0000,153,10.0272
rt,dlp,SCHED_FIFO,50,10.0000,154,10.0375
rt,dlp,SCHED_FIFO,50,10.0000,155,10.0387
rt,dlp,SCHED_FIFO,50,10.0000,156,10.0322
rt,dlp,SCHED_FIFO,50,10.0000,157,10.0320
rt,dlp,SCHED_FIFO,50,10.0000,158,9.9994
rt,dlp,SCHED_FIFO,50,10.0000,159,10.0209
rt,dlp,SCHED_FIFO,50,10.0000,160,10.0324
rt,dlp,SCHED_FIFO,50,10.0000,161,10.0366
rt,dlp,SCHED_FIFO,50,10.0000,162,10.0344
rt,dlp,SCHED_FIFO,50,10.0000,163,10.0286
rt,dlp,SCHED_FIFO,50,10.0000,164,10.0383
rt,dlp,SCHED_FIFO,50,10.0000,165,10.0280
rt,dlp,SCHED_FIFO,50,10.0000,166,10.0246
rt,dlp,SCHED_FIFO,50,10.0000,167,10.0385
rt,dlp,SCHED_FIFO,50,10.0000,168,10.0279
rt,dlp,SCHED_FIFO,50,10.0000,169,10.0274
rt,dlp,SCHED_FIFO,50,10.0000,170,10.0245
rt,dlp,SCHED_FIFO,50,10.0000,171,10.0329
rt,dlp,SCHED_FIFO,50,10.0000,172,10.0271
rt,dlp,SCHED_FIFO,50,10.0000,173,10.0359
rt,dlp,SCHED_FIFO,50,10.0000,174,10.0397
rt,dlp,SCHED_FIFO,50,10.0000,175,10.0391
rt,dlp,SCHED_FIFO,50,10.0000,176,10.0200
rt,dlp,SCHED_FIFO,50,10.0000,177,10.0222
rt,dlp,SCHED_FIFO,50,10.0000,178,10.0313
rt,dlp,SCHED_FIFO,50,10.0000,179,10.0154
rt,dlp,SCHED_FIFO,50,10.0000,180,10.0471
rt,dlp,SCHED_FIFO,50,10.0000,181,10.0409
rt,dlp,SCHED_FIFO,50,10.0000,182,10.0215
rt,dlp,SCHED_FIFO,50,10.0000,183,10.0320
rt,dlp,SCHED_FIFO,50,10.0000,184,10.0184
rt,dlp,SCHED_FIFO,50,10.0000,185,10.0346
rt,dlp,SCHED_FIFO,50,10.0000,186,10.0296
rt,dlp,SCHED_FIFO,50,10.0000,187,10.0291
rt,dlp,SCHED_FIFO,50,10.0000,188,10.0328
rt,dlp,SCHED_FIFO,50,10.0000,189,10.0147
rt,dlp,SCHED_FIFO,50,10.0000,190,10.0420
rt,dlp,SCHED_FIFO,50,10.0000,191,10.0363
rt,dlp,SCHED_FIFO,50,10.0000,192,10.0392
rt,dlp,SCHED_FIFO,50,10.0000,193,10.0345
rt,dlp,SCHED_FIFO,50,10.0000,194,10.0177
rt,dlp,SCHED_FIFO,50,10.0000,195,10.0462
rt,dlp,SCHED_FIFO,50,10.0000,196,10.0346
rt,dlp,SCHED_FIFO,50,10.0000,197,10.0352
rt,dlp,SCHED_FIFO,50,10.0000,198,10.0311
rt,dlp,SCHED_FIFO,50,10.0000,199,10.0407
rt,dlp,SCHED_FIFO,50,10.0000,200,10.0218
rt,dlp,SCHED_FIFO,50,10.0000,201,10.0375
rt,dlp,SCHED_FIFO,50,10.0000,202,10.0346
rt,dlp,SCHED_FIFO,50,10.0000,203,10.0364
rt,dlp,SCHED_FIFO,50,10.0000,204,10.0376
rt,dlp,SCHED_FIFO,50,10.0000,205,10.0380
rt,dlp,SCHED_FIFO,50,10.0000,206,10.0374
rt,dlp,SCHED_FIFO,50,10.0000,207,10.0326
rt,dlp,SCHED_FIFO,50,10.0000,208,10.0336
rt,dlp,SCHED_FIFO,50,10.0000,209,10.0295
rt,dlp,SCHED_FIFO,50,10.0000,210,10.0371
rt,dlp,SCHED_FIFO,50,10.0000,211,10.0339
rt,dlp,SCHED_FIFO,50,10.0000,212,10.0384
rt,dlp,SCHED_FIFO,50,10.0000,213,9.9953
rt,dlp,SCHED_FIFO,50,10.0000,214,10.0438
rt,dlp,SCHED_FIFO,50,10.0000,215,10.0384
rt,dlp,SCHED_FIFO,50,10.0000,216,10.0433
rt,dlp,SCHED_FIFO,50,10.0000,217,10.0339
rt,dlp,SCHED_FIFO,50,10.0000,218,10.0388
rt,dlp,SCHED_FIFO,50,10.0000,219,10.0405
rt,dlp,SCHED_FIFO,50,10.0000,220,10.0111
rt,dlp,SCHED_FIFO,50,10.0000,221,10.0358
rt,dlp,SCHED_FIFO,50,10.0000,222,10.0530
rt,dlp,SCHED_FIFO,50,10.0000,223,10.0361
rt,dlp,SCHED_FIFO,50,10.0000,224,10.0332
rt,dlp,SCHED_FIFO,50,10.0000,225,10.0193
rt,dlp,SCHED_FIFO,50,10.0000,226,10.0312
rt,dlp,SCHED_FIFO,50,10.0000,227,10.0444
rt,dlp,SCHED_FIFO,50,10.0000,228,10.0763
rt,dlp,SCHED_FIFO,50,10.0000,229,10.0381
rt,dlp,SCHED_FIFO,50,10.0000,230,10.0390
rt,dlp,SCHED_FIFO,50,10.0000,231,10.0109
rt,dlp,SCHED_FIFO,50,10.0000,232,10.0408
rt,dlp,SCHED_FIFO,50,10.0000,233,10.0355
rt,dlp,SCHED_FIFO,50,10.0000,234,10.0245
rt,dlp,SCHED_FIFO,50,10.0000,235,10.0376
rt,dlp,SCHED_FIFO,50,10.0000,236,10.0336
rt,dlp,SCHED_FIFO,50,10.0000,237,10.0353
rt,dlp,SCHED_FIFO,50,10.0000,238,10.0199
rt,dlp,SCHED_FIFO,50,10.0000,239,10.0298
rt,dlp,SCHED_FIFO,50,10.0000,240,10.0454
rt,dlp,SCHED_FIFO,50,10.0000,241,10.0417
rt,dlp,SCHED_FIFO,50,10.0000,242,10.0543
rt,dlp,SCHED_FIFO,50,10.0000,243,10.0048
rt,dlp,SCHED_FIFO,50,10.0000,244,10.0376
rt,dlp,SCHED_FIFO,50,10.0000,245,10.0311
rt,dlp,SCHED_FIFO,50,10.0000,246,10.0354
rt,dlp,SCHED_FIFO,50,10.0000,247,10.0324
rt,dlp,SCHED_FIFO,50,10.0000,248,10.0439
rt,dlp,SCHED_FIFO,50,10.0000,249,10.0275
rt,dlp,SCHED_FIFO,50,10.0000,250,10.0349
rt,dlp,SCHED_FIFO,50,10.0000,251,10.0256
rt,dlp,SCHED_FIFO,50,10.0000,252,10.0433
rt,dlp,SCHED_FIFO,50,10.0000,253,10.0312
rt,dlp,SCHED_FIFO,50,10.0000,254,10.0274
rt,dlp,SCHED_FIFO,50,10.0000,255,10.0369
rt,dlp,SCHED_FIFO,50,10.0000,256,10.0264
rt,dlp,SCHED_FIFO,50,10.0000,257,10.0353
rt,dlp,SCHED_FIFO,50,10.0000,258,10.0211
rt,dlp,SCHED_FIFO,50,10.0000,259,10.0210
rt,dlp,SCHED_FIFO,50,10.0000,260,10.1040
rt,dlp,SCHED_FIFO,50,10.0000,261,9.9926
rt,dlp,SCHED_FIFO,50,10.0000,262,10.0236
rt,dlp,SCHED_FIFO,50,10.0000,263,10.0333
rt,dlp,SCHED_FIFO,50,10.0000,264,10.0302
rt,dlp,SCHED_FIFO,50,10.0000,265,10.0420
rt,dlp,SCHED_FIFO,50,10.0000,266,10.0369
rt,dlp,SCHED_FIFO,50,10.0000,267,10.0321
rt,dlp,SCHED_FIFO,50,10.0000,268,10.0262
rt,dlp,SCHED_FIFO,50,10.0000,269,10.0782
rt,dlp,SCHED_FIFO,50,10.0000,270,10.0346
rt,dlp,SCHED_FIFO,50,10.0000,271,10.0339
rt,dlp,SCHED_FIFO,50,10.0000,272,10.0362
rt,dlp,SCHED_FIFO,50,10.0000,273,10.0342
rt,dlp,SCHED_FIFO,50,10.0000,274,10.0418
rt,dlp,SCHED_FIFO,50,10.0000,275,10.0347
rt,dlp,SCHED_FIFO,50,10.0000,276,10.0451
rt,dlp,SCHED_FIFO,50,10.0000,277,10.0346
rt,dlp,SCHED_FIFO,50,10.0000,278,10.0121
rt,dlp,SCHED_FIFO,50,10.0000,279,10.0311
rt,dlp,SCHED_FIFO,50,10.0000,280,10.0306
rt,dlp,SCHED_FIFO,50,10.0000,281,10.0326
rt,dlp,SCHED_FIFO,50,10.0000,282,10.0414
rt,dlp,SCHED_FIFO,50,10.0000,283,10.0394
rt,dlp,SCHED_FIFO,50,10.0000,284,10.0414
rt,dlp,SCHED_FIFO,50,10.0000,285,10.0359
rt,dlp,SCHED_FIFO,50,10.0000,286,10.0211
rt,dlp,SCHED_FIFO,50,10.0000,287,10.0324
rt,dlp,SCHED_FIFO,50,10.0000,288,10.0403
rt,dlp,SCHED_FIFO,50,10.0000,289,10.0327
rt,dlp,SCHED_FIFO,50,10.0000,290,10.0364
rt,dlp,SCHED_FIFO,50,10.0000,291,10.0326
rt,dlp,SCHED_FIFO,50,10.0000,292,10.0296
rt,dlp,SCHED_FIFO,50,10.0000,293,10.0358
rt,dlp,SCHED_FIFO,50,10.0000,294,10.0330
rt,dlp,SCHED_FIFO,50,10.0000,295,10.0345
rt,dlp,SCHED_FIFO,50,10.0000,296,10.0374
rt,dlp,SCHED_FIFO,50,10.0000,297,10.0496
rt,dlp,SCHED_FIFO,50,10.0000,298,10.0320
rt,dlp,SCHED_FIFO,50,10.0000,299,10.0296
rt,dlp,SCHED_FIFO,50,10.0000,300,10.0307
rt,dlp,SCHED_FIFO,50,10.0000,301,10.0379
rt,dlp,SCHED_FIFO,50,10.0000,302,10.0106
rt,dlp,SCHED_FIFO,50,10.0000,303,10.0315
rt,dlp,SCHED_FIFO,50,10.0000,304,10.0301
rt,dlp,SCHED_FIFO,50,10.0000,305,10.0401
rt,dlp,SCHED_FIFO,50,10.0000,306,10.0346
rt,dlp,SCHED_FIFO,50,10.0000,307,10.0127
rt,dlp,SCHED_FIFO,50,10.0000,308,10.0399
rt,dlp,SCHED_FIFO,50,10.0000,309,10.0381
rt,dlp,SCHED_FIFO,50,10.0000,310,10.0424
rt,dlp,SCHED_FIFO,50,10.0000,311,10.0362
rt,dlp,SCHED_FIFO,50,10.0000,312,10.0400
rt,dlp,SCHED_FIFO,50,10.0000,313,10.0351
rt,dlp,SCHED_FIFO,50,10.0000,314,10.0278
rt,dlp,SCHED_FIFO,50,10.0000,315,10.0407
rt,dlp,SCHED_FIFO,50,10.0000,316,10.0349
rt,dlp,SCHED_FIFO,50,10.0000,317,10.0112
rt,dlp,SCHED_FIFO,50,10.0000,318,10.0482
rt,dlp,SCHED_FIFO,50,10.0000,319,10.0344
rt,dlp,SCHED_FIFO,50,10.0000,320,10.0388
rt,dlp,SCHED_FIFO,50,10.0000,321,10.0356
rt,dlp,SCHED_FIFO,50,10.0000,322,10.0490
rt,dlp,SCHED_FIFO,50,10.0000,323,10.0443
rt,dlp,SCHED_FIFO,50,10.0000,324,10.0224
rt,dlp,SCHED_FIFO,50,10.0000,325,10.0238
rt,dlp,SCHED_FIFO,50,10.0000,326,10.0390
rt,dlp,SCHED_FIFO,50,10.0000,327,10.0435
rt,dlp,SCHED_FIFO,50,10.0000,328,10.0459
rt,dlp,SCHED_FIFO,50,10.0000,329,10.0524
rt,dlp,SCHED_FIFO,50,10.0000,330,10.0544
rt,dlp,SCHED_FIFO,50,10.0000,331,10.0134
rt,dlp,SCHED_FIFO,50,10.0000,332,10.0360
rt,dlp,SCHED_FIFO,50,10.0000,333,10.0357
rt,dlp,SCHED_FIFO,50,10.0000,334,10.0399
rt,dlp,SCHED_FIFO,50,10.0000,335,10.0451
rt,dlp,SCHED_FIFO,50,10.0000,336,10.0234
rt,dlp,SCHED_FIFO,50,10.0000,337,10.0491
rt,dlp,SCHED_FIFO,50,10.0000,338,10.0705
rt,dlp,SCHED_FIFO,50,10.0000,339,10.0427
rt,dlp,SCHED_FIFO,50,10.0000,340,10.0456
rt,dlp,SCHED_FIFO,50,10.0000,341,10.0390
rt,dlp,SCHED_FIFO,50,10.0000,342,10.0465
rt,dlp,SCHED_FIFO,50,10.0000,343,10.0370
rt,dlp,SCHED_FIFO,50,10.0000,344,10.0441
rt,dlp,SCHED_FIFO,50,10.0000,345,10.0440
rt,dlp,SCHED_FIFO,50,10.0000,346,10.0184
rt,dlp,SCHED_FIFO,50,10.0000,347,10.0368
rt,dlp,SCHED_FIFO,50,10.0000,348,10.0406
rt,dlp,SCHED_FIFO,50,10.0000,349,10.0357
rt,dlp,SCHED_FIFO,50,10.0000,350,10.0317
rt,dlp,SCHED_FIFO,50,10.0000,351,10.0386
rt,dlp,SCHED_FIFO,50,10.0000,352,10.0340
rt,dlp,SCHED_FIFO,50,10.0000,353,10.0335
rt,dlp,SCHED_FIFO,50,10.0000,354,9.9911
rt,dlp,SCHED_FIFO,50,10.0000,355,10.0236
rt,dlp,SCHED_FIFO,50,10.0000,356,10.0444
rt,dlp,SCHED_FIFO,50,10.0000,357,10.0362
rt,dlp,SCHED_FIFO,50,10.0000,358,10.0352
rt,dlp,SCHED_FIFO,50,10.0000,359,10.0316
rt,dlp,SCHED_FIFO,50,10.0000,360,10.0255
rt,dlp,SCHED_FIFO,50,10.0000,361,10.0394
rt,dlp,SCHED_FIFO,50,10.0000,362,10.0422
rt,dlp,SCHED_FIFO,50,10.0000,363,10.0550
rt,dlp,SCHED_FIFO,50,10.0000,364,10.0440
rt,dlp,SCHED_FIFO,50,10.0000,365,10.0346
rt,dlp,SCHED_FIFO,50,10.0000,366,10.1109
rt,dlp,SCHED_FIFO,50,10.0000,367,10.0342
rt,dlp,SCHED_FIFO,50,10.0000,368,10.0507
rt,dlp,SCHED_FIFO,50,10.0000,369,10.0344
rt,dlp,SCHED_FIFO,50,10.0000,370,10.0458
rt,dlp,SCHED_FIFO,50,10.0000,371,10.0270
rt,dlp,SCHED_FIFO,50,10.0000,372,10.0406
rt,dlp,SCHED_FIFO,50,10.0000,373,10.0419
rt,dlp,SCHED_FIFO,50,10.0000,374,10.0355
rt,dlp,SCHED_FIFO,50,10.0000,375,9.9985
rt,dlp,SCHED_FIFO,50,10.0000,376,10.0282
rt,dlp,SCHED_FIFO,50,10.0000,377,10.0390
rt,dlp,SCHED_FIFO,50,10.0000,378,10.0382
rt,dlp,SCHED_FIFO,50,10.0000,379,10.0371
rt,dlp,SCHED_FIFO,50,10.0000,380,10.0432
rt,dlp,SCHED_FIFO,50,10.0000,381,10.0356
rt,dlp,SCHED_FIFO,50,10.0000,382,10.0346
rt,dlp,SCHED_FIFO,50,10.0000,383,10.0975
rt,dlp,SCHED_FIFO,50,10.0000,384,10.0378
rt,dlp,SCHED_FIFO,50,10.0000,385,10.0317
rt,dlp,SCHED_FIFO,50,10.0000,386,10.0408
rt,dlp,SCHED_FIFO,50,10.0000,387,10.0417
rt,dlp,SCHED_FIFO,50,10.0000,388,10.0719
rt,dlp,SCHED_FIFO,50,10.0000,389,10.0548
rt,dlp,SCHED_FIFO,50,10.0000,390,10.0497
rt,dlp,SCHED_FIFO,50,10.0000,391,10.0437
rt,dlp,SCHED_FIFO,50,10.0000,392,10.0489
rt,dlp,SCHED_FIFO,50,10.0000,393,10.0447
rt,dlp,SCHED_FIFO,50,10.0000,394,10.0593
rt,dlp,SCHED_FIFO,50,10.0000,395,10.0559
rt,dlp,SCHED_FIFO,50,10.0000,396,10.0518
rt,dlp,SCHED_FIFO,50,10.0000,397,10.0546
rt,dlp,SCHED_FIFO,50,10.0000,398,10.0533
rt,dlp,SCHED_FIFO,50,10.0000,399,10.0322
rt,dlp,SCHED_FIFO,50,10.0000,400,10.1022
rt,dlp,SCHED_FIFO,50,10.0000,401,10.0507
rt,dlp,SCHED_FIFO,50,10.0000,402,10.0459
rt,dlp,SCHED_FIFO,50,10.0000,403,10.0348
rt,dlp,SCHED_FIFO,50,10.0000,404,10.0425
rt,dlp,SCHED_FIFO,50,10.0000,405,10.0297
rt,dlp,SCHED_FIFO,50,10.0000,406,10.1210
rt,dlp,SCHED_FIFO,50,10.0000,407,10.0427
rt,dlp,SCHED_FIFO,50,10.0000,408,10.0461
rt,dlp,SCHED_FIFO,50,10.0000,409,10.0378
rt,dlp,SCHED_FIFO,50,10.0000,410,10.0426
rt,dlp,SCHED_FIFO,50,10.0000,411,10.0418
rt,dlp,SCHED_FIFO,50,10.0000,412,10.0466
rt,dlp,SCHED_FIFO,50,10.0000,413,9.9947
rt,dlp,SCHED_FIFO,50,10.0000,414,10.0479
rt,dlp,SCHED_FIFO,50,10.0000,415,10.0382
rt,dlp,SCHED_FIFO,50,10.0000,416,10.0365
rt,dlp,SCHED_FIFO,50,10.0000,417,10.0409
rt,dlp,SCHED_FIFO,50,10.0000,418,10.0313
rt,dlp,SCHED_FIFO,50,10.0000,419,10.0394
rt,dlp,SCHED_FIFO,50,10.0000,420,10.0430
rt,dlp,SCHED_FIFO,50,10.0000,421,10.0337
rt,dlp,SCHED_FIFO,50,10.0000,422,10.0357
rt,dlp,SCHED_FIFO,50,10.0000,423,10.0308
rt,dlp,SCHED_FIFO,50,10.0000,424,10.0240
rt,dlp,SCHED_FIFO,50,10.0000,425,10.0406
rt,dlp,SCHED_FIFO,50,10.0000,426,10.0494
rt,dlp,SCHED_FIFO,50,10.0000,427,10.0426
rt,dlp,SCHED_FIFO,50,10.0000,428,10.0309
rt,dlp,SCHED_FIFO,50,10.0000,429,10.0305
rt,dlp,SCHED_FIFO,50,10.0000,430,10.0506
rt,dlp,SCHED_FIFO,50,10.0000,431,10.0291
rt,dlp,SCHED_FIFO,50,10.0000,432,10.0353
rt,dlp,SCHED_FIFO,50,10.0000,433,10.0405
rt,dlp,SCHED_FIFO,50,10.0000,434,10.0305
rt,dlp,SCHED_FIFO,50,10.0000,435,9.9943
rt,dlp,SCHED_FIFO,50,10.0000,436,10.0344
rt,dlp,SCHED_FIFO,50,10.0000,437,10.0331
rt,dlp,SCHED_FIFO,50,10.0000,438,10.0297
rt,dlp,SCHED_FIFO,50,10.0000,439,10.0346
rt,dlp,SCHED_FIFO,50,10.0000,440,10.0472
rt,dlp,SCHED_FIFO,50,10.0000,441,10.0323
rt,dlp,SCHED_FIFO,50,10.0000,442,10.0429
rt,dlp,SCHED_FIFO,50,10.0000,443,10.0302
rt,dlp,SCHED_FIFO,50,10.0000,444,10.0419
rt,dlp,SCHED_FIFO,50,10.0000,445,10.0555
rt,dlp,SCHED_FIFO,50,10.0000,446,10.0498
rt,dlp,SCHED_FIFO,50,10.0000,447,10.0539
rt,dlp,SCHED_FIFO,50,10.0000,448,10.0497
rt,dlp,SCHED_FIFO,50,10.0000,449,10.0388
rt,dlp,SCHED_FIFO,50,10.0000,450,10.0280
rt,dlp,SCHED_FIFO,50,10.0000,451,10.0331
rt,dlp,SCHED_FIFO,50,10.0000,452,10.0425
rt,dlp,SCHED_FIFO,50,10.0000,453,10.0754
rt,dlp,SCHED_FIFO,50,10.0000,454,10.0317
rt,dlp,SCHED_FIFO,50,10.0000,455,10.0299
rt,dlp,SCHED_FIFO,50,10.0000,456,10.0394
rt,dlp,SCHED_FIFO,50,10.0000,457,10.0409
rt,dlp,SCHED_FIFO,50,10.0000,458,10.0352
rt,dlp,SCHED_FIFO,50,10.0000,459,10.0293
rt,dlp,SCHED_FIFO,50,10.0000,460,10.0372
rt,dlp,SCHED_FIFO,50,10.0000,461,10.0414
rt,dlp,SCHED_FIFO,50,10.0000,462,10.0380
rt,dlp,SCHED_FIFO,50,10.0000,463,10.0087
rt,dlp,SCHED_FIFO,50,10.0000,464,10.0070
rt,dlp,SCHED_FIFO,50,10.0000,465,10.0385
rt,dlp,SCHED_FIFO,50,10.0000,466,10.0297
rt,dlp,SCHED_FIFO,50,10.0000,467,10.0367
rt,dlp,SCHED_FIFO,50,10.0000,468,10.0452
rt,dlp,SCHED_FIFO,50,10.0000,469,10.0366
rt,dlp,SCHED_FIFO,50,10.0000,470,10.0391
rt,dlp,SCHED_FIFO,50,10.0000,471,10.0296
rt,dlp,SCHED_FIFO,50,10.0000,472,10.0374
rt,dlp,SCHED_FIFO,50,10.0000,473,10.0265
rt,dlp,SCHED_FIFO,50,10.0000,474,10.0433
rt,dlp,SCHED_FIFO,50,10.0000,475,10.0490
rt,dlp,SCHED_FIFO,50,10.0000,476,10.0452
rt,dlp,SCHED_FIFO,50,10.0000,477,10.0555
rt,dlp,SCHED_FIFO,50,10.0000,478,10.0504
rt,dlp,SCHED_FIFO,50,10.0000,479,10.0423
rt,dlp,SCHED_FIFO,50,10.0000,480,10.0278
rt,dlp,SCHED_FIFO,50,10.0000,481,10.0487
rt,dlp,SCHED_FIFO,50,10.0000,482,10.0466
rt,dlp,SCHED_FIFO,50,10.0000,483,10.0382
rt,dlp,SCHED_FIFO,50,10.0000,484,10.0390
rt,dlp,SCHED_FIFO,50,10.0000,485,10.0353
rt,dlp,SCHED_FIFO,50,10.0000,486,10.0383
rt,dlp,SCHED_FIFO,50,10.0000,487,10.0394
rt,dlp,SCHED_FIFO,50,10.0000,488,10.0388
rt,dlp,SCHED_FIFO,50,10.0000,489,10.0386
rt,dlp,SCHED_FIFO,50,10.0000,490,10.0243
rt,dlp,SCHED_FIFO,50,10.0000,491,10.0361
rt,dlp,SCHED_FIFO,50,10.0000,492,10.0490
rt,dlp,SCHED_FIFO,50,10.0000,493,10.0387
rt,dlp,SCHED_FIFO,50,10.0000,494,10.0342
rt,dlp,SCHED_FIFO,50,10.0000,495,10.0381
rt,dlp,SCHED_FIFO,50,10.0000,496,10.0337
rt,dlp,SCHED_FIFO,50,10.0000,497,10.0350
rt,dlp,SCHED_FIFO,50,10.0000,498,10.0461
rt,dlp,SCHED_FIFO,50,10.0000,499,10.0333
rt,dlp,SCHED_FIFO,50,10.0000,500,10.0322
rt,dlp,SCHED_FIFO,50,10.0000,501,10.0090
rt,dlp,SCHED_FIFO,50,10.0000,502,10.0371
rt,dlp,SCHED_FIFO,50,10.0000,503,10.0305
rt,dlp,SCHED_FIFO,50,10.0000,504,10.0463
rt,dlp,SCHED_FIFO,50,10.0000,505,10.0150
rt,dlp,SCHED_FIFO,50,10.0000,506,10.0369
rt,dlp,SCHED_FIFO,50,10.0000,507,10.0337
rt,dlp,SCHED_FIFO,50,10.0000,508,10.0494
rt,dlp,SCHED_FIFO,50,10.0000,509,10.0344
rt,dlp,SCHED_FIFO,50,10.0000,510,10.0381
rt,dlp,SCHED_FIFO,50,10.0000,511,10.0324
rt,dlp,SCHED_FIFO,50,10.0000,512,10.0350
rt,dlp,SCHED_FIFO,50,10.0000,513,10.0364
rt,dlp,SCHED_FIFO,50,10.0000,514,10.0388
rt,dlp,SCHED_FIFO,50,10.0000,515,10.0394
rt,dlp,SCHED_FIFO,50,10.0000,516,10.0376
rt,dlp,SCHED_FIFO,50,10.0000,517,10.0365
rt,dlp,SCHED_FIFO,50,10.0000,518,10.0384
rt,dlp,SCHED_FIFO,50,10.0000,519,10.0424
rt,dlp,SCHED_FIFO,50,10.0000,520,10.0408
rt,dlp,SCHED_FIFO,50,10.0000,521,10.0459
rt,dlp,SCHED_FIFO,50,10.0000,522,10.0308
rt,dlp,SCHED_FIFO,50,10.0000,523,10.0403
rt,dlp,SCHED_FIFO,50,10.0000,524,10.0347
rt,dlp,SCHED_FIFO,50,10.0000,525,10.0378
rt,dlp,SCHED_FIFO,50,10.0000,526,10.0428
rt,dlp,SCHED_FIFO,50,10.0000,527,10.0346
rt,dlp,SCHED_FIFO,50,10.0000,528,10.0334
rt,dlp,SCHED_FIFO,50,10.0000,529,10.0400
rt,dlp,SCHED_FIFO,50,10.0000,530,10.0407
rt,dlp,SCHED_FIFO,50,10.0000,531,10.0094
rt,dlp,SCHED_FIFO,50,10.0000,532,10.0312
rt,dlp,SCHED_FIFO,50,10.0000,533,10.0323
rt,dlp,SCHED_FIFO,50,10.0000,534,10.0306
rt,dlp,SCHED_FIFO,50,10.0000,535,10.0480
rt,dlp,SCHED_FIFO,50,10.0000,536,10.0541
rt,dlp,SCHED_FIFO,50,10.0000,537,10.0360
rt,dlp,SCHED_FIFO,50,10.0000,538,10.0362
rt,dlp,SCHED_FIFO,50,10.0000,539,10.0188
rt,dlp,SCHED_FIFO,50,10.0000,540,10.0426
rt,dlp,SCHED_FIFO,50,10.0000,541,10.0193
rt,dlp,SCHED_FIFO,50,10.0000,542,10.0319
rt,dlp,SCHED_FIFO,50,10.0000,543,10.0167
rt,dlp,SCHED_FIFO,50,10.0000,544,10.0355
rt,dlp,SCHED_FIFO,50,10.0000,545,10.0403
rt,dlp,SCHED_FIFO,50,10.0000,546,10.0281
rt,dlp,SCHED_FIFO,50,10.0000,547,9.9939
rt,dlp,SCHED_FIFO,50,10.0000,548,10.0236
rt,dlp,SCHED_FIFO,50,10.0000,549,10.0488
rt,dlp,SCHED_FIFO,50,10.0000,550,10.0382
rt,dlp,SCHED_FIFO,50,10.0000,551,10.0389
rt,dlp,SCHED_FIFO,50,10.0000,552,10.0332
rt,dlp,SCHED_FIFO,50,10.0000,553,10.0388
rt,dlp,SCHED_FIFO,50,10.0000,554,10.0228
rt,dlp,SCHED_FIFO,50,10.0000,555,10.0328
rt,dlp,SCHED_FIFO,50,10.0000,556,10.0382
rt,dlp,SCHED_FIFO,50,10.0000,557,10.0321
rt,dlp,SCHED_FIFO,50,10.0000,558,10.0324
rt,dlp,SCHED_FIFO,50,10.0000,559,10.0239
rt,dlp,SCHED_FIFO,50,10.0000,560,10.0378
rt,dlp,SCHED_FIFO,50,10.0000,561,10.0331
rt,dlp,SCHED_FIFO,50,10.0000,562,10.0329
rt,dlp,SCHED_FIFO,50,10.0000,563,10.0384
rt,dlp,SCHED_FIFO,50,10.0000,564,10.0435
rt,dlp,SCHED_FIFO,50,10.0000,565,10.0353
rt,dlp,SCHED_FIFO,50,10.0000,566,10.0322
rt,dlp,SCHED_FIFO,50,10.0000,567,10.0101
rt,dlp,SCHED_FIFO,50,10.0000,568,10.0450
rt,dlp,SCHED_FIFO,50,10.0000,569,10.0359
rt,dlp,SCHED_FIFO,50,10.0000,570,10.0306
rt,dlp,SCHED_FIFO,50,10.0000,571,10.0365
rt,dlp,SCHED_FIFO,50,10.0000,572,10.0355
rt,dlp,SCHED_FIFO,50,10.0000,573,10.0275
rt,dlp,SCHED_FIFO,50,10.0000,574,10.0291
rt,dlp,SCHED_FIFO,50,10.0000,575,10.0488
rt,dlp,SCHED_FIFO,50,10.0000,576,10.0430
rt,dlp,SCHED_FIFO,50,10.0000,577,10.0377
rt,dlp,SCHED_FIFO,50,10.0000,578,10.0339
rt,dlp,SCHED_FIFO,50,10.0000,579,10.0194
rt,dlp,SCHED_FIFO,50,10.0000,580,10.0452
rt,dlp,SCHED_FIFO,50,10.0000,581,10.0461
rt,dlp,SCHED_FIFO,50,10.0000,582,10.0267
rt,dlp,SCHED_FIFO,50,10.0000,583,10.0113
rt,dlp,SCHED_FIFO,50,10.0000,584,10.0358
rt,dlp,SCHED_FIFO,50,10.0000,585,10.0266
rt,dlp,SCHED_FIFO,50,10.0000,586,10.0348
rt,dlp,SCHED_FIFO,50,10.0000,587,10.0344
rt,dlp,SCHED_FIFO,50,10.0000,588,10.0358
rt,dlp,SCHED_FIFO,50,10.0000,589,10.0372
rt,dlp,SCHED_FIFO,50,10.0000,590,10.0432
rt,dlp,SCHED_FIFO,50,10.0000,591,10.0308
rt,dlp,SCHED_FIFO,50,10.0000,592,10.0400
rt,dlp,SCHED_FIFO,50,10.0000,593,10.0412
rt,dlp,SCHED_FIFO,50,10.0000,594,10.0372
rt,dlp,SCHED_FIFO,50,10.0000,595,10.0410
rt,dlp,SCHED_FIFO,50,10.0000,596,10.0443
rt,dlp,SCHED_FIFO,50,10.0000,597,10.0422
rt,dlp,SCHED_FIFO,50,10.0000,598,10.0384
rt,dlp,SCHED_FIFO,50,10.0000,599,10.0396
rt,dlp,SCHED_FIFO,50,10.0000,600,10.0321
rt,dlp,SCHED_FIFO,50,10.0000,601,10.0365
rt,dlp,SCHED_FIFO,50,10.0000,602,10.0254
rt,dlp,SCHED_FIFO,50,10.0000,603,10.0271
rt,dlp,SCHED_FIFO,50,10.0000,604,10.0308
rt,dlp,SCHED_FIFO,50,10.0000,605,10.0342
rt,dlp,SCHED_FIFO,50,10.0000,606,10.0404
rt,dlp,SCHED_FIFO,50,10.0000,607,10.0371
rt,dlp,SCHED_FIFO,50,10.0000,608,10.0421
rt,dlp,SCHED_FIFO,50,10.0000,609,10.0385
rt,dlp,SCHED_FIFO,50,10.0000,610,10.0369
rt,dlp,SCHED_FIFO,50,10.0000,611,9.9971
rt,dlp,SCHED_FIFO,50,10.0000,612,9.9946
rt,dlp,SCHED_FIFO,50,10.0000,613,10.0213
rt,dlp,SCHED_FIFO,50,10.0000,614,10.0379
rt,dlp,SCHED_FIFO,50,10.0000,615,10.0455
rt,dlp,SCHED_FIFO,50,10.0000,616,10.0408
rt,dlp,SCHED_FIFO,50,10.0000,617,10.0439
rt,dlp,SCHED_FIFO,50,10.0000,618,10.0051
rt,dlp,SCHED_FIFO,50,10.0000,619,10.0383
rt,dlp,SCHED_FIFO,50,10.0000,620,10.0306
rt,dlp,SCHED_FIFO,50,10.0000,621,10.0257
rt,dlp,SCHED_FIFO,50,10.0000,622,10.0431
rt,dlp,SCHED_FIFO,50,10.0000,623,10.0360
rt,dlp,SCHED_FIFO,50,10.0000,624,10.0449
rt,dlp,SCHED_FIFO,50,10.0000,625,10.0300
rt,dlp,SCHED_FIFO,50,10.0000,626,10.0369
rt,dlp,SCHED_FIFO,50,10.0000,627,10.0547
rt,dlp,SCHED_FIFO,50,10.0000,628,10.0484
rt,dlp,SCHED_FIFO,50,10.0000,629,10.0444
rt,dlp,SCHED_FIFO,50,10.0000,630,10.0505
rt,dlp,SCHED_FIFO,50,10.0000,631,10.0435
rt,dlp,SCHED_FIFO,50,10.0000,632,10.0442
rt,dlp,SCHED_FIFO,50,10.0000,633,10.0306
rt,dlp,SCHED_FIFO,50,10.0000,634,10.0366
rt,dlp,SCHED_FIFO,50,10.0000,635,10.0400
rt,dlp,SCHED_FIFO,50,10.0000,636,10.0327
rt,dlp,SCHED_FIFO,50,10.0000,637,10.0410
rt,dlp,SCHED_FIFO,50,10.0000,638,10.0445
rt,dlp,SCHED_FIFO,50,10.0000,639,10.0448
rt,dlp,SCHED_FIFO,50,10.0000,640,10.0391
rt,dlp,SCHED_FIFO,50,10.0000,641,10.0336
rt,dlp,SCHED_FIFO,50,10.0000,642,10.0356
rt,dlp,SCHED_FIFO,50,10.0000,643,10.0454
rt,dlp,SCHED_FIFO,50,10.0000,644,10.0642
rt,dlp,SCHED_FIFO,50,10.0000,645,10.0370
rt,dlp,SCHED_FIFO,50,10.0000,646,10.0352
rt,dlp,SCHED_FIFO,50,10.0000,647,10.0352
rt,dlp,SCHED_FIFO,50,10.0000,648,10.0367
rt,dlp,SCHED_FIFO,50,10.0000,649,10.0357
rt,dlp,SCHED_FIFO,50,10.0000,650,10.0460
rt,dlp,SCHED_FIFO,50,10.0000,651,10.0274
rt,dlp,SCHED_FIFO,50,10.0000,652,10.0427
rt,dlp,SCHED_FIFO,50,10.0000,653,10.0328
rt,dlp,SCHED_FIFO,50,10.0000,654,10.0430
rt,dlp,SCHED_FIFO,50,10.0000,655,10.0371
rt,dlp,SCHED_FIFO,50,10.0000,656,10.0307
rt,dlp,SCHED_FIFO,50,10.0000,657,10.0049
rt,dlp,SCHED_FIFO,50,10.0000,658,10.0097
rt,dlp,SCHED_FIFO,50,10.0000,659,10.0406
rt,dlp,SCHED_FIFO,50,10.0000,660,10.0443
rt,dlp,SCHED_FIFO,50,10.0000,661,10.0492
rt,dlp,SCHED_FIFO,50,10.0000,662,10.0324
rt,dlp,SCHED_FIFO,50,10.0000,663,10.0522
rt,dlp,SCHED_FIFO,50,10.0000,664,10.0914
rt,dlp,SCHED_FIFO,50,10.0000,665,10.0509
rt,dlp,SCHED_FIFO,50,10.0000,666,10.0344
rt,dlp,SCHED_FIFO,50,10.0000,667,10.0387
rt,dlp,SCHED_FIFO,50,10.0000,668,10.0298
rt,dlp,SCHED_FIFO,50,10.0000,669,10.0467
rt,dlp,SCHED_FIFO,50,10.0000,670,10.0395
rt,dlp,SCHED_FIFO,50,10.0000,671,10.0257
rt,dlp,SCHED_FIFO,50,10.0000,672,10.0433
rt,dlp,SCHED_FIFO,50,10.0000,673,10.0369
rt,dlp,SCHED_FIFO,50,10.0000,674,10.0178
rt,dlp,SCHED_FIFO,50,10.0000,675,10.0393
rt,dlp,SCHED_FIFO,50,10.0000,676,10.0380
rt,dlp,SCHED_FIFO,50,10.0000,677,10.0369
rt,dlp,SCHED_FIFO,50,10.0000,678,10.0122
rt,dlp,SCHED_FIFO,50,10.0000,679,10.0343
rt,dlp,SCHED_FIFO,50,10.0000,680,10.0355
rt,dlp,SCHED_FIFO,50,10.0000,681,10.0465
rt,dlp,SCHED_FIFO,50,10.0000,682,10.0391
rt,dlp,SCHED_FIFO,50,10.0000,683,10.0372
rt,dlp,SCHED_FIFO,50,10.0000,684,10.0318
rt,dlp,SCHED_FIFO,50,10.0000,685,10.0364
rt,dlp,SCHED_FIFO,50,10.0000,686,10.0359
rt,dlp,SCHED_FIFO,50,10.0000,687,10.0426
rt,dlp,SCHED_FIFO,50,10.0000,688,10.0265
rt,dlp,SCHED_FIFO,50,10.0000,689,10.0382
rt,dlp,SCHED_FIFO,50,10.0000,690,10.0300
rt,dlp,SCHED_FIFO,50,10.0000,691,10.0317
rt,dlp,SCHED_FIFO,50,10.0000,692,10.0255
rt,dlp,SCHED_FIFO,50,10.0000,693,10.0187
rt,dlp,SCHED_FIFO,50,10.0000,694,10.0391
rt,dlp,SCHED_FIFO,50,10.0000,695,10.0491
rt,dlp,SCHED_FIFO,50,10.0000,696,10.0426
rt,dlp,SCHED_FIFO,50,10.0000,697,10.0352
rt,dlp,SCHED_FIFO,50,10.0000,698,10.0407
rt,dlp,SCHED_FIFO,50,10.0000,699,10.0410
rt,dlp,SCHED_FIFO,50,10.0000,700,10.0310
rt,dlp,SCHED_FIFO,50,10.0000,701,10.0359
rt,dlp,SCHED_FIFO,50,10.0000,702,10.0378
rt,dlp,SCHED_FIFO,50,10.0000,703,10.0421
rt,dlp,SCHED_FIFO,50,10.0000,704,10.0347
rt,dlp,SCHED_FIFO,50,10.0000,705,10.0320
rt,dlp,SCHED_FIFO,50,10.0000,706,10.0404
rt,dlp,SCHED_FIFO,50,10.0000,707,10.0435
rt,dlp,SCHED_FIFO,50,10.0000,708,10.0262
rt,dlp,SCHED_FIFO,50,10.0000,709,10.0396
rt,dlp,SCHED_FIFO,50,10.0000,710,10.0408
rt,dlp,SCHED_FIFO,50,10.0000,711,10.0313
rt,dlp,SCHED_FIFO,50,10.0000,712,10.0372
rt,dlp,SCHED_FIFO,50,10.0000,713,10.0415
rt,dlp,SCHED_FIFO,50,10.0000,714,10.0385
rt,dlp,SCHED_FIFO,50,10.0000,715,10.0400
rt,dlp,SCHED_FIFO,50,10.0000,716,10.0452
rt,dlp,SCHED_FIFO,50,10.0000,717,10.0344
rt,dlp,SCHED_FIFO,50,10.0000,718,10.0381
rt,dlp,SCHED_FIFO,50,10.0000,719,9.9978
rt,dlp,SCHED_FIFO,50,10.0000,720,10.0315
rt,dlp,SCHED_FIFO,50,10.0000,721,10.0356
rt,dlp,SCHED_FIFO,50,10.0000,722,10.0308
rt,dlp,SCHED_FIFO,50,10.0000,723,10.0465
rt,dlp,SCHED_FIFO,50,10.0000,724,10.0321
rt,dlp,SCHED_FIFO,50,10.0000,725,10.0455
rt,dlp,SCHED_FIFO,50,10.0000,726,10.0301
rt,dlp,SCHED_FIFO,50,10.0000,727,10.0482
rt,dlp,SCHED_FIFO,50,10.0000,728,10.0421
rt,dlp,SCHED_FIFO,50,10.0000,729,10.0334
rt,dlp,SCHED_FIFO,50,10.0000,730,10.0424
rt,dlp,SCHED_FIFO,50,10.0000,731,9.9981
rt,dlp,SCHED_FIFO,50,10.0000,732,10.0351
rt,dlp,SCHED_FIFO,50,10.0000,733,10.0278
rt,dlp,SCHED_FIFO,50,10.0000,734,10.0405
rt,dlp,SCHED_FIFO,50,10.0000,735,10.0413
rt,dlp,SCHED_FIFO,50,10.0000,736,10.0366
rt,dlp,SCHED_FIFO,50,10.0000,737,10.0477
rt,dlp,SCHED_FIFO,50,10.0000,738,10.0430
rt,dlp,SCHED_FIFO,50,10.0000,739,10.0356
rt,dlp,SCHED_FIFO,50,10.0000,740,10.0376
rt,dlp,SCHED_FIFO,50,10.0000,741,10.0344
rt,dlp,SCHED_FIFO,50,10.0000,742,10.0163
rt,dlp,SCHED_FIFO,50,10.0000,743,10.0408
rt,dlp,SCHED_FIFO,50,10.0000,744,10.0425
rt,dlp,SCHED_FIFO,50,10.0000,745,10.0324
rt,dlp,SCHED_FIFO,50,10.0000,746,10.0390
rt,dlp,SCHED_FIFO,50,10.0000,747,9.9969
rt,dlp,SCHED_FIFO,50,10.0000,748,10.0344
rt,dlp,SCHED_FIFO,50,10.0000,749,10.0370
rt,dlp,SCHED_FIFO,50,10.0000,750,10.0401
rt,dlp,SCHED_FIFO,50,10.0000,751,10.0205
rt,dlp,SCHED_FIFO,50,10.0000,752,10.0439
rt,dlp,SCHED_FIFO,50,10.0000,753,10.0402
rt,dlp,SCHED_FIFO,50,10.0000,754,9.9915
rt,dlp,SCHED_FIFO,50,10.0000,755,10.0404
rt,dlp,SCHED_FIFO,50,10.0000,756,10.0321
rt,dlp,SCHED_FIFO,50,10.0000,757,10.0428
rt,dlp,SCHED_FIFO,50,10.0000,758,10.0329
rt,dlp,SCHED_FIFO,50,10.0000,759,10.0336
rt,dlp,SCHED_FIFO,50,10.0000,760,10.0290
rt,dlp,SCHED_FIFO,50,10.0000,761,10.0270
rt,dlp,SCHED_FIFO,50,10.0000,762,10.0489
rt,dlp,SCHED_FIFO,50,10.0000,763,10.0405
rt,dlp,SCHED_FIFO,50,10.0000,764,10.0343
rt,dlp,SCHED_FIFO,50,10.0000,765,10.0287
rt,dlp,SCHED_FIFO,50,10.0000,766,10.0331
rt,dlp,SCHED_FIFO,50,10.0000,767,10.0400
rt,dlp,SCHED_FIFO,50,10.0000,768,10.0409
rt,dlp,SCHED_FIFO,50,10.0000,769,10.0387
rt,dlp,SCHED_FIFO,50,10.0000,770,10.0400
rt,dlp,SCHED_FIFO,50,10.0000,771,10.0280
rt,dlp,SCHED_FIFO,50,10.0000,772,10.0424
rt,dlp,SCHED_FIFO,50,10.0000,773,10.0321
rt,dlp,SCHED_FIFO,50,10.0000,774,10.0364
rt,dlp,SCHED_FIFO,50,10.0000,775,10.0402
rt,dlp,SCHED_FIFO,50,10.0000,776,10.0249
rt,dlp,SCHED_FIFO,50,10.0000,777,10.0487
rt,dlp,SCHED_FIFO,50,10.0000,778,10.1211
rt,dlp,SCHED_FIFO,50,10.0000,779,10.1156
rt,dlp,SCHED_FIFO,50,10.0000,780,10.0880
rt,dlp,SCHED_FIFO,50,10.0000,781,10.0401
rt,dlp,SCHED_FIFO,50,10.0000,782,10.0505
rt,dlp,SCHED_FIFO,50,10.0000,783,10.0473
rt,dlp,SCHED_FIFO,50,10.0000,784,10.0356
rt,dlp,SCHED_FIFO,50,10.0000,785,10.0339
rt,dlp,SCHED_FIFO,50,10.0000,786,10.0325
rt,dlp,SCHED_FIFO,50,10.0000,787,10.0396
rt,dlp,SCHED_FIFO,50,10.0000,788,10.0357
rt,dlp,SCHED_FIFO,50,10.0000,789,10.0347
rt,dlp,SCHED_FIFO,50,10.0000,790,10.0214
rt,dlp,SCHED_FIFO,50,10.0000,791,10.0421
rt,dlp,SCHED_FIFO,50,10.0000,792,10.0421
rt,dlp,SCHED_FIFO,50,10.0000,793,10.0405
rt,dlp,SCHED_FIFO,50,10.0000,794,10.0358
rt,dlp,SCHED_FIFO,50,10.0000,795,10.0308
rt,dlp,SCHED_FIFO,50,10.0000,796,10.0366
rt,dlp,SCHED_FIFO,50,10.0000,797,10.0420
rt,dlp,SCHED_FIFO,50,10.0000,798,10.0405
rt,dlp,SCHED_FIFO,50,10.0000,799,10.0463
rt,dlp,SCHED_FIFO,50,10.0000,800,10.0208
rt,dlp,SCHED_FIFO,50,10.0000,801,10.0411
rt,dlp,SCHED_FIFO,50,10.0000,802,10.0289
rt,dlp,SCHED_FIFO,50,10.0000,803,10.0360
rt,dlp,SCHED_FIFO,50,10.0000,804,10.0306
rt,dlp,SCHED_FIFO,50,10.0000,805,10.0304
rt,dlp,SCHED_FIFO,50,10.0000,806,10.0035
rt,dlp,SCHED_FIFO,50,10.0000,807,10.0454
rt,dlp,SCHED_FIFO,50,10.0000,808,10.0316
rt,dlp,SCHED_FIFO,50,10.0000,809,10.0502
rt,dlp,SCHED_FIFO,50,10.0000,810,10.0316
rt,dlp,SCHED_FIFO,50,10.0000,811,10.0314
rt,dlp,SCHED_FIFO,50,10.0000,812,10.0888
rt,dlp,SCHED_FIFO,50,10.0000,813,10.0264
rt,dlp,SCHED_FIFO,50,10.0000,814,10.0426
rt,dlp,SCHED_FIFO,50,10.0000,815,10.0354
rt,dlp,SCHED_FIFO,50,10.0000,816,10.0483
rt,dlp,SCHED_FIFO,50,10.0000,817,10.0288
rt,dlp,SCHED_FIFO,50,10.0000,818,10.0159
rt,dlp,SCHED_FIFO,50,10.0000,819,10.0284
rt,dlp,SCHED_FIFO,50,10.0000,820,10.0961
rt,dlp,SCHED_FIFO,50,10.0000,821,10.0306
rt,dlp,SCHED_FIFO,50,10.0000,822,10.0401
rt,dlp,SCHED_FIFO,50,10.0000,823,10.0444
rt,dlp,SCHED_FIFO,50,10.0000,824,10.0132
rt,dlp,SCHED_FIFO,50,10.0000,825,10.0420
rt,dlp,SCHED_FIFO,50,10.0000,826,10.0342
rt,dlp,SCHED_FIFO,50,10.0000,827,10.0371
rt,dlp,SCHED_FIFO,50,10.0000,828,10.0438
rt,dlp,SCHED_FIFO,50,10.0000,829,10.0225
rt,dlp,SCHED_FIFO,50,10.0000,830,10.0438
rt,dlp,SCHED_FIFO,50,10.0000,831,10.0336
rt,dlp,SCHED_FIFO,50,10.0000,832,10.0932
rt,dlp,SCHED_FIFO,50,10.0000,833,10.0228
rt,dlp,SCHED_FIFO,50,10.0000,834,10.0489
rt,dlp,SCHED_FIFO,50,10.0000,835,10.0430
rt,dlp,SCHED_FIFO,50,10.0000,836,10.0310
rt,dlp,SCHED_FIFO,50,10.0000,837,10.0411
rt,dlp,SCHED_FIFO,50,10.0000,838,10.0477
rt,dlp,SCHED_FIFO,50,10.0000,839,10.0308
rt,dlp,SCHED_FIFO,50,10.0000,840,10.0326
rt,dlp,SCHED_FIFO,50,10.0000,841,10.0438
rt,dlp,SCHED_FIFO,50,10.0000,842,10.0310
rt,dlp,SCHED_FIFO,50,10.0000,843,10.0181
rt,dlp,SCHED_FIFO,50,10.0000,844,10.0174
rt,dlp,SCHED_FIFO,50,10.0000,845,10.0291
rt,dlp,SCHED_FIFO,50,10.0000,846,10.0336
rt,dlp,SCHED_FIFO,50,10.0000,847,10.0320
rt,dlp,SCHED_FIFO,50,10.0000,848,10.0337
rt,dlp,SCHED_FIFO,50,10.0000,849,10.0330
rt,dlp,SCHED_FIFO,50,10.0000,850,10.0409
rt,dlp,SCHED_FIFO,50,10.0000,851,10.0420
rt,dlp,SCHED_FIFO,50,10.0000,852,10.0428
rt,dlp,SCHED_FIFO,50,10.0000,853,10.0228
rt,dlp,SCHED_FIFO,50,10.0000,854,10.0323
rt,dlp,SCHED_FIFO,50,10.0000,855,10.0359
rt,dlp,SCHED_FIFO,50,10.0000,856,10.0319
rt,dlp,SCHED_FIFO,50,10.0000,857,10.0404
rt,dlp,SCHED_FIFO,50,10.0000,858,10.0385
rt,dlp,SCHED_FIFO,50,10.0000,859,10.0400
rt,dlp,SCHED_FIFO,50,10.0000,860,10.0038
rt,dlp,SCHED_FIFO,50,10.0000,861,10.0420
rt,dlp,SCHED_FIFO,50,10.0000,862,10.0217
rt,dlp,SCHED_FIFO,50,10.0000,863,10.0448
rt,dlp,SCHED_FIFO,50,10.0000,864,10.0296
rt,dlp,SCHED_FIFO,50,10.0000,865,10.0340
rt,dlp,SCHED_FIFO,50,10.0000,866,10.0328
rt,dlp,SCHED_FIFO,50,10.0000,867,10.0108
rt,dlp,SCHED_FIFO,50,10.0000,868,9.9900
rt,dlp,SCHED_FIFO,50,10.0000,869,10.0369
rt,dlp,SCHED_FIFO,50,10.0000,870,10.0401
rt,dlp,SCHED_FIFO,50,10.0000,871,10.0246
rt,dlp,SCHED_FIFO,50,10.0000,872,10.0386
rt,dlp,SCHED_FIFO,50,10.0000,873,10.0332
rt,dlp,SCHED_FIFO,50,10.0000,874,10.0220
rt,dlp,SCHED_FIFO,50,10.0000,875,10.0346
rt,dlp,SCHED_FIFO,50,10.0000,876,10.0417
rt,dlp,SCHED_FIFO,50,10.0000,877,10.0430
rt,dlp,SCHED_FIFO,50,10.0000,878,10.0638
rt,dlp,SCHED_FIFO,50,10.0000,879,10.0299
rt,dlp,SCHED_FIFO,50,10.0000,880,10.0339
rt,dlp,SCHED_FIFO,50,10.0000,881,10.0194
rt,dlp,SCHED_FIFO,50,10.0000,882,10.0367
rt,dlp,SCHED_FIFO,50,10.0000,883,10.0350
rt,dlp,SCHED_FIFO,50,10.0000,884,10.0241
rt,dlp,SCHED_FIFO,50,10.0000,885,10.0368
rt,dlp,SCHED_FIFO,50,10.0000,886,10.0255
rt,dlp,SCHED_FIFO,50,10.0000,887,10.0393
rt,dlp,SCHED_FIFO,50,10.0000,888,10.0286
rt,dlp,SCHED_FIFO,50,10.0000,889,10.0279
rt,dlp,SCHED_FIFO,50,10.0000,890,10.0385
rt,dlp,SCHED_FIFO,50,10.0000,891,10.0373
rt,dlp,SCHED_FIFO,50,10.0000,892,10.0422
rt,dlp,SCHED_FIFO,50,10.0000,893,10.0271
rt,dlp,SCHED_FIFO,50,10.0000,894,10.0184
rt,dlp,SCHED_FIFO,50,10.0000,895,10.0419
rt,dlp,SCHED_FIFO,50,10.0000,896,10.0294
rt,dlp,SCHED_FIFO,50,10.0000,897,10.0386
rt,dlp,SCHED_FIFO,50,10.0000,898,10.0293
rt,dlp,SCHED_FIFO,50,10.0000,899,10.0348
rt,dlp,SCHED_FIFO,50,10.0000,900,10.0130
rt,dlp,SCHED_FIFO,50,10.0000,901,10.0415
rt,dlp,SCHED_FIFO,50,10.0000,902,10.0493
rt,dlp,SCHED_FIFO,50,10.0000,903,10.0325
rt,dlp,SCHED_FIFO,50,10.0000,904,10.0306
rt,dlp,SCHED_FIFO,50,10.0000,905,10.0460
rt,dlp,SCHED_FIFO,50,10.0000,906,10.0332
rt,dlp,SCHED_FIFO,50,10.0000,907,10.0336
rt,dlp,SCHED_FIFO,50,10.0000,908,10.0257
rt,dlp,SCHED_FIFO,50,10.0000,909,10.0039
rt,dlp,SCHED_FIFO,50,10.0000,910,10.0168
rt,dlp,SCHED_FIFO,50,10.0000,911,10.0391
rt,dlp,SCHED_FIFO,50,10.0000,912,10.0415
rt,dlp,SCHED_FIFO,50,10.0000,913,10.0301
rt,dlp,SCHED_FIFO,50,10.0000,914,10.0412
rt,dlp,SCHED_FIFO,50,10.0000,915,10.0333
rt,dlp,SCHED_FIFO,50,10.0000,916,10.0322
rt,dlp,SCHED_FIFO,50,10.0000,917,10.0355
rt,dlp,SCHED_FIFO,50,10.0000,918,10.0322
rt,dlp,SCHED_FIFO,50,10.0000,919,10.0381
rt,dlp,SCHED_FIFO,50,10.0000,920,10.0287
rt,dlp,SCHED_FIFO,50,10.0000,921,10.0039
rt,dlp,SCHED_FIFO,50,10.0000,922,10.0397
rt,dlp,SCHED_FIFO,50,10.0000,923,10.0342
rt,dlp,SCHED_FIFO,50,10.0000,924,10.0380
rt,dlp,SCHED_FIFO,50,10.0000,925,10.0303
rt,dlp,SCHED_FIFO,50,10.0000,926,10.0360
rt,dlp,SCHED_FIFO,50,10.0000,927,10.0278
rt,dlp,SCHED_FIFO,50,10.0000,928,10.0307
rt,dlp,SCHED_FIFO,50,10.0000,929,10.0313
rt,dlp,SCHED_FIFO,50,10.0000,930,10.0363
rt,dlp,SCHED_FIFO,50,10.0000,931,10.0407
rt,dlp,SCHED_FIFO,50,10.0000,932,10.0410
rt,dlp,SCHED_FIFO,50,10.0000,933,10.0301
rt,dlp,SCHED_FIFO,50,10.0000,934,10.0371
rt,dlp,SCHED_FIFO,50,10.0000,935,10.0384
rt,dlp,SCHED_FIFO,50,10.0000,936,10.0394
rt,dlp,SCHED_FIFO,50,10.0000,937,10.0344
rt,dlp,SCHED_FIFO,50,10.0000,938,10.0183
rt,dlp,SCHED_FIFO,50,10.0000,939,9.9983
rt,dlp,SCHED_FIFO,50,10.0000,940,10.0096
rt,dlp,SCHED_FIFO,50,10.0000,941,10.0360
rt,dlp,SCHED_FIFO,50,10.0000,942,10.0377
rt,dlp,SCHED_FIFO,50,10.0000,943,10.0389
rt,dlp,SCHED_FIFO,50,10.0000,944,10.0424
rt,dlp,SCHED_FIFO,50,10.0000,945,10.0131
rt,dlp,SCHED_FIFO,50,10.0000,946,10.0445
rt,dlp,SCHED_FIFO,50,10.0000,947,10.0271
rt,dlp,SCHED_FIFO,50,10.0000,948,10.0224
rt,dlp,SCHED_FIFO,50,10.0000,949,10.0319
rt,dlp,SCHED_FIFO,50,10.0000,950,10.0310
rt,dlp,SCHED_FIFO,50,10.0000,951,10.0402
rt,dlp,SCHED_FIFO,50,10.0000,952,10.0320
rt,dlp,SCHED_FIFO,50,10.0000,953,10.0277
rt,dlp,SCHED_FIFO,50,10.0000,954,10.0247
rt,dlp,SCHED_FIFO,50,10.0000,955,10.0367
rt,dlp,SCHED_FIFO,50,10.0000,956,10.0019
rt,dlp,SCHED_FIFO,50,10.0000,957,10.0468
rt,dlp,SCHED_FIFO,50,10.0000,958,10.0379
rt,dlp,SCHED_FIFO,50,10.0000,959,10.0299
rt,dlp,SCHED_FIFO,50,10.0000,960,10.0350
rt,dlp,SCHED_FIFO,50,10.0000,961,10.0391
rt,dlp,SCHED_FIFO,50,10.0000,962,10.0322
rt,dlp,SCHED_FIFO,50,10.0000,963,10.0296
rt,dlp,SCHED_FIFO,50,10.0000,964,10.0298
rt,dlp,SCHED_FIFO,50,10.0000,965,10.0770
rt,dlp,SCHED_FIFO,50,10.0000,966,10.0245
rt,dlp,SCHED_FIFO,50,10.0000,967,10.0328
rt,dlp,SCHED_FIFO,50,10.0000,968,10.0365
rt,dlp,SCHED_FIFO,50,10.0000,969,10.0344
rt,dlp,SCHED_FIFO,50,10.0000,970,10.0313
rt,dlp,SCHED_FIFO,50,10.0000,971,10.0242
rt,dlp,SCHED_FIFO,50,10.0000,972,10.0324
rt,dlp,SCHED_FIFO,50,10.0000,973,10.0412
rt,dlp,SCHED_FIFO,50,10.0000,974,10.0199
rt,dlp,SCHED_FIFO,50,10.0000,975,10.0391
rt,dlp,SCHED_FIFO,50,10.0000,976,9.9973
rt,dlp,SCHED_FIFO,50,10.0000,977,10.0380
rt,dlp,SCHED_FIFO,50,10.0000,978,10.0512
rt,dlp,SCHED_FIFO,50,10.0000,979,10.0314
rt,dlp,SCHED_FIFO,50,10.0000,980,10.0410
rt,dlp,SCHED_FIFO,50,10.0000,981,10.0295
rt,dlp,SCHED_FIFO,50,10.0000,982,10.0324
rt,dlp,SCHED_FIFO,50,10.0000,983,10.0394
rt,dlp,SCHED_FIFO,50,10.0000,984,10.0373
rt,dlp,SCHED_FIFO,50,10.0000,985,10.0378
rt,dlp,SCHED_FIFO,50,10.0000,986,10.0419
rt,dlp,SCHED_FIFO,50,10.0000,987,10.0331
rt,dlp,SCHED_FIFO,50,10.0000,988,10.0319
rt,dlp,SCHED_FIFO,50,10.0000,989,10.0326
rt,dlp,SCHED_FIFO,50,10.0000,990,10.0308
rt,dlp,SCHED_FIFO,50,10.0000,991,10.0302
rt,dlp,SCHED_FIFO,50,10.0000,992,9.9983
rt,dlp,SCHED_FIFO,50,10.0000,993,10.0350
rt,dlp,SCHED_FIFO,50,10.0000,994,10.0392
rt,dlp,SCHED_FIFO,50,10.0000,995,10.0450
rt,dlp,SCHED_FIFO,50,10.0000,996,10.0233
rt,dlp,SCHED_FIFO,50,10.0000,997,10.0470
rt,dlp,SCHED_FIFO,50,10.0000,998,10.0362
rt,dlp,SCHED_FIFO,50,10.0000,999,10.0388
rt,dlp,SCHED_FIFO,50,20.0000,0,20.0519
rt,dlp,SCHED_FIFO,50,20.0000,1,20.0362
rt,dlp,SCHED_FIFO,50,20.0000,2,20.0238
rt,dlp,SCHED_FIFO,50,20.0000,3,20.0391
rt,dlp,SCHED_FIFO,50,20.0000,4,20.0343
rt,dlp,SCHED_FIFO,50,20.0000,5,20.0404
rt,dlp,SCHED_FIFO,50,20.0000,6,20.0354
rt,dlp,SCHED_FIFO,50,20.0000,7,20.0371
rt,dlp,SCHED_FIFO,50,20.0000,8,20.0367
rt,dlp,SCHED_FIFO,50,20.0000,9,20.0394
rt,dlp,SCHED_FIFO,50,20.0000,10,19.9912
rt,dlp,SCHED_FIFO,50,20.0000,11,20.0426
rt,dlp,SCHED_FIFO,50,20.0000,12,20.0377
rt,dlp,SCHED_FIFO,50,20.0000,13,20.0399
rt,dlp,SCHED_FIFO,50,20.0000,14,20.0307
rt,dlp,SCHED_FIFO,50,20.0000,15,20.0412
rt,dlp,SCHED_FIFO,50,20.0000,16,20.0363
rt,dlp,SCHED_FIFO,50,20.0000,17,20.0363
rt,dlp,SCHED_FIFO,50,20.0000,18,20.0142
rt,dlp,SCHED_FIFO,50,20.0000,19,20.0471
rt,dlp,SCHED_FIFO,50,20.0000,20,20.0511
rt,dlp,SCHED_FIFO,50,20.0000,21,20.0438
rt,dlp,SCHED_FIFO,50,20.0000,22,20.0459
rt,dlp,SCHED_FIFO,50,20.0000,23,20.0311
rt,dlp,SCHED_FIFO,50,20.0000,24,20.0321
rt,dlp,SCHED_FIFO,50,20.0000,25,20.0312
rt,dlp,SCHED_FIFO,50,20.0000,26,20.0485
rt,dlp,SCHED_FIFO,50,20.0000,27,20.0475
rt,dlp,SCHED_FIFO,50,20.0000,28,20.0324
rt,dlp,SCHED_FIFO,50,20.0000,29,20.0321
rt,dlp,SCHED_FIFO,50,20.0000,30,20.0371
rt,dlp,SCHED_FIFO,50,20.0000,31,20.0307
rt,dlp,SCHED_FIFO,50,20.0000,32,20.0193
rt,dlp,SCHED_FIFO,50,20.0000,33,20.0396
rt,dlp,SCHED_FIFO,50,20.0000,34,20.0433
rt,dlp,SCHED_FIFO,50,20.0000,35,20.0446
rt,dlp,SCHED_FIFO,50,20.0000,36,20.0436
rt,dlp,SCHED_FIFO,50,20.0000,37,20.0359
rt,dlp,SCHED_FIFO,50,20.0000,38,20.1111
rt,dlp,SCHED_FIFO,50,20.0000,39,20.0463
rt,dlp,SCHED_FIFO,50,20.0000,40,20.0320
rt,dlp,SCHED_FIFO,50,20.0000,41,20.0341
rt,dlp,SCHED_FIFO,50,20.0000,42,20.0447
rt,dlp,SCHED_FIFO,50,20.0000,43,20.0365
rt,dlp,SCHED_FIFO,50,20.0000,44,20.0226
rt,dlp,SCHED_FIFO,50,20.0000,45,20.0313
rt,dlp,SCHED_FIFO,50,20.0000,46,20.0311
rt,dlp,SCHED_FIFO,50,20.0000,47,20.0403
rt,dlp,SCHED_FIFO,50,20.0000,48,20.0349
rt,dlp,SCHED_FIFO,50,20.0000,49,20.0451
rt,dlp,SCHED_FIFO,50,20.0000,50,20.0329
rt,dlp,SCHED_FIFO,50,20.0000,51,20.0412
rt,dlp,SCHED_FIFO,50,20.0000,52,20.0472
rt,dlp,SCHED_FIFO,50,20.0000,53,20.0455
rt,dlp,SCHED_FIFO,50,20.0000,54,20.0466
rt,dlp,SCHED_FIFO,50,20.0000,55,20.0191
rt,dlp,SCHED_FIFO,50,20.0000,56,20.0333
rt,dlp,SCHED_FIFO,50,20.0000,57,20.0406
rt,dlp,SCHED_FIFO,50,20.0000,58,20.0404
rt,dlp,SCHED_FIFO,50,20.0000,59,20.1089
rt,dlp,SCHED_FIFO,50,20.0000,60,20.0207
rt,dlp,SCHED_FIFO,50,20.0000,61,20.0481
rt,dlp,SCHED_FIFO,50,20.0000,62,20.0419
rt,dlp,SCHED_FIFO,50,20.0000,63,20.0428
rt,dlp,SCHED_FIFO,50,20.0000,64,20.0474
rt,dlp,SCHED_FIFO,50,20.0000,65,20.0409
rt,dlp,SCHED_FIFO,50,20.0000,66,19.9916
rt,dlp,SCHED_FIFO,50,20.0000,67,20.0418
rt,dlp,SCHED_FIFO,50,20.0000,68,20.0429
rt,dlp,SCHED_FIFO,50,20.0000,69,20.0233
rt,dlp,SCHED_FIFO,50,20.0000,70,20.0386
rt,dlp,SCHED_FIFO,50,20.0000,71,20.0345
rt,dlp,SCHED_FIFO,50,20.0000,72,20.0368
rt,dlp,SCHED_FIFO,50,20.0000,73,20.0082
rt,dlp,SCHED_FIFO,50,20.0000,74,20.0302
rt,dlp,SCHED_FIFO,50,20.0000,75,20.0381
rt,dlp,SCHED_FIFO,50,20.0000,76,20.1048
rt,dlp,SCHED_FIFO,50,20.0000,77,20.0299
rt,dlp,SCHED_FIFO,50,20.0000,78,20.0447
rt,dlp,SCHED_FIFO,50,20.0000,79,20.0382
rt,dlp,SCHED_FIFO,50,20.0000,80,20.0271
rt,dlp,SCHED_FIFO,50,20.0000,81,20.0480
rt,dlp,SCHED_FIFO,50,20.0000,82,20.0358
rt,dlp,SCHED_FIFO,50,20.0000,83,20.0426
rt,dlp,SCHED_FIFO,50,20.0000,84,20.0410
rt,dlp,SCHED_FIFO,50,20.0000,85,20.0439
rt,dlp,SCHED_FIFO,50,20.0000,86,20.0350
rt,dlp,SCHED_FIFO,50,20.0000,87,20.0376
rt,dlp,SCHED_FIFO,50,20.0000,88,20.0448
rt,dlp,SCHED_FIFO,50,20.0000,89,20.0425
rt,dlp,SCHED_FIFO,50,20.0000,90,20.0428
rt,dlp,SCHED_FIFO,50,20.0000,91,20.0330
rt,dlp,SCHED_FIFO,50,20.0000,92,20.0361
rt,dlp,SCHED_FIFO,50,20.0000,93,20.0326
rt,dlp,SCHED_FIFO,50,20.0000,94,20.0350
rt,dlp,SCHED_FIFO,50,20.0000,95,20.0418
rt,dlp,SCHED_FIFO,50,20.0000,96,20.0465
rt,dlp,SCHED_FIFO,50,20.0000,97,20.0495
rt,dlp,SCHED_FIFO,50,20.0000,98,20.0287
rt,dlp,SCHED_FIFO,50,20.0000,99,20.0086
rt,dlp,SCHED_FIFO,50,20.0000,100,20.0307
rt,dlp,SCHED_FIFO,50,20.0000,101,20.0317
rt,dlp,SCHED_FIFO,50,20.0000,102,20.0320
rt,dlp,SCHED_FIFO,50,20.0000,103,20.0314
rt,dlp,SCHED_FIFO,50,20.0000,104,20.0400
rt,dlp,SCHED_FIFO,50,20.0000,105,20.0283
rt,dlp,SCHED_FIFO,50,20.0000,106,20.0399
rt,dlp,SCHED_FIFO,50,20.0000,107,20.0387
rt,dlp,SCHED_FIFO,50,20.0000,108,20.0507
rt,dlp,SCHED_FIFO,50,20.0000,109,20.0379
rt,dlp,SCHED_FIFO,50,20.0000,110,20.0382
rt,dlp,SCHED_FIFO,50,20.0000,111,20.0347
rt,dlp,SCHED_FIFO,50,20.0000,112,20.0454
rt,dlp,SCHED_FIFO,50,20.0000,113,20.0300
rt,dlp,SCHED_FIFO,50,20.0000,114,20.0415
rt,dlp,SCHED_FIFO,50,20.0000,115,20.0409
rt,dlp,SCHED_FIFO,50,20.0000,116,20.0165
rt,dlp,SCHED_FIFO,50,20.0000,117,20.0449
rt,dlp,SCHED_FIFO,50,20.0000,118,20.0410
rt,dlp,SCHED_FIFO,50,20.0000,119,20.0428
rt,dlp,SCHED_FIFO,50,20.0000,120,20.0420
rt,dlp,SCHED_FIFO,50,20.0000,121,20.0354
rt,dlp,SCHED_FIFO,50,20.0000,122,19.9946
rt,dlp,SCHED_FIFO,50,20.0000,123,20.0395
rt,dlp,SCHED_FIFO,50,20.0000,124,20.0224
rt,dlp,SCHED_FIFO,50,20.0000,125,20.0254
rt,dlp,SCHED_FIFO,50,20.0000,126,20.0390
rt,dlp,SCHED_FIFO,50,20.0000,127,20.0252
rt,dlp,SCHED_FIFO,50,20.0000,128,20.0355
rt,dlp,SCHED_FIFO,50,20.0000,129,20.0326
rt,dlp,SCHED_FIFO,50,20.0000,130,20.0433
rt,dlp,SCHED_FIFO,50,20.0000,131,20.0332
rt,dlp,SCHED_FIFO,50,20.0000,132,20.1207
rt,dlp,SCHED_FIFO,50,20.0000,133,20.0268
rt,dlp,SCHED_FIFO,50,20.0000,134,20.0344
rt,dlp,SCHED_FIFO,50,20.0000,135,20.0299
rt,dlp,SCHED_FIFO,50,20.0000,136,20.0469
rt,dlp,SCHED_FIFO,50,20.0000,137,20.0344
rt,dlp,SCHED_FIFO,50,20.0000,138,20.0342
rt,dlp,SCHED_FIFO,50,20.0000,139,20.0306
rt,dlp,SCHED_FIFO,50,20.0000,140,20.0345
rt,dlp,SCHED_FIFO,50,20.0000,141,20.1096
rt,dlp,SCHED_FIFO,50,20.0000,142,20.0402
rt,dlp,SCHED_FIFO,50,20.0000,143,20.0501
rt,dlp,SCHED_FIFO,50,20.0000,144,20.0496
rt,dlp,SCHED_FIFO,50,20.0000,145,20.0339
rt,dlp,SCHED_FIFO,50,20.0000,146,20.0416
rt,dlp,SCHED_FIFO,50,20.0000,147,20.0398
rt,dlp,SCHED_FIFO,50,20.0000,148,20.0318
rt,dlp,SCHED_FIFO,50,20.0000,149,20.0192
rt,dlp,SCHED_FIFO,50,20.0000,150,20.0512
rt,dlp,SCHED_FIFO,50,20.0000,151,20.0383
rt,dlp,SCHED_FIFO,50,20.0000,152,20.0357
rt,dlp,SCHED_FIFO,50,20.0000,153,20.0287
rt,dlp,SCHED_FIFO,50,20.0000,154,20.0301
rt,dlp,SCHED_FIFO,50,20.0000,155,20.0340
rt,dlp,SCHED_FIFO,50,20.0000,156,20.0560
rt,dlp,SCHED_FIFO,50,20.0000,157,20.0254
rt,dlp,SCHED_FIFO,50,20.0000,158,20.0421
rt,dlp,SCHED_FIFO,50,20.0000,159,20.0454
rt,dlp,SCHED_FIFO,50,20.0000,160,20.0386
rt,dlp,SCHED_FIFO,50,20.0000,161,20.0386
rt,dlp,SCHED_FIFO,50,20.0000,162,20.0311
rt,dlp,SCHED_FIFO,50,20.0000,163,20.0238
rt,dlp,SCHED_FIFO,50,20.0000,164,20.0414
rt,dlp,SCHED_FIFO,50,20.0000,165,20.0327
rt,dlp,SCHED_FIFO,50,20.0000,166,20.0483
rt,dlp,SCHED_FIFO,50,20.0000,167,20.0362
rt,dlp,SCHED_FIFO,50,20.0000,168,20.0462
rt,dlp,SCHED_FIFO,50,20.0000,169,20.0382
rt,dlp,SCHED_FIFO,50,20.0000,170,20.0479
rt,dlp,SCHED_FIFO,50,20.0000,171,20.0419
rt,dlp,SCHED_FIFO,50,20.0000,172,20.0448
rt,dlp,SCHED_FIFO,50,20.0000,173,20.0473
rt,dlp,SCHED_FIFO,50,20.0000,174,20.0364
rt,dlp,SCHED_FIFO,50,20.0000,175,20.0484
rt,dlp,SCHED_FIFO,50,20.0000,176,20.0402
rt,dlp,SCHED_FIFO,50,20.0000,177,20.0375
rt,dlp,SCHED_FIFO,50,20.0000,178,20.0257
rt,dlp,SCHED_FIFO,50,20.0000,179,20.0414
rt,dlp,SCHED_FIFO,50,20.0000,180,20.0413
rt,dlp,SCHED_FIFO,50,20.0000,181,20.0408
rt,dlp,SCHED_FIFO,50,20.0000,182,20.0482
rt,dlp,SCHED_FIFO,50,20.0000,183,20.0228
rt,dlp,SCHED_FIFO,50,20.0000,184,20.0282
rt,dlp,SCHED_FIFO,50,20.0000,185,20.0400
rt,dlp,SCHED_FIFO,50,20.0000,186,20.0300
rt,dlp,SCHED_FIFO,50,20.0000,187,20.0388
rt,dlp,SCHED_FIFO,50,20.0000,188,20.0417
rt,dlp,SCHED_FIFO,50,20.0000,189,20.0460
rt,dlp,SCHED_FIFO,50,20.0000,190,20.0323
rt,dlp,SCHED_FIFO,50,20.0000,191,20.0385
rt,dlp,SCHED_FIFO,50,20.0000,192,20.0371
rt,dlp,SCHED_FIFO,50,20.0000,193,20.0170
rt,dlp,SCHED_FIFO,50,20.0000,194,20.0274
rt,dlp,SCHED_FIFO,50,20.0000,195,20.0411
rt,dlp,SCHED_FIFO,50,20.0000,196,20.0311
rt,dlp,SCHED_FIFO,50,20.0000,197,20.0372
rt,dlp,SCHED_FIFO,50,20.0000,198,20.0368
rt,dlp,SCHED_FIFO,50,20.0000,199,20.0324
rt,dlp,SCHED_FIFO,50,20.0000,200,20.0410
rt,dlp,SCHED_FIFO,50,20.0000,201,20.0331
rt,dlp,SCHED_FIFO,50,20.0000,202,20.0442
rt,dlp,SCHED_FIFO,50,20.0000,203,20.0321
rt,dlp,SCHED_FIFO,50,20.0000,204,20.0300
rt,dlp,SCHED_FIFO,50,20.0000,205,20.0388
rt,dlp,SCHED_FIFO,50,20.0000,206,20.0334
rt,dlp,SCHED_FIFO,50,20.0000,207,20.0249
rt,dlp,SCHED_FIFO,50,20.0000,208,20.0004
rt,dlp,SCHED_FIFO,50,20.0000,209,20.0389
rt,dlp,SCHED_FIFO,50,20.0000,210,20.0262
rt,dlp,SCHED_FIFO,50,20.0000,211,20.0300
rt,dlp,SCHED_FIFO,50,20.0000,212,20.0417
rt,dlp,SCHED_FIFO,50,20.0000,213,20.0372
rt,dlp,SCHED_FIFO,50,20.0000,214,20.0319
rt,dlp,SCHED_FIFO,50,20.0000,215,20.1020
rt,dlp,SCHED_FIFO,50,20.0000,216,20.0205
rt,dlp,SCHED_FIFO,50,20.0000,217,20.0352
rt,dlp,SCHED_FIFO,50,20.0000,218,20.0295
rt,dlp,SCHED_FIFO,50,20.0000,219,20.0290
rt,dlp,SCHED_FIFO,50,20.0000,220,20.0370
rt,dlp,SCHED_FIFO,50,20.0000,221,20.0362
rt,dlp,SCHED_FIFO,50,20.0000,222,20.0415
rt,dlp,SCHED_FIFO,50,20.0000,223,20.0095
rt,dlp,SCHED_FIFO,50,20.0000,224,20.0391
rt,dlp,SCHED_FIFO,50,20.0000,225,20.0318
rt,dlp,SCHED_FIFO,50,20.0000,226,20.0386
rt,dlp,SCHED_FIFO,50,20.0000,227,20.0392
rt,dlp,SCHED_FIFO,50,20.0000,228,20.0201
rt,dlp,SCHED_FIFO,50,20.0000,229,20.0338
rt,dlp,SCHED_FIFO,50,20.0000,230,20.0440
rt,dlp,SCHED_FIFO,50,20.0000,231,20.0348
rt,dlp,SCHED_FIFO,50,20.0000,232,20.0354
rt,dlp,SCHED_FIFO,50,20.0000,233,20.0331
rt,dlp,SCHED_FIFO,50,20.0000,234,20.0393
rt,dlp,SCHED_FIFO,50,20.0000,235,20.0385
rt,dlp,SCHED_FIFO,50,20.0000,236,20.0307
rt,dlp,SCHED_FIFO,50,20.0000,237,20.0381
rt,dlp,SCHED_FIFO,50,20.0000,238,20.0294
rt,dlp,SCHED_FIFO,50,20.0000,239,20.0359
rt,dlp,SCHED_FIFO,50,20.0000,240,20.0441
rt,dlp,SCHED_FIFO,50,20.0000,241,20.0117
rt,dlp,SCHED_FIFO,50,20.0000,242,20.0305
rt,dlp,SCHED_FIFO,50,20.0000,243,20.0343
rt,dlp,SCHED_FIFO,50,20.0000,244,20.0394
rt,dlp,SCHED_FIFO,50,20.0000,245,20.0651
rt,dlp,SCHED_FIFO,50,20.0000,246,20.1060
rt,dlp,SCHED_FIFO,50,20.0000,247,19.9894
rt,dlp,SCHED_FIFO,50,20.0000,248,20.0294
rt,dlp,SCHED_FIFO,50,20.0000,249,20.0401
rt,dlp,SCHED_FIFO,50,20.0000,250,20.0250
rt,dlp,SCHED_FIFO,50,20.0000,251,20.0313
rt,dlp,SCHED_FIFO,50,20.0000,252,20.0474
rt,dlp,SCHED_FIFO,50,20.0000,253,20.0316
rt,dlp,SCHED_FIFO,50,20.0000,254,20.0327
rt,dlp,SCHED_FIFO,50,20.0000,255,20.0412
rt,dlp,SCHED_FIFO,50,20.0000,256,20.0327
rt,dlp,SCHED_FIFO,50,20.0000,257,20.0371
rt,dlp,SCHED_FIFO,50,20.0000,258,20.0424
rt,dlp,SCHED_FIFO,50,20.0000,259,20.0430
rt,dlp,SCHED_FIFO,50,20.0000,260,20.0409
rt,dlp,SCHED_FIFO,50,20.0000,261,20.0337
rt,dlp,SCHED_FIFO,50,20.0000,262,19.9878
rt,dlp,SCHED_FIFO,50,20.0000,263,20.0179
rt,dlp,SCHED_FIFO,50,20.0000,264,20.0347
rt,dlp,SCHED_FIFO,50,20.0000,265,20.0293
rt,dlp,SCHED_FIFO,50,20.0000,266,20.0443
rt,dlp,SCHED_FIFO,50,20.0000,267,20.0391
rt,dlp,SCHED_FIFO,50,20.0000,268,20.0368
rt,dlp,SCHED_FIFO,50,20.0000,269,20.0459
rt,dlp,SCHED_FIFO,50,20.0000,270,20.0328
rt,dlp,SCHED_FIFO,50,20.0000,271,20.0286
rt,dlp,SCHED_FIFO,50,20.0000,272,19.9992
rt,dlp,SCHED_FIFO,50,20.0000,273,20.0315
rt,dlp,SCHED_FIFO,50,20.0000,274,20.0398
rt,dlp,SCHED_FIFO,50,20.0000,275,20.0395
rt,dlp,SCHED_FIFO,50,20.0000,276,20.0410
rt,dlp,SCHED_FIFO,50,20.0000,277,20.0371
rt,dlp,SCHED_FIFO,50,20.0000,278,20.0243
rt,dlp,SCHED_FIFO,50,20.0000,279,20.0395
rt,dlp,SCHED_FIFO,50,20.0000,280,20.0367
rt,dlp,SCHED_FIFO,50,20.0000,281,20.0303
rt,dlp,SCHED_FIFO,50,20.0000,282,20.0365
rt,dlp,SCHED_FIFO,50,20.0000,283,20.0258
rt,dlp,SCHED_FIFO,50,20.0000,284,20.0531
rt,dlp,SCHED_FIFO,50,20.0000,285,20.0557
rt,dlp,SCHED_FIFO,50,20.0000,286,20.0510
rt,dlp,SCHED_FIFO,50,20.0000,287,20.0405
rt,dlp,SCHED_FIFO,50,20.0000,288,20.0308
rt,dlp,SCHED_FIFO,50,20.0000,289,20.0377
rt,dlp,SCHED_FIFO,50,20.0000,290,20.0327
rt,dlp,SCHED_FIFO,50,20.0000,291,20.0326
rt,dlp,SCHED_FIFO,50,20.0000,292,20.0959
rt,dlp,SCHED_FIFO,50,20.0000,293,20.0321
rt,dlp,SCHED_FIFO,50,20.0000,294,20.0392
rt,dlp,SCHED_FIFO,50,20.0000,295,20.0437
rt,dlp,SCHED_FIFO,50,20.0000,296,20.0412
rt,dlp,SCHED_FIFO,50,20.0000,297,20.0280
rt,dlp,SCHED_FIFO,50,20.0000,298,20.0388
rt,dlp,SCHED_FIFO,50,20.0000,299,20.0313
rt,dlp,SCHED_FIFO,50,20.0000,300,20.0282
rt,dlp,SCHED_FIFO,50,20.0000,301,20.0308
rt,dlp,SCHED_FIFO,50,20.0000,302,20.0566
rt,dlp,SCHED_FIFO,50,20.0000,303,20.0421
rt,dlp,SCHED_FIFO,50,20.0000,304,20.0390
rt,dlp,SCHED_FIFO,50,20.0000,305,20.0502
rt,dlp,SCHED_FIFO,50,20.0000,306,20.0296
rt,dlp,SCHED_FIFO,50,20.0000,307,20.0219
rt,dlp,SCHED_FIFO,50,20.0000,308,20.0315
rt,dlp,SCHED_FIFO,50,20.0000,309,20.0360
rt,dlp,SCHED_FIFO,50,20.0000,310,20.1034
rt,dlp,SCHED_FIFO,50,20.0000,311,20.1083
rt,dlp,SCHED_FIFO,50,20.0000,312,20.0326
rt,dlp,SCHED_FIFO,50,20.0000,313,20.0373
rt,dlp,SCHED_FIFO,50,20.0000,314,20.0307
rt,dlp,SCHED_FIFO,50,20.0000,315,20.0469
rt,dlp,SCHED_FIFO,50,20.0000,316,20.0413
rt,dlp,SCHED_FIFO,50,20.0000,317,20.0404
rt,dlp,SCHED_FIFO,50,20.0000,318,20.0382
rt,dlp,SCHED_FIFO,50,20.0000,319,20.0357
rt,dlp,SCHED_FIFO,50,20.0000,320,20.0594
rt,dlp,SCHED_FIFO,50,20.0000,321,20.0490
rt,dlp,SCHED_FIFO,50,20.0000,322,20.0475
rt,dlp,SCHED_FIFO,50,20.0000,323,20.0412
rt,dlp,SCHED_FIFO,50,20.0000,324,20.0422
rt,dlp,SCHED_FIFO,50,20.0000,325,20.0015
rt,dlp,SCHED_FIFO,50,20.0000,326,20.0009
rt,dlp,SCHED_FIFO,50,20.0000,327,20.0300
rt,dlp,SCHED_FIFO,50,20.0000,328,20.0355
rt,dlp,SCHED_FIFO,50,20.0000,329,20.0425
rt,dlp,SCHED_FIFO,50,20.0000,330,20.0341
rt,dlp,SCHED_FIFO,50,20.0000,331,20.0426
rt,dlp,SCHED_FIFO,50,20.0000,332,20.0346
rt,dlp,SCHED_FIFO,50,20.0000,333,20.0269
rt,dlp,SCHED_FIFO,50,20.0000,334,20.0331
rt,dlp,SCHED_FIFO,50,20.0000,335,20.0355
rt,dlp,SCHED_FIFO,50,20.0000,336,20.0280
rt,dlp,SCHED_FIFO,50,20.0000,337,20.0319
rt,dlp,SCHED_FIFO,50,20.0000,338,20.0316
rt,dlp,SCHED_FIFO,50,20.0000,339,20.0293
rt,dlp,SCHED_FIFO,50,20.0000,340,20.0326
rt,dlp,SCHED_FIFO,50,20.0000,341,20.0398
rt,dlp,SCHED_FIFO,50,20.0000,342,20.0415
rt,dlp,SCHED_FIFO,50,20.0000,343,20.0235
rt,dlp,SCHED_FIFO,50,20.0000,344,20.0266
rt,dlp,SCHED_FIFO,50,20.0000,345,20.0451
rt,dlp,SCHED_FIFO,50,20.0000,346,20.0371
rt,dlp,SCHED_FIFO,50,20.0000,347,20.0278
rt,dlp,SCHED_FIFO,50,20.0000,348,20.0382
rt,dlp,SCHED_FIFO,50,20.0000,349,20.0327
rt,dlp,SCHED_FIFO,50,20.0000,350,20.0454
rt,dlp,SCHED_FIFO,50,20.0000,351,20.0308
rt,dlp,SCHED_FIFO,50,20.0000,352,20.0296
rt,dlp,SCHED_FIFO,50,20.0000,353,20.0250
rt,dlp,SCHED_FIFO,50,20.0000,354,20.0313
rt,dlp,SCHED_FIFO,50,20.0000,355,20.0353
rt,dlp,SCHED_FIFO,50,20.0000,356,20.0322
rt,dlp,SCHED_FIFO,50,20.0000,357,20.0386
rt,dlp,SCHED_FIFO,50,20.0000,358,20.0378
rt,dlp,SCHED_FIFO,50,20.0000,359,20.0483
rt,dlp,SCHED_FIFO,50,20.0000,360,20.0325
rt,dlp,SCHED_FIFO,50,20.0000,361,20.0011
rt,dlp,SCHED_FIFO,50,20.0000,362,19.9990
rt,dlp,SCHED_FIFO,50,20.0000,363,20.0315
rt,dlp,SCHED_FIFO,50,20.0000,364,20.0387
rt,dlp,SCHED_FIFO,50,20.0000,365,20.0326
rt,dlp,SCHED_FIFO,50,20.0000,366,20.0347
rt,dlp,SCHED_FIFO,50,20.0000,367,20.0382
rt,dlp,SCHED_FIFO,50,20.0000,368,20.0305
rt,dlp,SCHED_FIFO,50,20.0000,369,20.0369
rt,dlp,SCHED_FIFO,50,20.0000,370,20.0398
rt,dlp,SCHED_FIFO,50,20.0000,371,20.0372
rt,dlp,SCHED_FIFO,50,20.0000,372,19.9947
rt,dlp,SCHED_FIFO,50,20.0000,373,20.0263
rt,dlp,SCHED_FIFO,50,20.0000,374,20.0369
rt,dlp,SCHED_FIFO,50,20.0000,375,20.0340
rt,dlp,SCHED_FIFO,50,20.0000,376,20.0289
rt,dlp,SCHED_FIFO,50,20.0000,377,20.0408
rt,dlp,SCHED_FIFO,50,20.0000,378,20.0300
rt,dlp,SCHED_FIFO,50,20.0000,379,20.0067
rt,dlp,SCHED_FIFO,50,20.0000,380,20.0432
rt,dlp,SCHED_FIFO,50,20.0000,381,20.0379
rt,dlp,SCHED_FIFO,50,20.0000,382,20.0356
rt,dlp,SCHED_FIFO,50,20.0000,383,20.0421
rt,dlp,SCHED_FIFO,50,20.0000,384,20.0457
rt,dlp,SCHED_FIFO,50,20.0000,385,20.0244
rt,dlp,SCHED_FIFO,50,20.0000,386,19.9980
rt,dlp,SCHED_FIFO,50,20.0000,387,20.0310
rt,dlp,SCHED_FIFO,50,20.0000,388,20.0408
rt,dlp,SCHED_FIFO,50,20.0000,389,20.0280
rt,dlp,SCHED_FIFO,50,20.0000,390,20.0321
rt,dlp,SCHED_FIFO,50,20.0000,391,20.0268
rt,dlp,SCHED_FIFO,50,20.0000,392,20.0425
rt,dlp,SCHED_FIFO,50,20.0000,393,20.0342
rt,dlp,SCHED_FIFO,50,20.0000,394,20.0361
rt,dlp,SCHED_FIFO,50,20.0000,395,20.0443
rt,dlp,SCHED_FIFO,50,20.0000,396,20.0589
rt,dlp,SCHED_FIFO,50,20.0000,397,20.0467
rt,dlp,SCHED_FIFO,50,20.0000,398,20.0508
rt,dlp,SCHED_FIFO,50,20.0000,399,20.0333
rt,dlp,SCHED_FIFO,50,20.0000,400,20.0426
rt,dlp,SCHED_FIFO,50,20.0000,401,20.0350
rt,dlp,SCHED_FIFO,50,20.0000,402,20.0190
rt,dlp,SCHED_FIFO,50,20.0000,403,20.0216
rt,dlp,SCHED_FIFO,50,20.0000,404,20.0296
rt,dlp,SCHED_FIFO,50,20.0000,405,20.0307
rt,dlp,SCHED_FIFO,50,20.0000,406,20.0208
rt,dlp,SCHED_FIFO,50,20.0000,407,20.0330
rt,dlp,SCHED_FIFO,50,20.0000,408,20.0312
rt,dlp,SCHED_FIFO,50,20.0000,409,20.0322
rt,dlp,SCHED_FIFO,50,20.0000,410,20.0393
rt,dlp,SCHED_FIFO,50,20.0000,411,20.0359
rt,dlp,SCHED_FIFO,50,20.0000,412,20.0392
rt,dlp,SCHED_FIFO,50,20.0000,413,20.0310
rt,dlp,SCHED_FIFO,50,20.0000,414,20.0352
rt,dlp,SCHED_FIFO,50,20.0000,415,20.0503
rt,dlp,SCHED_FIFO,50,20.0000,416,20.0574
rt,dlp,SCHED_FIFO,50,20.0000,417,20.0542
rt,dlp,SCHED_FIFO,50,20.0000,418,20.0381
rt,dlp,SCHED_FIFO,50,20.0000,419,20.0365
rt,dlp,SCHED_FIFO,50,20.0000,420,20.0694
rt,dlp,SCHED_FIFO,50,20.0000,421,20.0401
rt,dlp,SCHED_FIFO,50,20.0000,422,20.0317
rt,dlp,SCHED_FIFO,50,20.0000,423,20.0368
rt,dlp,SCHED_FIFO,50,20.0000,424,20.0275
rt,dlp,SCHED_FIFO,50,20.0000,425,20.0146
rt,dlp,SCHED_FIFO,50,20.0000,426,20.0125
rt,dlp,SCHED_FIFO,50,20.0000,427,20.0278
rt,dlp,SCHED_FIFO,50,20.0000,428,20.0377
rt,dlp,SCHED_FIFO,50,20.0000,429,20.0398
rt,dlp,SCHED_FIFO,50,20.0000,430,20.0403
rt,dlp,SCHED_FIFO,50,20.0000,431,20.0436
rt,dlp,SCHED_FIFO,50,20.0000,432,20.0338
rt,dlp,SCHED_FIFO,50,20.0000,433,20.0316
rt,dlp,SCHED_FIFO,50,20.0000,434,20.0340
rt,dlp,SCHED_FIFO,50,20.0000,435,20.0338
rt,dlp,SCHED_FIFO,50,20.0000,436,20.0473
rt,dlp,SCHED_FIFO,50,20.0000,437,20.0032
rt,dlp,SCHED_FIFO,50,20.0000,438,20.0362
rt,dlp,SCHED_FIFO,50,20.0000,439,20.0428
rt,dlp,SCHED_FIFO,50,20.0000,440,20.0419
rt,dlp,SCHED_FIFO,50,20.0000,441,20.0380
rt,dlp,SCHED_FIFO,50,20.0000,442,20.0354
rt,dlp,SCHED_FIFO,50,20.0000,443,20.1265
rt,dlp,SCHED_FIFO,50,20.0000,444,20.0532
rt,dlp,SCHED_FIFO,50,20.0000,445,20.0598
rt,dlp,SCHED_FIFO,50,20.0000,446,20.0475
rt,dlp,SCHED_FIFO,50,20.0000,447,20.0502
rt,dlp,SCHED_FIFO,50,20.0000,448,20.0452
rt,dlp,SCHED_FIFO,50,20.0000,449,20.0457
rt,dlp,SCHED_FIFO,50,20.0000,450,20.0302
rt,dlp,SCHED_FIFO,50,20.0000,451,20.0305
rt,dlp,SCHED_FIFO,50,20.0000,452,20.0473
rt,dlp,SCHED_FIFO,50,20.0000,453,20.0365
rt,dlp,SCHED_FIFO,50,20.0000,454,20.0389
rt,dlp,SCHED_FIFO,50,20.0000,455,20.0364
rt,dlp,SCHED_FIFO,50,20.0000,456,20.0430
rt,dlp,SCHED_FIFO,50,20.0000,457,20.0400
rt,dlp,SCHED_FIFO,50,20.0000,458,20.0358
rt,dlp,SCHED_FIFO,50,20.0000,459,20.0489
rt,dlp,SCHED_FIFO,50,20.0000,460,20.0228
rt,dlp,SCHED_FIFO,50,20.0000,461,20.0387
rt,dlp,SCHED_FIFO,50,20.0000,462,20.0407
rt,dlp,SCHED_FIFO,50,20.0000,463,20.0500
rt,dlp,SCHED_FIFO,50,20.0000,464,20.0379
rt,dlp,SCHED_FIFO,50,20.0000,465,20.0433
rt,dlp,SCHED_FIFO,50,20.0000,466,20.0434
rt,dlp,SCHED_FIFO,50,20.0000,467,20.0433
rt,dlp,SCHED_FIFO,50,20.0000,468,20.0370
rt,dlp,SCHED_FIFO,50,20.0000,469,20.0862
rt,dlp,SCHED_FIFO,50,20.0000,470,20.0503
rt,dlp,SCHED_FIFO,50,20.0000,471,20.0452
rt,dlp,SCHED_FIFO,50,20.0000,472,20.0431
rt,dlp,SCHED_FIFO,50,20.0000,473,20.0322
rt,dlp,SCHED_FIFO,50,20.0000,474,20.0221
rt,dlp,SCHED_FIFO,50,20.0000,475,20.1082
rt,dlp,SCHED_FIFO,50,20.0000,476,20.0296
rt,dlp,SCHED_FIFO,50,20.0000,477,20.0372
rt,dlp,SCHED_FIFO,50,20.0000,478,20.0319
rt,dlp,SCHED_FIFO,50,20.0000,479,20.0275
rt,dlp,SCHED_FIFO,50,20.0000,480,20.0353
rt,dlp,SCHED_FIFO,50,20.0000,481,20.0391
rt,dlp,SCHED_FIFO,50,20.0000,482,20.0137
rt,dlp,SCHED_FIFO,50,20.0000,483,20.0002
rt,dlp,SCHED_FIFO,50,20.0000,484,20.0380
rt,dlp,SCHED_FIFO,50,20.0000,485,20.0332
rt,dlp,SCHED_FIFO,50,20.0000,486,20.0475
rt,dlp,SCHED_FIFO,50,20.0000,487,20.0271
rt,dlp,SCHED_FIFO,50,20.0000,488,20.0392
rt,dlp,SCHED_FIFO,50,20.0000,489,20.0346
rt,dlp,SCHED_FIFO,50,20.0000,490,20.0788
rt,dlp,SCHED_FIFO,50,20.0000,491,20.0110
rt,dlp,SCHED_FIFO,50,20.0000,492,20.0355
rt,dlp,SCHED_FIFO,50,20.0000,493,20.0443
rt,dlp,SCHED_FIFO,50,20.0000,494,20.0346
rt,dlp,SCHED_FIFO,50,20.0000,495,20.0368
rt,dlp,SCHED_FIFO,50,20.0000,496,20.0377
rt,dlp,SCHED_FIFO,50,20.0000,497,20.0310
rt,dlp,SCHED_FIFO,50,20.0000,498,20.0327
rt,dlp,SCHED_FIFO,50,20.0000,499,19.9984
rt,dlp,SCHED_FIFO,50,20.0000,500,20.0285
rt,dlp,SCHED_FIFO,50,20.0000,501,20.0341
rt,dlp,SCHED_FIFO,50,20.0000,502,20.0469
rt,dlp,SCHED_FIFO,50,20.0000,503,20.0521
rt,dlp,SCHED_FIFO,50,20.0000,504,20.0357
rt,dlp,SCHED_FIFO,50,20.0000,505,20.0360
rt,dlp,SCHED_FIFO,50,20.0000,506,20.0349
rt,dlp,SCHED_FIFO,50,20.0000,507,20.0510
rt,dlp,SCHED_FIFO,50,20.0000,508,20.0366
rt,dlp,SCHED_FIFO,50,20.0000,509,20.0390
rt,dlp,SCHED_FIFO,50,20.0000,510,20.0361
rt,dlp,SCHED_FIFO,50,20.0000,511,20.0372
rt,dlp,SCHED_FIFO,50,20.0000,512,20.0412
rt,dlp,SCHED_FIFO,50,20.0000,513,20.0374
rt,dlp,SCHED_FIFO,50,20.0000,514,20.0382
rt,dlp,SCHED_FIFO,50,20.0000,515,20.0469
rt,dlp,SCHED_FIFO,50,20.0000,516,20.0349
rt,dlp,SCHED_FIFO,50,20.0000,517,20.0424
rt,dlp,SCHED_FIFO,50,20.0000,518,20.0326
rt,dlp,SCHED_FIFO,50,20.0000,519,20.0318
rt,dlp,SCHED_FIFO,50,20.0000,520,20.0302
rt,dlp,SCHED_FIFO,50,20.0000,521,19.9885
rt,dlp,SCHED_FIFO,50,20.0000,522,20.0311
rt,dlp,SCHED_FIFO,50,20.0000,523,20.0425
rt,dlp,SCHED_FIFO,50,20.0000,524,20.0357
rt,dlp,SCHED_FIFO,50,20.0000,525,20.0436
rt,dlp,SCHED_FIFO,50,20.0000,526,20.0329
rt,dlp,SCHED_FIFO,50,20.0000,527,20.0388
rt,dlp,SCHED_FIFO,50,20.0000,528,20.1000
rt,dlp,SCHED_FIFO,50,20.0000,529,20.0151
rt,dlp,SCHED_FIFO,50,20.0000,530,20.0343
rt,dlp,SCHED_FIFO,50,20.0000,531,20.0408
rt,dlp,SCHED_FIFO,50,20.0000,532,20.0393
rt,dlp,SCHED_FIFO,50,20.0000,533,20.0337
rt,dlp,SCHED_FIFO,50,20.0000,534,20.0508
rt,dlp,SCHED_FIFO,50,20.0000,535,20.0376
rt,dlp,SCHED_FIFO,50,20.0000,536,20.0465
rt,dlp,SCHED_FIFO,50,20.0000,537,20.0542
rt,dlp,SCHED_FIFO,50,20.0000,538,20.0212
rt,dlp,SCHED_FIFO,50,20.0000,539,20.0372
rt,dlp,SCHED_FIFO,50,20.0000,540,20.0379
rt,dlp,SCHED_FIFO,50,20.0000,541,20.0274
rt,dlp,SCHED_FIFO,50,20.0000,542,20.0306
rt,dlp,SCHED_FIFO,50,20.0000,543,20.0342
rt,dlp,SCHED_FIFO,50,20.0000,544,20.0494
rt,dlp,SCHED_FIFO,50,20.0000,545,20.0550
rt,dlp,SCHED_FIFO,50,20.0000,546,20.0444
rt,dlp,SCHED_FIFO,50,20.0000,547,20.0687
rt,dlp,SCHED_FIFO,50,20.0000,548,20.0433
rt,dlp,SCHED_FIFO,50,20.0000,549,20.0426
rt,dlp,SCHED_FIFO,50,20.0000,550,20.0372
rt,dlp,SCHED_FIFO,50,20.0000,551,20.0322
rt,dlp,SCHED_FIFO,50,20.0000,552,20.0367
rt,dlp,SCHED_FIFO,50,20.0000,553,20.0359
rt,dlp,SCHED_FIFO,50,20.0000,554,20.0517
rt,dlp,SCHED_FIFO,50,20.0000,555,20.0346
rt,dlp,SCHED_FIFO,50,20.0000,556,20.0529
rt,dlp,SCHED_FIFO,50,20.0000,557,20.0259
rt,dlp,SCHED_FIFO,50,20.0000,558,20.0545
rt,dlp,SCHED_FIFO,50,20.0000,559,20.0391
rt,dlp,SCHED_FIFO,50,20.0000,560,20.0301
rt,dlp,SCHED_FIFO,50,20.0000,561,20.0300
rt,dlp,SCHED_FIFO,50,20.0000,562,20.0356
rt,dlp,SCHED_FIFO,50,20.0000,563,20.0421
rt,dlp,SCHED_FIFO,50,20.0000,564,20.0326
rt,dlp,SCHED_FIFO,50,20.0000,565,20.0410
rt,dlp,SCHED_FIFO,50,20.0000,566,20.0507
rt,dlp,SCHED_FIFO,50,20.0000,567,20.0331
rt,dlp,SCHED_FIFO,50,20.0000,568,20.0280
rt,dlp,SCHED_FIFO,50,20.0000,569,20.0368
rt,dlp,SCHED_FIFO,50,20.0000,570,20.0473
rt,dlp,SCHED_FIFO,50,20.0000,571,20.0405
rt,dlp,SCHED_FIFO,50,20.0000,572,20.0387
rt,dlp,SCHED_FIFO,50,20.0000,573,20.0456
rt,dlp,SCHED_FIFO,50,20.0000,574,20.0315
rt,dlp,SCHED_FIFO,50,20.0000,575,20.0071
rt,dlp,SCHED_FIFO,50,20.0000,576,20.0399
rt,dlp,SCHED_FIFO,50,20.0000,577,20.0500
rt,dlp,SCHED_FIFO,50,20.0000,578,20.0324
rt,dlp,SCHED_FIFO,50,20.0000,579,20.0345
rt,dlp,SCHED_FIFO,50,20.0000,580,20.0331
rt,dlp,SCHED_FIFO,50,20.0000,581,19.9907
rt,dlp,SCHED_FIFO,50,20.0000,582,20.0264
rt,dlp,SCHED_FIFO,50,20.0000,583,20.0381
rt,dlp,SCHED_FIFO,50,20.0000,584,20.0106
rt,dlp,SCHED_FIFO,50,20.0000,585,20.0360
rt,dlp,SCHED_FIFO,50,20.0000,586,20.0377
rt,dlp,SCHED_FIFO,50,20.0000,587,20.0325
rt,dlp,SCHED_FIFO,50,20.0000,588,20.0347
rt,dlp,SCHED_FIFO,50,20.0000,589,20.0410
rt,dlp,SCHED_FIFO,50,20.0000,590,20.0826
rt,dlp,SCHED_FIFO,50,20.0000,591,19.9978
rt,dlp,SCHED_FIFO,50,20.0000,592,20.0079
rt,dlp,SCHED_FIFO,50,20.0000,593,20.0428
rt,dlp,SCHED_FIFO,50,20.0000,594,20.0436
rt,dlp,SCHED_FIFO,50,20.0000,595,20.0300
rt,dlp,SCHED_FIFO,50,20.0000,596,20.0391
rt,dlp,SCHED_FIFO,50,20.0000,597,20.0477
rt,dlp,SCHED_FIFO,50,20.0000,598,20.0328
rt,dlp,SCHED_FIFO,50,20.0000,599,20.0525
rt,dlp,SCHED_FIFO,50,20.0000,600,20.0382
rt,dlp,SCHED_FIFO,50,20.0000,601,20.0352
rt,dlp,SCHED_FIFO,50,20.0000,602,20.0371
rt,dlp,SCHED_FIFO,50,20.0000,603,20.0247
rt,dlp,SCHED_FIFO,50,20.0000,604,20.0514
rt,dlp,SCHED_FIFO,50,20.0000,605,20.0394
rt,dlp,SCHED_FIFO,50,20.0000,606,20.0242
rt,dlp,SCHED_FIFO,50,20.0000,607,20.0399
rt,dlp,SCHED_FIFO,50,20.0000,608,20.0463
rt,dlp,SCHED_FIFO,50,20.0000,609,20.0459
rt,dlp,SCHED_FIFO,50,20.0000,610,20.0472
rt,dlp,SCHED_FIFO,50,20.0000,611,20.0435
rt,dlp,SCHED_FIFO,50,20.0000,612,20.0311
rt,dlp,SCHED_FIFO,50,20.0000,613,20.0309
rt,dlp,SCHED_FIFO,50,20.0000,614,20.0449
rt,dlp,SCHED_FIFO,50,20.0000,615,20.0039
rt,dlp,SCHED_FIFO,50,20.0000,616,20.0401
rt,dlp,SCHED_FIFO,50,20.0000,617,20.0416
rt,dlp,SCHED_FIFO,50,20.0000,618,20.0594
rt,dlp,SCHED_FIFO,50,20.0000,619,20.1058
rt,dlp,SCHED_FIFO,50,20.0000,620,20.0555
rt,dlp,SCHED_FIFO,50,20.0000,621,20.0394
rt,dlp,SCHED_FIFO,50,20.0000,622,20.0272
rt,dlp,SCHED_FIFO,50,20.0000,623,20.0281
rt,dlp,SCHED_FIFO,50,20.0000,624,20.0254
rt,dlp,SCHED_FIFO,50,20.0000,625,20.0419
rt,dlp,SCHED_FIFO,50,20.0000,626,20.1044
rt,dlp,SCHED_FIFO,50,20.0000,627,20.0410
rt,dlp,SCHED_FIFO,50,20.0000,628,20.0412
rt,dlp,SCHED_FIFO,50,20.0000,629,20.0357
rt,dlp,SCHED_FIFO,50,20.0000,630,20.0299
rt,dlp,SCHED_FIFO,50,20.0000,631,20.0314
rt,dlp,SCHED_FIFO,50,20.0000,632,20.0350
rt,dlp,SCHED_FIFO,50,20.0000,633,19.9969
rt,dlp,SCHED_FIFO,50,20.0000,634,20.0380
rt,dlp,SCHED_FIFO,50,20.0000,635,20.0246
rt,dlp,SCHED_FIFO,50,20.0000,636,20.0518
rt,dlp,SCHED_FIFO,50,20.0000,637,20.0292
rt,dlp,SCHED_FIFO,50,20.0000,638,20.0421
rt,dlp,SCHED_FIFO,50,20.0000,639,20.0305
rt,dlp,SCHED_FIFO,50,20.0000,640,20.0276
rt,dlp,SCHED_FIFO,50,20.0000,641,20.0677
rt,dlp,SCHED_FIFO,50,20.0000,642,20.0385
rt,dlp,SCHED_FIFO,50,20.0000,643,20.0412
rt,dlp,SCHED_FIFO,50,20.0000,644,20.0323
rt,dlp,SCHED_FIFO,50,20.0000,645,20.0284
rt,dlp,SCHED_FIFO,50,20.0000,646,20.0501
rt,dlp,SCHED_FIFO,50,20.0000,647,20.0388
rt,dlp,SCHED_FIFO,50,20.0000,648,20.0423
rt,dlp,SCHED_FIFO,50,20.0000,649,20.0402
rt,dlp,SCHED_FIFO,50,20.0000,650,20.0298
rt,dlp,SCHED_FIFO,50,20.0000,651,20.0344
rt,dlp,SCHED_FIFO,50,20.0000,652,20.0252
rt,dlp,SCHED_FIFO,50,20.0000,653,20.0494
rt,dlp,SCHED_FIFO,50,20.0000,654,20.0441
rt,dlp,SCHED_FIFO,50,20.0000,655,20.0399
rt,dlp,SCHED_FIFO,50,20.0000,656,20.0400
rt,dlp,SCHED_FIFO,50,20.0000,657,20.0445
rt,dlp,SCHED_FIFO,50,20.0000,658,20.0339
rt,dlp,SCHED_FIFO,50,20.0000,659,20.0292
rt,dlp,SCHED_FIFO,50,20.0000,660,20.0191
rt,dlp,SCHED_FIFO,50,20.0000,661,20.0035
rt,dlp,SCHED_FIFO,50,20.0000,662,20.0414
rt,dlp,SCHED_FIFO,50,20.0000,663,20.0496
rt,dlp,SCHED_FIFO,50,20.0000,664,20.0160
rt,dlp,SCHED_FIFO,50,20.0000,665,20.0482
rt,dlp,SCHED_FIFO,50,20.0000,666,20.0387
rt,dlp,SCHED_FIFO,50,20.0000,667,20.0355
rt,dlp,SCHED_FIFO,50,20.0000,668,20.0393
rt,dlp,SCHED_FIFO,50,20.0000,669,19.9920
rt,dlp,SCHED_FIFO,50,20.0000,670,20.0460
rt,dlp,SCHED_FIFO,50,20.0000,671,20.0307
rt,dlp,SCHED_FIFO,50,20.0000,672,20.0299
rt,dlp,SCHED_FIFO,50,20.0000,673,20.0382
rt,dlp,SCHED_FIFO,50,20.0000,674,20.0237
rt,dlp,SCHED_FIFO,50,20.0000,675,20.0046
rt,dlp,SCHED_FIFO,50,20.0000,676,20.0372
rt,dlp,SCHED_FIFO,50,20.0000,677,20.0332
rt,dlp,SCHED_FIFO,50,20.0000,678,20.0479
rt,dlp,SCHED_FIFO,50,20.0000,679,20.0299
rt,dlp,SCHED_FIFO,50,20.0000,680,20.0486
rt,dlp,SCHED_FIFO,50,20.0000,681,20.0275
rt,dlp,SCHED_FIFO,50,20.0000,682,20.0425
rt,dlp,SCHED_FIFO,50,20.0000,683,20.0378
rt,dlp,SCHED_FIFO,50,20.0000,684,20.0381
rt,dlp,SCHED_FIFO,50,20.0000,685,20.0425
rt,dlp,SCHED_FIFO,50,20.0000,686,20.0383
rt,dlp,SCHED_FIFO,50,20.0000,687,20.0191
rt,dlp,SCHED_FIFO,50,20.0000,688,20.0186
rt,dlp,SCHED_FIFO,50,20.0000,689,20.0321
rt,dlp,SCHED_FIFO,50,20.0000,690,20.0370
rt,dlp,SCHED_FIFO,50,20.0000,691,20.0317
rt,dlp,SCHED_FIFO,50,20.0000,692,20.0620
rt,dlp,SCHED_FIFO,50,20.0000,693,20.0546
rt,dlp,SCHED_FIFO,50,20.0000,694,20.0586
rt,dlp,SCHED_FIFO,50,20.0000,695,20.0528
rt,dlp,SCHED_FIFO,50,20.0000,696,20.0367
rt,dlp,SCHED_FIFO,50,20.0000,697,20.0048
rt,dlp,SCHED_FIFO,50,20.0000,698,20.0328
rt,dlp,SCHED_FIFO,50,20.0000,699,20.0480
rt,dlp,SCHED_FIFO,50,20.0000,700,20.0263
rt,dlp,SCHED_FIFO,50,20.0000,701,20.0360
rt,dlp,SCHED_FIFO,50,20.0000,702,20.0325
rt,dlp,SCHED_FIFO,50,20.0000,703,20.0426
rt,dlp,SCHED_FIFO,50,20.0000,704,20.0272
rt,dlp,SCHED_FIFO,50,20.0000,705,20.0467
rt,dlp,SCHED_FIFO,50,20.0000,706,20.0397
rt,dlp,SCHED_FIFO,50,20.0000,707,20.0326
rt,dlp,SCHED_FIFO,50,20.0000,708,20.0385
rt,dlp,SCHED_FIFO,50,20.0000,709,20.0414
rt,dlp,SCHED_FIFO,50,20.0000,710,20.0307
rt,dlp,SCHED_FIFO,50,20.0000,711,20.0429
rt,dlp,SCHED_FIFO,50,20.0000,712,20.0381
rt,dlp,SCHED_FIFO,50,20.0000,713,20.0358
rt,dlp,SCHED_FIFO,50,20.0000,714,20.0418
rt,dlp,SCHED_FIFO,50,20.0000,715,20.0336
rt,dlp,SCHED_FIFO,50,20.0000,716,20.0381
rt,dlp,SCHED_FIFO,50,20.0000,717,20.0317
rt,dlp,SCHED_FIFO,50,20.0000,718,20.0356
rt,dlp,SCHED_FIFO,50,20.0000,719,20.0074
rt,dlp,SCHED_FIFO,50,20.0000,720,20.0296
rt,dlp,SCHED_FIFO,50,20.0000,721,20.0472
rt,dlp,SCHED_FIFO,50,20.0000,722,20.0377
rt,dlp,SCHED_FIFO,50,20.0000,723,20.0322
rt,dlp,SCHED_FIFO,50,20.0000,724,20.0375
rt,dlp,SCHED_FIFO,50,20.0000,725,20.0314
rt,dlp,SCHED_FIFO,50,20.0000,726,20.0275
rt,dlp,SCHED_FIFO,50,20.0000,727,20.0396
rt,dlp,SCHED_FIFO,50,20.0000,728,20.0310
rt,dlp,SCHED_FIFO,50,20.0000,729,20.0357
rt,dlp,SCHED_FIFO,50,20.0000,730,20.0321
rt,dlp,SCHED_FIFO,50,20.0000,731,20.0399
rt,dlp,SCHED_FIFO,50,20.0000,732,20.0294
rt,dlp,SCHED_FIFO,50,20.0000,733,20.0394
rt,dlp,SCHED_FIFO,50,20.0000,734,20.0296
rt,dlp,SCHED_FIFO,50,20.0000,735,20.0344
rt,dlp,SCHED_FIFO,50,20.0000,736,20.0423
rt,dlp,SCHED_FIFO,50,20.0000,737,20.0325
rt,dlp,SCHED_FIFO,50,20.0000,738,20.0288
rt,dlp,SCHED_FIFO,50,20.0000,739,20.0332
rt,dlp,SCHED_FIFO,50,20.0000,740,20.0367
rt,dlp,SCHED_FIFO,50,20.0000,741,20.0385
rt,dlp,SCHED_FIFO,50,20.0000,742,20.0457
rt,dlp,SCHED_FIFO,50,20.0000,743,20.0394
rt,dlp,SCHED_FIFO,50,20.0000,744,20.0918
rt,dlp,SCHED_FIFO,50,20.0000,745,20.0359
rt,dlp,SCHED_FIFO,50,20.0000,746,20.0506
rt,dlp,SCHED_FIFO,50,20.0000,747,20.0241
rt,dlp,SCHED_FIFO,50,20.0000,748,20.0441
rt,dlp,SCHED_FIFO,50,20.0000,749,20.0342
rt,dlp,SCHED_FIFO,50,20.0000,750,20.0357
rt,dlp,SCHED_FIFO,50,20.0000,751,20.0393
rt,dlp,SCHED_FIFO,50,20.0000,752,20.0390
rt,dlp,SCHED_FIFO,50,20.0000,753,20.0412
rt,dlp,SCHED_FIFO,50,20.0000,754,20.0251
rt,dlp,SCHED_FIFO,50,20.0000,755,20.0347
rt,dlp,SCHED_FIFO,50,20.0000,756,20.0373
rt,dlp,SCHED_FIFO,50,20.0000,757,20.0237
rt,dlp,SCHED_FIFO,50,20.0000,758,20.0144
rt,dlp,SCHED_FIFO,50,20.0000,759,20.0506
rt,dlp,SCHED_FIFO,50,20.0000,760,20.0399
rt,dlp,SCHED_FIFO,50,20.0000,761,20.0511
rt,dlp,SCHED_FIFO,50,20.0000,762,20.0240
rt,dlp,SCHED_FIFO,50,20.0000,763,20.0922
rt,dlp,SCHED_FIFO,50,20.0000,764,20.0301
rt,dlp,SCHED_FIFO,50,20.0000,765,20.0364
rt,dlp,SCHED_FIFO,50,20.0000,766,20.0348
rt,dlp,SCHED_FIFO,50,20.0000,767,20.0414
rt,dlp,SCHED_FIFO,50,20.0000,768,20.0619
rt,dlp,SCHED_FIFO,50,20.0000,769,20.0543
rt,dlp,SCHED_FIFO,50,20.0000,770,20.0697
rt,dlp,SCHED_FIFO,50,20.0000,771,20.0442
rt,dlp,SCHED_FIFO,50,20.0000,772,20.0392
rt,dlp,SCHED_FIFO,50,20.0000,773,20.0514
rt,dlp,SCHED_FIFO,50,20.0000,774,20.0684
rt,dlp,SCHED_FIFO,50,20.0000,775,20.0406
rt,dlp,SCHED_FIFO,50,20.0000,776,20.0339
rt,dlp,SCHED_FIFO,50,20.0000,777,20.0410
rt,dlp,SCHED_FIFO,50,20.0000,778,20.0299
rt,dlp,SCHED_FIFO,50,20.0000,779,20.0353
rt,dlp,SCHED_FIFO,50,20.0000,780,20.0249
rt,dlp,SCHED_FIFO,50,20.0000,781,20.0415
rt,dlp,SCHED_FIFO,50,20.0000,782,20.0317
rt,dlp,SCHED_FIFO,50,20.0000,783,20.0408
rt,dlp,SCHED_FIFO,50,20.0000,784,20.0386
rt,dlp,SCHED_FIFO,50,20.0000,785,20.0370
rt,dlp,SCHED_FIFO,50,20.0000,786,20.0460
rt,dlp,SCHED_FIFO,50,20.0000,787,20.0364
rt,dlp,SCHED_FIFO,50,20.0000,788,20.0466
rt,dlp,SCHED_FIFO,50,20.0000,789,20.0341
rt,dlp,SCHED_FIFO,50,20.0000,790,20.0408
rt,dlp,SCHED_FIFO,50,20.0000,791,20.0305
rt,dlp,SCHED_FIFO,50,20.0000,792,20.0321
rt,dlp,SCHED_FIFO,50,20.0000,793,20.0298
rt,dlp,SCHED_FIFO,50,20.0000,794,20.0215
rt,dlp,SCHED_FIFO,50,20.0000,795,20.0389
rt,dlp,SCHED_FIFO,50,20.0000,796,20.0401
rt,dlp,SCHED_FIFO,50,20.0000,797,20.0420
rt,dlp,SCHED_FIFO,50,20.0000,798,20.0404
rt,dlp,SCHED_FIFO,50,20.0000,799,20.0304
rt,dlp,SCHED_FIFO,50,20.0000,800,20.0411
rt,dlp,SCHED_FIFO,50,20.0000,801,20.0353
rt,dlp,SCHED_FIFO,50,20.0000,802,20.0351
rt,dlp,SCHED_FIFO,50,20.0000,803,20.0289
rt,dlp,SCHED_FIFO,50,20.0000,804,20.0350
rt,dlp,SCHED_FIFO,50,20.0000,805,20.0588
rt,dlp,SCHED_FIFO,50,20.0000,806,20.0415
rt,dlp,SCHED_FIFO,50,20.0000,807,20.0570
rt,dlp,SCHED_FIFO,50,20.0000,808,20.0442
rt,dlp,SCHED_FIFO,50,20.0000,809,20.0294
rt,dlp,SCHED_FIFO,50,20.0000,810,20.0317
rt,dlp,SCHED_FIFO,50,20.0000,811,20.0203
rt,dlp,SCHED_FIFO,50,20.0000,812,20.0345
rt,dlp,SCHED_FIFO,50,20.0000,813,20.0406
rt,dlp,SCHED_FIFO,50,20.0000,814,20.0476
rt,dlp,SCHED_FIFO,50,20.0000,815,20.0462
rt,dlp,SCHED_FIFO,50,20.0000,816,20.0426
rt,dlp,SCHED_FIFO,50,20.0000,817,20.0533
rt,dlp,SCHED_FIFO,50,20.0000,818,20.0461
rt,dlp,SCHED_FIFO,50,20.0000,819,20.1165
rt,dlp,SCHED_FIFO,50,20.0000,820,20.0126
rt,dlp,SCHED_FIFO,50,20.0000,821,20.0407
rt,dlp,SCHED_FIFO,50,20.0000,822,20.0370
rt,dlp,SCHED_FIFO,50,20.0000,823,20.0418
rt,dlp,SCHED_FIFO,50,20.0000,824,20.0034
rt,dlp,SCHED_FIFO,50,20.0000,825,20.0391
rt,dlp,SCHED_FIFO,50,20.0000,826,20.0402
rt,dlp,SCHED_FIFO,50,20.0000,827,20.0293
rt,dlp,SCHED_FIFO,50,20.0000,828,20.0396
rt,dlp,SCHED_FIFO,50,20.0000,829,20.0113
rt,dlp,SCHED_FIFO,50,20.0000,830,20.0361
rt,dlp,SCHED_FIFO,50,20.0000,831,20.0341
rt,dlp,SCHED_FIFO,50,20.0000,832,20.0348
rt,dlp,SCHED_FIFO,50,20.0000,833,20.0393
rt,dlp,SCHED_FIFO,50,20.0000,834,20.0230
rt,dlp,SCHED_FIFO,50,20.0000,835,20.0361
rt,dlp,SCHED_FIFO,50,20.0000,836,20.0467
rt,dlp,SCHED_FIFO,50,20.0000,837,20.0406
rt,dlp,SCHED_FIFO,50,20.0000,838,20.0236
rt,dlp,SCHED_FIFO,50,20.0000,839,20.0403
rt,dlp,SCHED_FIFO,50,20.0000,840,20.0372
rt,dlp,SCHED_FIFO,50,20.0000,841,20.0429
rt,dlp,SCHED_FIFO,50,20.0000,842,20.0320
rt,dlp,SCHED_FIFO,50,20.0000,843,20.0378
rt,dlp,SCHED_FIFO,50,20.0000,844,20.0249
rt,dlp,SCHED_FIFO,50,20.0000,845,20.0271
rt,dlp,SCHED_FIFO,50,20.0000,846,20.0442
rt,dlp,SCHED_FIFO,50,20.0000,847,20.0307
rt,dlp,SCHED_FIFO,50,20.0000,848,20.0278
rt,dlp,SCHED_FIFO,50,20.0000,849,20.0417
rt,dlp,SCHED_FIFO,50,20.0000,850,20.0326
rt,dlp,SCHED_FIFO,50,20.0000,851,20.0357
rt,dlp,SCHED_FIFO,50,20.0000,852,20.0278
rt,dlp,SCHED_FIFO,50,20.0000,853,20.0440
rt,dlp,SCHED_FIFO,50,20.0000,854,20.0462
rt,dlp,SCHED_FIFO,50,20.0000,855,20.0412
rt,dlp,SCHED_FIFO,50,20.0000,856,20.0239
rt,dlp,SCHED_FIFO,50,20.0000,857,20.0356
rt,dlp,SCHED_FIFO,50,20.0000,858,20.0386
rt,dlp,SCHED_FIFO,50,20.0000,859,20.0477
rt,dlp,SCHED_FIFO,50,20.0000,860,20.0294
rt,dlp,SCHED_FIFO,50,20.0000,861,20.0402
rt,dlp,SCHED_FIFO,50,20.0000,862,20.0201
rt,dlp,SCHED_FIFO,50,20.0000,863,20.0402
rt,dlp,SCHED_FIFO,50,20.0000,864,20.0303
rt,dlp,SCHED_FIFO,50,20.0000,865,20.0309
rt,dlp,SCHED_FIFO,50,20.0000,866,20.0403
rt,dlp,SCHED_FIFO,50,20.0000,867,20.0318
rt,dlp,SCHED_FIFO,50,20.0000,868,20.0297
rt,dlp,SCHED_FIFO,50,20.0000,869,20.0352
rt,dlp,SCHED_FIFO,50,20.0000,870,20.0184
rt,dlp,SCHED_FIFO,50,20.0000,871,20.0376
rt,dlp,SCHED_FIFO,50,20.0000,872,20.0405
rt,dlp,SCHED_FIFO,50,20.0000,873,20.0264
rt,dlp,SCHED_FIFO,50,20.0000,874,20.1159
rt,dlp,SCHED_FIFO,50,20.0000,875,20.0348
rt,dlp,SCHED_FIFO,50,20.0000,876,20.0370
rt,dlp,SCHED_FIFO,50,20.0000,877,20.0467
rt,dlp,SCHED_FIFO,50,20.0000,878,20.0283
rt,dlp,SCHED_FIFO,50,20.0000,879,20.0407
rt,dlp,SCHED_FIFO,50,20.0000,880,20.0373
rt,dlp,SCHED_FIFO,50,20.0000,881,20.0335
rt,dlp,SCHED_FIFO,50,20.0000,882,20.0870
rt,dlp,SCHED_FIFO,50,20.0000,883,20.0223
rt,dlp,SCHED_FIFO,50,20.0000,884,20.0347
rt,dlp,SCHED_FIFO,50,20.0000,885,20.0326
rt,dlp,SCHED_FIFO,50,20.0000,886,20.0396
rt,dlp,SCHED_FIFO,50,20.0000,887,20.1142
rt,dlp,SCHED_FIFO,50,20.0000,888,20.0374
rt,dlp,SCHED_FIFO,50,20.0000,889,20.0191
rt,dlp,SCHED_FIFO,50,20.0000,890,20.0346
rt,dlp,SCHED_FIFO,50,20.0000,891,20.0453
rt,dlp,SCHED_FIFO,50,20.0000,892,20.0412
rt,dlp,SCHED_FIFO,50,20.0000,893,20.0457
rt,dlp,SCHED_FIFO,50,20.0000,894,20.0265
rt,dlp,SCHED_FIFO,50,20.0000,895,19.9973
rt,dlp,SCHED_FIFO,50,20.0000,896,20.0240
rt,dlp,SCHED_FIFO,50,20.0000,897,20.0364
rt,dlp,SCHED_FIFO,50,20.0000,898,20.0450
rt,dlp,SCHED_FIFO,50,20.0000,899,20.0348
rt,dlp,SCHED_FIFO,50,20.0000,900,20.0469
rt,dlp,SCHED_FIFO,50,20.0000,901,20.0290
rt,dlp,SCHED_FIFO,50,20.0000,902,20.0339
rt,dlp,SCHED_FIFO,50,20.0000,903,20.0308
rt,dlp,SCHED_FIFO,50,20.0000,904,20.0329
rt,dlp,SCHED_FIFO,50,20.0000,905,20.0425
rt,dlp,SCHED_FIFO,50,20.0000,906,20.0472
rt,dlp,SCHED_FIFO,50,20.0000,907,20.0401
rt,dlp,SCHED_FIFO,50,20.0000,908,20.0226
rt,dlp,SCHED_FIFO,50,20.0000,909,20.0320
rt,dlp,SCHED_FIFO,50,20.0000,910,20.0453
rt,dlp,SCHED_FIFO,50,20.0000,911,20.0501
rt,dlp,SCHED_FIFO,50,20.0000,912,20.0368
rt,dlp,SCHED_FIFO,50,20.0000,913,20.0385
rt,dlp,SCHED_FIFO,50,20.0000,914,20.0367
rt,dlp,SCHED_FIFO,50,20.0000,915,20.0393
rt,dlp,SCHED_FIFO,50,20.0000,916,20.0353
rt,dlp,SCHED_FIFO,50,20.0000,917,20.0296
rt,dlp,SCHED_FIFO,50,20.0000,918,20.0304
rt,dlp,SCHED_FIFO,50,20.0000,919,20.0442
rt,dlp,SCHED_FIFO,50,20.0000,920,20.0256
rt,dlp,SCHED_FIFO,50,20.0000,921,20.0413
rt,dlp,SCHED_FIFO,50,20.0000,922,20.0340
rt,dlp,SCHED_FIFO,50,20.0000,923,20.0335
rt,dlp,SCHED_FIFO,50,20.0000,924,20.0360
rt,dlp,SCHED_FIFO,50,20.0000,925,20.0274
rt,dlp,SCHED_FIFO,50,20.0000,926,20.0431
rt,dlp,SCHED_FIFO,50,20.0000,927,20.0482
rt,dlp,SCHED_FIFO,50,20.0000,928,20.0271
rt,dlp,SCHED_FIFO,50,20.0000,929,20.0365
rt,dlp,SCHED_FIFO,50,20.0000,930,20.0414
rt,dlp,SCHED_FIFO,50,20.0000,931,20.0499
rt,dlp,SCHED_FIFO,50,20.0000,932,20.0314
rt,dlp,SCHED_FIFO,50,20.0000,933,20.0369
rt,dlp,SCHED_FIFO,50,20.0000,934,20.0384
rt,dlp,SCHED_FIFO,50,20.0000,935,20.0400
rt,dlp,SCHED_FIFO,50,20.0000,936,20.0388
rt,dlp,SCHED_FIFO,50,20.0000,937,20.0386
rt,dlp,SCHED_FIFO,50,20.0000,938,20.0383
rt,dlp,SCHED_FIFO,50,20.0000,939,20.0397
rt,dlp,SCHED_FIFO,50,20.0000,940,20.0503
rt,dlp,SCHED_FIFO,50,20.0000,941,20.0483
rt,dlp,SCHED_FIFO,50,20.0000,942,20.0339
rt,dlp,SCHED_FIFO,50,20.0000,943,20.0226
rt,dlp,SCHED_FIFO,50,20.0000,944,20.0399
rt,dlp,SCHED_FIFO,50,20.0000,945,20.0524
rt,dlp,SCHED_FIFO,50,20.0000,946,20.0450
rt,dlp,SCHED_FIFO,50,20.0000,947,20.0325
rt,dlp,SCHED_FIFO,50,20.0000,948,20.0301
rt,dlp,SCHED_FIFO,50,20.0000,949,20.0413
rt,dlp,SCHED_FIFO,50,20.0000,950,20.0141
rt,dlp,SCHED_FIFO,50,20.0000,951,20.0423
rt,dlp,SCHED_FIFO,50,20.0000,952,20.0377
rt,dlp,SCHED_FIFO,50,20.0000,953,20.0372
rt,dlp,SCHED_FIFO,50,20.0000,954,20.0430
rt,dlp,SCHED_FIFO,50,20.0000,955,20.0539
rt,dlp,SCHED_FIFO,50,20.0000,956,20.0544
rt,dlp,SCHED_FIFO,50,20.0000,957,20.0536
rt,dlp,SCHED_FIFO,50,20.0000,958,20.0596
rt,dlp,SCHED_FIFO,50,20.0000,959,20.0480
rt,dlp,SCHED_FIFO,50,20.0000,960,20.0299
rt,dlp,SCHED_FIFO,50,20.0000,961,20.0426
rt,dlp,SCHED_FIFO,50,20.0000,962,20.0415
rt,dlp,SCHED_FIFO,50,20.0000,963,20.0480
rt,dlp,SCHED_FIFO,50,20.0000,964,20.0409
rt,dlp,SCHED_FIFO,50,20.0000,965,20.0269
rt,dlp,SCHED_FIFO,50,20.0000,966,20.0144
rt,dlp,SCHED_FIFO,50,20.0000,967,20.0322
rt,dlp,SCHED_FIFO,50,20.0000,968,20.0318
rt,dlp,SCHED_FIFO,50,20.0000,969,20.0536
rt,dlp,SCHED_FIFO,50,20.0000,970,20.0340
rt,dlp,SCHED_FIFO,50,20.0000,971,20.0396
rt,dlp,SCHED_FIFO,50,20.0000,972,20.0284
rt,dlp,SCHED_FIFO,50,20.0000,973,20.0322
rt,dlp,SCHED_FIFO,50,20.0000,974,20.0319
rt,dlp,SCHED_FIFO,50,20.0000,975,20.0369
rt,dlp,SCHED_FIFO,50,20.0000,976,20.0062
rt,dlp,SCHED_FIFO,50,20.0000,977,20.0362
rt,dlp,SCHED_FIFO,50,20.0000,978,20.0391
rt,dlp,SCHED_FIFO,50,20.0000,979,20.0386
rt,dlp,SCHED_FIFO,50,20.0000,980,20.0266
rt,dlp,SCHED_FIFO,50,20.0000,981,20.0248
rt,dlp,SCHED_FIFO,50,20.0000,982,20.0358
rt,dlp,SCHED_FIFO,50,20.0000,983,20.0417
rt,dlp,SCHED_FIFO,50,20.0000,984,20.0148
rt,dlp,SCHED_FIFO,50,20.0000,985,20.0017
rt,dlp,SCHED_FIFO,50,20.0000,986,20.0264
rt,dlp,SCHED_FIFO,50,20.0000,987,20.0502
rt,dlp,SCHED_FIFO,50,20.0000,988,20.0387
rt,dlp,SCHED_FIFO,50,20.0000,989,20.0249
rt,dlp,SCHED_FIFO,50,20.0000,990,20.0188
rt,dlp,SCHED_FIFO,50,20.0000,991,20.0904
rt,dlp,SCHED_FIFO,50,20.0000,992,20.0375
rt,dlp,SCHED_FIFO,50,20.0000,993,20.0414
rt,dlp,SCHED_FIFO,50,20.0000,994,20.0415
rt,dlp,SCHED_FIFO,50,20.0000,995,20.0386
rt,dlp,SCHED_FIFO,50,20.0000,996,20.0308
rt,dlp,SCHED_FIFO,50,20.0000,997,20.0331
rt,dlp,SCHED_FIFO,50,20.0000,998,20.0409
rt,dlp,SCHED_FIFO,50,20.0000,999,20.0265
rt,dlp,SCHED_FIFO,50,50.0000,0,50.0691
rt,dlp,SCHED_FIFO,50,50.0000,1,50.0662
rt,dlp,SCHED_FIFO,50,50.0000,2,50.0393
rt,dlp,SCHED_FIFO,50,50.0000,3,50.0542
rt,dlp,SCHED_FIFO,50,50.0000,4,50.0193
rt,dlp,SCHED_FIFO,50,50.0000,5,50.0381
rt,dlp,SCHED_FIFO,50,50.0000,6,50.0395
rt,dlp,SCHED_FIFO,50,50.0000,7,50.0484
rt,dlp,SCHED_FIFO,50,50.0000,8,50.0441
rt,dlp,SCHED_FIFO,50,50.0000,9,50.0304
rt,dlp,SCHED_FIFO,50,50.0000,10,50.0383
rt,dlp,SCHED_FIFO,50,50.0000,11,50.1135
rt,dlp,SCHED_FIFO,50,50.0000,12,50.0739
rt,dlp,SCHED_FIFO,50,50.0000,13,50.0508
rt,dlp,SCHED_FIFO,50,50.0000,14,50.0369
rt,dlp,SCHED_FIFO,50,50.0000,15,50.0390
rt,dlp,SCHED_FIFO,50,50.0000,16,50.0487
rt,dlp,SCHED_FIFO,50,50.0000,17,50.0295
rt,dlp,SCHED_FIFO,50,50.0000,18,50.0618
rt,dlp,SCHED_FIFO,50,50.0000,19,49.9966
rt,dlp,SCHED_FIFO,50,50.0000,20,50.0567
rt,dlp,SCHED_FIFO,50,50.0000,21,50.0368
rt,dlp,SCHED_FIFO,50,50.0000,22,50.0407
rt,dlp,SCHED_FIFO,50,50.0000,23,50.0380
rt,dlp,SCHED_FIFO,50,50.0000,24,50.0541
rt,dlp,SCHED_FIFO,50,50.0000,25,50.0473
rt,dlp,SCHED_FIFO,50,50.0000,26,50.0430
rt,dlp,SCHED_FIFO,50,50.0000,27,50.0492
rt,dlp,SCHED_FIFO,50,50.0000,28,50.0290
rt,dlp,SCHED_FIFO,50,50.0000,29,50.0497
rt,dlp,SCHED_FIFO,50,50.0000,30,50.0412
rt,dlp,SCHED_FIFO,50,50.0000,31,50.0514
rt,dlp,SCHED_FIFO,50,50.0000,32,50.0448
rt,dlp,SCHED_FIFO,50,50.0000,33,50.0572
rt,dlp,SCHED_FIFO,50,50.0000,34,50.0577
rt,dlp,SCHED_FIFO,50,50.0000,35,50.0460
rt,dlp,SCHED_FIFO,50,50.0000,36,50.0481
rt,dlp,SCHED_FIFO,50,50.0000,37,50.0400
rt,dlp,SCHED_FIFO,50,50.0000,38,50.0414
rt,dlp,SCHED_FIFO,50,50.0000,39,50.0514
rt,dlp,SCHED_FIFO,50,50.0000,40,50.0493
rt,dlp,SCHED_FIFO,50,50.0000,41,50.1174
rt,dlp,SCHED_FIFO,50,50.0000,42,50.0452
rt,dlp,SCHED_FIFO,50,50.0000,43,50.0444
rt,dlp,SCHED_FIFO,50,50.0000,44,50.0417
rt,dlp,SCHED_FIFO,50,50.0000,45,50.0504
rt,dlp,SCHED_FIFO,50,50.0000,46,50.0522
rt,dlp,SCHED_FIFO,50,50.0000,47,50.0488
rt,dlp,SCHED_FIFO,50,50.0000,48,50.0410
rt,dlp,SCHED_FIFO,50,50.0000,49,50.0471
rt,dlp,SCHED_FIFO,50,50.0000,50,50.0471
rt,dlp,SCHED_FIFO,50,50.0000,51,50.0401
rt,dlp,SCHED_FIFO,50,50.0000,52,50.0487
rt,dlp,SCHED_FIFO,50,50.0000,53,50.0452
rt,dlp,SCHED_FIFO,50,50.0000,54,50.0377
rt,dlp,SCHED_FIFO,50,50.0000,55,50.0473
rt,dlp,SCHED_FIFO,50,50.0000,56,50.0524
rt,dlp,SCHED_FIFO,50,50.0000,57,50.0246
rt,dlp,SCHED_FIFO,50,50.0000,58,50.0574
rt,dlp,SCHED_FIFO,50,50.0000,59,49.9908
rt,dlp,SCHED_FIFO,50,50.0000,60,50.0521
rt,dlp,SCHED_FIFO,50,50.0000,61,50.0634
rt,dlp,SCHED_FIFO,50,50.0000,62,50.0499
rt,dlp,SCHED_FIFO,50,50.0000,63,50.0444
rt,dlp,SCHED_FIFO,50,50.0000,64,50.0464
rt,dlp,SCHED_FIFO,50,50.0000,65,50.0256
rt,dlp,SCHED_FIFO,50,50.0000,66,50.0385
rt,dlp,SCHED_FIFO,50,50.0000,67,50.0516
rt,dlp,SCHED_FIFO,50,50.0000,68,50.0977
rt,dlp,SCHED_FIFO,50,50.0000,69,50.0106
rt,dlp,SCHED_FIFO,50,50.0000,70,50.0463
rt,dlp,SCHED_FIFO,50,50.0000,71,50.0364
rt,dlp,SCHED_FIFO,50,50.0000,72,50.0406
rt,dlp,SCHED_FIFO,50,50.0000,73,50.0500
rt,dlp,SCHED_FIFO,50,50.0000,74,50.0512
rt,dlp,SCHED_FIFO,50,50.0000,75,50.0395
rt,dlp,SCHED_FIFO,50,50.0000,76,50.0439
rt,dlp,SCHED_FIFO,50,50.0000,77,50.0417
rt,dlp,SCHED_FIFO,50,50.0000,78,50.0263
rt,dlp,SCHED_FIFO,50,50.0000,79,50.0381
rt,dlp,SCHED_FIFO,50,50.0000,80,50.0344
rt,dlp,SCHED_FIFO,50,50.0000,81,50.0488
rt,dlp,SCHED_FIFO,50,50.0000,82,50.0623
rt,dlp,SCHED_FIFO,50,50.0000,83,50.0833
rt,dlp,SCHED_FIFO,50,50.0000,84,50.0318
rt,dlp,SCHED_FIFO,50,50.0000,85,50.0460
rt,dlp,SCHED_FIFO,50,50.0000,86,50.0554
rt,dlp,SCHED_FIFO,50,50.0000,87,50.0491
rt,dlp,SCHED_FIFO,50,50.0000,88,50.0480
rt,dlp,SCHED_FIFO,50,50.0000,89,50.0610
rt,dlp,SCHED_FIFO,50,50.0000,90,50.0489
rt,dlp,SCHED_FIFO,50,50.0000,91,50.0310
rt,dlp,SCHED_FIFO,50,50.0000,92,50.0526
rt,dlp,SCHED_FIFO,50,50.0000,93,50.0427
rt,dlp,SCHED_FIFO,50,50.0000,94,50.0509
rt,dlp,SCHED_FIFO,50,50.0000,95,50.0262
rt,dlp,SCHED_FIFO,50,50.0000,96,50.0348
rt,dlp,SCHED_FIFO,50,50.0000,97,50.0543
rt,dlp,SCHED_FIFO,50,50.0000,98,50.0370
rt,dlp,SCHED_FIFO,50,50.0000,99,50.0447
rt,dlp,SCHED_FIFO,50,50.0000,100,50.0289
rt,dlp,SCHED_FIFO,50,50.0000,101,50.0483
rt,dlp,SCHED_FIFO,50,50.0000,102,50.0533
rt,dlp,SCHED_FIFO,50,50.0000,103,50.0422
rt,dlp,SCHED_FIFO,50,50.0000,104,50.0190
rt,dlp,SCHED_FIFO,50,50.0000,105,50.0392
rt,dlp,SCHED_FIFO,50,50.0000,106,50.0435
rt,dlp,SCHED_FIFO,50,50.0000,107,50.0547
rt,dlp,SCHED_FIFO,50,50.0000,108,50.0399
rt,dlp,SCHED_FIFO,50,50.0000,109,50.0087
rt,dlp,SCHED_FIFO,50,50.0000,110,50.0490
rt,dlp,SCHED_FIFO,50,50.0000,111,50.0525
rt,dlp,SCHED_FIFO,50,50.0000,112,50.0391
rt,dlp,SCHED_FIFO,50,50.0000,113,50.0414
rt,dlp,SCHED_FIFO,50,50.0000,114,50.0238
rt,dlp,SCHED_FIFO,50,50.0000,115,50.0400
rt,dlp,SCHED_FIFO,50,50.0000,116,50.0473
rt,dlp,SCHED_FIFO,50,50.0000,117,50.0595
rt,dlp,SCHED_FIFO,50,50.0000,118,50.0906
rt,dlp,SCHED_FIFO,50,50.0000,119,50.0544
rt,dlp,SCHED_FIFO,50,50.0000,120,50.0443
rt,dlp,SCHED_FIFO,50,50.0000,121,50.0461
rt,dlp,SCHED_FIFO,50,50.0000,122,50.0493
rt,dlp,SCHED_FIFO,50,50.0000,123,49.9975
rt,dlp,SCHED_FIFO,50,50.0000,124,50.0512
rt,dlp,SCHED_FIFO,50,50.0000,125,50.0314
rt,dlp,SCHED_FIFO,50,50.0000,126,50.0465
rt,dlp,SCHED_FIFO,50,50.0000,127,50.0491
rt,dlp,SCHED_FIFO,50,50.0000,128,50.0508
rt,dlp,SCHED_FIFO,50,50.0000,129,50.0549
rt,dlp,SCHED_FIFO,50,50.0000,130,50.0487
rt,dlp,SCHED_FIFO,50,50.0000,131,50.0361
rt,dlp,SCHED_FIFO,50,50.0000,132,50.1010
rt,dlp,SCHED_FIFO,50,50.0000,133,50.0245
rt,dlp,SCHED_FIFO,50,50.0000,134,50.0295
rt,dlp,SCHED_FIFO,50,50.0000,135,50.0593
rt,dlp,SCHED_FIFO,50,50.0000,136,50.0489
rt,dlp,SCHED_FIFO,50,50.0000,137,50.0515
rt,dlp,SCHED_FIFO,50,50.0000,138,50.0337
rt,dlp,SCHED_FIFO,50,50.0000,139,50.0517
rt,dlp,SCHED_FIFO,50,50.0000,140,50.0523
rt,dlp,SCHED_FIFO,50,50.0000,141,50.0410
rt,dlp,SCHED_FIFO,50,50.0000,142,50.0498
rt,dlp,SCHED_FIFO,50,50.0000,143,50.1202
rt,dlp,SCHED_FIFO,50,50.0000,144,50.0045
rt,dlp,SCHED_FIFO,50,50.0000,145,49.9898
rt,dlp,SCHED_FIFO,50,50.0000,146,50.0557
rt,dlp,SCHED_FIFO,50,50.0000,147,50.0636
rt,dlp,SCHED_FIFO,50,50.0000,148,50.0596
rt,dlp,SCHED_FIFO,50,50.0000,149,50.0501
rt,dlp,SCHED_FIFO,50,50.0000,150,50.0488
rt,dlp,SCHED_FIFO,50,50.0000,151,50.0482
rt,dlp,SCHED_FIFO,50,50.0000,152,50.0481
rt,dlp,SCHED_FIFO,50,50.0000,153,50.0445
rt,dlp,SCHED_FIFO,50,50.0000,154,50.0620
rt,dlp,SCHED_FIFO,50,50.0000,155,50.0480
rt,dlp,SCHED_FIFO,50,50.0000,156,50.0531
rt,dlp,SCHED_FIFO,50,50.0000,157,50.0548
rt,dlp,SCHED_FIFO,50,50.0000,158,50.0405
rt,dlp,SCHED_FIFO,50,50.0000,159,50.0505
rt,dlp,SCHED_FIFO,50,50.0000,160,50.0446
rt,dlp,SCHED_FIFO,50,50.0000,161,50.0347
rt,dlp,SCHED_FIFO,50,50.0000,162,50.0077
rt,dlp,SCHED_FIFO,50,50.0000,163,50.0201
rt,dlp,SCHED_FIFO,50,50.0000,164,50.0568
rt,dlp,SCHED_FIFO,50,50.0000,165,50.0483
rt,dlp,SCHED_FIFO,50,50.0000,166,50.0470
rt,dlp,SCHED_FIFO,50,50.0000,167,50.0529
rt,dlp,SCHED_FIFO,50,50.0000,168,50.0311
rt,dlp,SCHED_FIFO,50,50.0000,169,50.0403
rt,dlp,SCHED_FIFO,50,50.0000,170,50.0478
rt,dlp,SCHED_FIFO,50,50.0000,171,50.0890
rt,dlp,SCHED_FIFO,50,50.0000,172,50.0329
rt,dlp,SCHED_FIFO,50,50.0000,173,50.0463
rt,dlp,SCHED_FIFO,50,50.0000,174,50.0443
rt,dlp,SCHED_FIFO,50,50.0000,175,50.0393
rt,dlp,SCHED_FIFO,50,50.0000,176,50.0426
rt,dlp,SCHED_FIFO,50,50.0000,177,50.0551
rt,dlp,SCHED_FIFO,50,50.0000,178,50.0379
rt,dlp,SCHED_FIFO,50,50.0000,179,50.0432
rt,dlp,SCHED_FIFO,50,50.0000,180,50.0412
rt,dlp,SCHED_FIFO,50,50.0000,181,50.0445
rt,dlp,SCHED_FIFO,50,50.0000,182,50.0425
rt,dlp,SCHED_FIFO,50,50.0000,183,50.0409
rt,dlp,SCHED_FIFO,50,50.0000,184,50.0404
rt,dlp,SCHED_FIFO,50,50.0000,185,50.0434
rt,dlp,SCHED_FIFO,50,50.0000,186,50.0444
rt,dlp,SCHED_FIFO,50,50.0000,187,50.0485
rt,dlp,SCHED_FIFO,50,50.0000,188,50.0823
rt,dlp,SCHED_FIFO,50,50.0000,189,50.0618
rt,dlp,SCHED_FIFO,50,50.0000,190,50.0909
rt,dlp,SCHED_FIFO,50,50.0000,191,50.0709
rt,dlp,SCHED_FIFO,50,50.0000,192,50.0492
rt,dlp,SCHED_FIFO,50,50.0000,193,50.0470
rt,dlp,SCHED_FIFO,50,50.0000,194,50.0313
rt,dlp,SCHED_FIFO,50,50.0000,195,50.0499
rt,dlp,SCHED_FIFO,50,50.0000,196,50.0579
rt,dlp,SCHED_FIFO,50,50.0000,197,50.0443
rt,dlp,SCHED_FIFO,50,50.0000,198,50.0402
rt,dlp,SCHED_FIFO,50,50.0000,199,50.1171
rt,dlp,SCHED_FIFO,50,50.0000,200,50.0377
rt,dlp,SCHED_FIFO,50,50.0000,201,50.0435
rt,dlp,SCHED_FIFO,50,50.0000,202,50.0442
rt,dlp,SCHED_FIFO,50,50.0000,203,50.0464
rt,dlp,SCHED_FIFO,50,50.0000,204,50.0578
rt,dlp,SCHED_FIFO,50,50.0000,205,50.0617
rt,dlp,SCHED_FIFO,50,50.0000,206,50.1121
rt,dlp,SCHED_FIFO,50,50.0000,207,50.0935
rt,dlp,SCHED_FIFO,50,50.0000,208,50.0436
rt,dlp,SCHED_FIFO,50,50.0000,209,50.0391
rt,dlp,SCHED_FIFO,50,50.0000,210,50.0467
rt,dlp,SCHED_FIFO,50,50.0000,211,50.0409
rt,dlp,SCHED_FIFO,50,50.0000,212,50.0448
rt,dlp,SCHED_FIFO,50,50.0000,213,50.0439
rt,dlp,SCHED_FIFO,50,50.0000,214,50.0369
rt,dlp,SCHED_FIFO,50,50.0000,215,49.9975
rt,dlp,SCHED_FIFO,50,50.0000,216,50.0219
rt,dlp,SCHED_FIFO,50,50.0000,217,50.0454
rt,dlp,SCHED_FIFO,50,50.0000,218,50.0527
rt,dlp,SCHED_FIFO,50,50.0000,219,50.0560
rt,dlp,SCHED_FIFO,50,50.0000,220,50.0582
rt,dlp,SCHED_FIFO,50,50.0000,221,50.0291
rt,dlp,SCHED_FIFO,50,50.0000,222,50.0487
rt,dlp,SCHED_FIFO,50,50.0000,223,50.0644
rt,dlp,SCHED_FIFO,50,50.0000,224,50.0512
rt,dlp,SCHED_FIFO,50,50.0000,225,50.0507
rt,dlp,SCHED_FIFO,50,50.0000,226,50.0655
rt,dlp,SCHED_FIFO,50,50.0000,227,50.0413
rt,dlp,SCHED_FIFO,50,50.0000,228,50.0548
rt,dlp,SCHED_FIFO,50,50.0000,229,50.0501
rt,dlp,SCHED_FIFO,50,50.0000,230,50.0673
rt,dlp,SCHED_FIFO,50,50.0000,231,50.0377
rt,dlp,SCHED_FIFO,50,50.0000,232,50.0607
rt,dlp,SCHED_FIFO,50,50.0000,233,50.0696
rt,dlp,SCHED_FIFO,50,50.0000,234,50.0511
rt,dlp,SCHED_FIFO,50,50.0000,235,50.0522
rt,dlp,SCHED_FIFO,50,50.0000,236,50.0499
rt,dlp,SCHED_FIFO,50,50.0000,237,50.0230
rt,dlp,SCHED_FIFO,50,50.0000,238,50.0482
rt,dlp,SCHED_FIFO,50,50.0000,239,50.1313
rt,dlp,SCHED_FIFO,50,50.0000,240,50.0729
rt,dlp,SCHED_FIFO,50,50.0000,241,50.0559
rt,dlp,SCHED_FIFO,50,50.0000,242,50.0478
rt,dlp,SCHED_FIFO,50,50.0000,243,50.0599
rt,dlp,SCHED_FIFO,50,50.0000,244,50.0618
rt,dlp,SCHED_FIFO,50,50.0000,245,50.0423
rt,dlp,SCHED_FIFO,50,50.0000,246,50.0505
rt,dlp,SCHED_FIFO,50,50.0000,247,50.0291
rt,dlp,SCHED_FIFO,50,50.0000,248,50.0672
rt,dlp,SCHED_FIFO,50,50.0000,249,50.0449
rt,dlp,SCHED_FIFO,50,50.0000,250,50.0483
rt,dlp,SCHED_FIFO,50,50.0000,251,50.0458
rt,dlp,SCHED_FIFO,50,50.0000,252,50.0529
rt,dlp,SCHED_FIFO,50,50.0000,253,50.0415
rt,dlp,SCHED_FIFO,50,50.0000,254,50.0450
rt,dlp,SCHED_FIFO,50,50.0000,255,50.0499
rt,dlp,SCHED_FIFO,50,50.0000,256,50.0452
rt,dlp,SCHED_FIFO,50,50.0000,257,50.0826
rt,dlp,SCHED_FIFO,50,50.0000,258,50.0471
rt,dlp,SCHED_FIFO,50,50.0000,259,50.0419
rt,dlp,SCHED_FIFO,50,50.0000,260,50.0612
rt,dlp,SCHED_FIFO,50,50.0000,261,50.0493
rt,dlp,SCHED_FIFO,50,50.0000,262,50.0571
rt,dlp,SCHED_FIFO,50,50.0000,263,50.0445
rt,dlp,SCHED_FIFO,50,50.0000,264,50.0732
rt,dlp,SCHED_FIFO,50,50.0000,265,50.0453
rt,dlp,SCHED_FIFO,50,50.0000,266,50.0494
rt,dlp,SCHED_FIFO,50,50.0000,267,50.0449
rt,dlp,SCHED_FIFO,50,50.0000,268,50.0466
rt,dlp,SCHED_FIFO,50,50.0000,269,50.0520
rt,dlp,SCHED_FIFO,50,50.0000,270,50.0498
rt,dlp,SCHED_FIFO,50,50.0000,271,50.0901
rt,dlp,SCHED_FIFO,50,50.0000,272,49.9993
rt,dlp,SCHED_FIFO,50,50.0000,273,50.0478
rt,dlp,SCHED_FIFO,50,50.0000,274,50.0711
rt,dlp,SCHED_FIFO,50,50.0000,275,50.0518
rt,dlp,SCHED_FIFO,50,50.0000,276,50.0707
rt,dlp,SCHED_FIFO,50,50.0000,277,50.0499
rt,dlp,SCHED_FIFO,50,50.0000,278,50.0910
rt,dlp,SCHED_FIFO,50,50.0000,279,50.0539
rt,dlp,SCHED_FIFO,50,50.0000,280,50.0466
rt,dlp,SCHED_FIFO,50,50.0000,281,50.0429
rt,dlp,SCHED_FIFO,50,50.0000,282,50.0400
rt,dlp,SCHED_FIFO,50,50.0000,283,50.0499
rt,dlp,SCHED_FIFO,50,50.0000,284,50.0454
rt,dlp,SCHED_FIFO,50,50.0000,285,50.0229
rt,dlp,SCHED_FIFO,50,50.0000,286,50.0500
rt,dlp,SCHED_FIFO,50,50.0000,287,50.0715
rt,dlp,SCHED_FIFO,50,50.0000,288,50.0674
rt,dlp,SCHED_FIFO,50,50.0000,289,50.0524
rt,dlp,SCHED_FIFO,50,50.0000,290,50.0382
rt,dlp,SCHED_FIFO,50,50.0000,291,50.0271
rt,dlp,SCHED_FIFO,50,50.0000,292,50.0582
rt,dlp,SCHED_FIFO,50,50.0000,293,50.0379
rt,dlp,SCHED_FIFO,50,50.0000,294,49.9937
rt,dlp,SCHED_FIFO,50,50.0000,295,50.0481
rt,dlp,SCHED_FIFO,50,50.0000,296,50.0443
rt,dlp,SCHED_FIFO,50,50.0000,297,50.0496
rt,dlp,SCHED_FIFO,50,50.0000,298,50.0429
rt,dlp,SCHED_FIFO,50,50.0000,299,50.0430
rt,dlp,SCHED_FIFO,50,50.0000,300,50.0718
rt,dlp,SCHED_FIFO,50,50.0000,301,50.0638
rt,dlp,SCHED_FIFO,50,50.0000,302,50.0551
rt,dlp,SCHED_FIFO,50,50.0000,303,50.0295
rt,dlp,SCHED_FIFO,50,50.0000,304,50.0459
rt,dlp,SCHED_FIFO,50,50.0000,305,50.0584
rt,dlp,SCHED_FIFO,50,50.0000,306,50.0462
rt,dlp,SCHED_FIFO,50,50.0000,307,50.0440
rt,dlp,SCHED_FIFO,50,50.0000,308,50.0245
rt,dlp,SCHED_FIFO,50,50.0000,309,50.0406
rt,dlp,SCHED_FIFO,50,50.0000,310,50.0398
rt,dlp,SCHED_FIFO,50,50.0000,311,50.0491
rt,dlp,SCHED_FIFO,50,50.0000,312,50.0350
rt,dlp,SCHED_FIFO,50,50.0000,313,50.0610
rt,dlp,SCHED_FIFO,50,50.0000,314,50.0404
rt,dlp,SCHED_FIFO,50,50.0000,315,50.0428
rt,dlp,SCHED_FIFO,50,50.0000,316,50.0317
rt,dlp,SCHED_FIFO,50,50.0000,317,50.0891
rt,dlp,SCHED_FIFO,50,50.0000,318,50.0508
rt,dlp,SCHED_FIFO,50,50.0000,319,50.0567
rt,dlp,SCHED_FIFO,50,50.0000,320,50.0685
rt,dlp,SCHED_FIFO,50,50.0000,321,50.0403
rt,dlp,SCHED_FIFO,50,50.0000,322,50.0155
rt,dlp,SCHED_FIFO,50,50.0000,323,50.0334
rt,dlp,SCHED_FIFO,50,50.0000,324,50.0544
rt,dlp,SCHED_FIFO,50,50.0000,325,50.0592
rt,dlp,SCHED_FIFO,50,50.0000,326,50.0308
rt,dlp,SCHED_FIFO,50,50.0000,327,50.0399
rt,dlp,SCHED_FIFO,50,50.0000,328,50.1061
rt,dlp,SCHED_FIFO,50,50.0000,329,50.0484
rt,dlp,SCHED_FIFO,50,50.0000,330,50.0447
rt,dlp,SCHED_FIFO,50,50.0000,331,50.0721
rt,dlp,SCHED_FIFO,50,50.0000,332,50.0588
rt,dlp,SCHED_FIFO,50,50.0000,333,50.0938
rt,dlp,SCHED_FIFO,50,50.0000,334,50.0451
rt,dlp,SCHED_FIFO,50,50.0000,335,50.0338
rt,dlp,SCHED_FIFO,50,50.0000,336,50.0474
rt,dlp,SCHED_FIFO,50,50.0000,337,50.0502
rt,dlp,SCHED_FIFO,50,50.0000,338,50.0395
rt,dlp,SCHED_FIFO,50,50.0000,339,50.0514
rt,dlp,SCHED_FIFO,50,50.0000,340,50.0333
rt,dlp,SCHED_FIFO,50,50.0000,341,50.0385
rt,dlp,SCHED_FIFO,50,50.0000,342,50.0475
rt,dlp,SCHED_FIFO,50,50.0000,343,50.0327
rt,dlp,SCHED_FIFO,50,50.0000,344,50.0490
rt,dlp,SCHED_FIFO,50,50.0000,345,50.0698
rt,dlp,SCHED_FIFO,50,50.0000,346,50.0298
rt,dlp,SCHED_FIFO,50,50.0000,347,50.0439
rt,dlp,SCHED_FIFO,50,50.0000,348,50.0460
rt,dlp,SCHED_FIFO,50,50.0000,349,50.0649
rt,dlp,SCHED_FIFO,50,50.0000,350,50.0423
rt,dlp,SCHED_FIFO,50,50.0000,351,50.0536
rt,dlp,SCHED_FIFO,50,50.0000,352,50.0306
rt,dlp,SCHED_FIFO,50,50.0000,353,50.0370
rt,dlp,SCHED_FIFO,50,50.0000,354,50.0476
rt,dlp,SCHED_FIFO,50,50.0000,355,50.0591
rt,dlp,SCHED_FIFO,50,50.0000,356,50.0358
rt,dlp,SCHED_FIFO,50,50.0000,357,50.0393
rt,dlp,SCHED_FIFO,50,50.0000,358,50.0468
rt,dlp,SCHED_FIFO,50,50.0000,359,50.0450
rt,dlp,SCHED_FIFO,50,50.0000,360,50.0454
rt,dlp,SCHED_FIFO,50,50.0000,361,50.0933
rt,dlp,SCHED_FIFO,50,50.0000,362,50.0470
rt,dlp,SCHED_FIFO,50,50.0000,363,50.0489
rt,dlp,SCHED_FIFO,50,50.0000,364,50.0478
rt,dlp,SCHED_FIFO,50,50.0000,365,50.0336
rt,dlp,SCHED_FIFO,50,50.0000,366,50.0383
rt,dlp,SCHED_FIFO,50,50.0000,367,50.0498
rt,dlp,SCHED_FIFO,50,50.0000,368,50.0401
rt,dlp,SCHED_FIFO,50,50.0000,369,50.0251
rt,dlp,SCHED_FIFO,50,50.0000,370,50.0435
rt,dlp,SCHED_FIFO,50,50.0000,371,50.0245
rt,dlp,SCHED_FIFO,50,50.0000,372,50.0500
rt,dlp,SCHED_FIFO,50,50.0000,373,50.0584
rt,dlp,SCHED_FIFO,50,50.0000,374,50.0447
rt,dlp,SCHED_FIFO,50,50.0000,375,50.0416
rt,dlp,SCHED_FIFO,50,50.0000,376,50.0459
rt,dlp,SCHED_FIFO,50,50.0000,377,50.0505
rt,dlp,SCHED_FIFO,50,50.0000,378,50.0421
rt,dlp,SCHED_FIFO,50,50.0000,379,50.0511
rt,dlp,SCHED_FIFO,50,50.0000,380,50.0499
rt,dlp,SCHED_FIFO,50,50.0000,381,50.0495
rt,dlp,SCHED_FIFO,50,50.0000,382,50.0412
rt,dlp,SCHED_FIFO,50,50.0000,383,50.1245
rt,dlp,SCHED_FIFO,50,50.0000,384,50.0410
rt,dlp,SCHED_FIFO,50,50.0000,385,50.0383
rt,dlp,SCHED_FIFO,50,50.0000,386,50.0585
rt,dlp,SCHED_FIFO,50,50.0000,387,50.0468
rt,dlp,SCHED_FIFO,50,50.0000,388,50.0454
rt,dlp,SCHED_FIFO,50,50.0000,389,50.0465
rt,dlp,SCHED_FIFO,50,50.0000,390,50.0408
rt,dlp,SCHED_FIFO,50,50.0000,391,50.1095
rt,dlp,SCHED_FIFO,50,50.0000,392,50.0022
rt,dlp,SCHED_FIFO,50,50.0000,393,49.9922
rt,dlp,SCHED_FIFO,50,50.0000,394,50.0481
rt,dlp,SCHED_FIFO,50,50.0000,395,50.0302
rt,dlp,SCHED_FIFO,50,50.0000,396,50.0536
rt,dlp,SCHED_FIFO,50,50.0000,397,50.0539
rt,dlp,SCHED_FIFO,50,50.0000,398,50.0409
rt,dlp,SCHED_FIFO,50,50.0000,399,50.0413
rt,dlp,SCHED_FIFO,50,50.0000,400,50.0444
rt,dlp,SCHED_FIFO,50,50.0000,401,50.0394
rt,dlp,SCHED_FIFO,50,50.0000,402,50.0506
rt,dlp,SCHED_FIFO,50,50.0000,403,50.0547
rt,dlp,SCHED_FIFO,50,50.0000,404,50.0675
rt,dlp,SCHED_FIFO,50,50.0000,405,50.0481
rt,dlp,SCHED_FIFO,50,50.0000,406,50.1065
rt,dlp,SCHED_FIFO,50,50.0000,407,50.0979
rt,dlp,SCHED_FIFO,50,50.0000,408,50.0404
rt,dlp,SCHED_FIFO,50,50.0000,409,50.0441
rt,dlp,SCHED_FIFO,50,50.0000,410,50.0514
rt,dlp,SCHED_FIFO,50,50.0000,411,50.0378
rt,dlp,SCHED_FIFO,50,50.0000,412,50.0428
rt,dlp,SCHED_FIFO,50,50.0000,413,50.0402
rt,dlp,SCHED_FIFO,50,50.0000,414,50.0502
rt,dlp,SCHED_FIFO,50,50.0000,415,50.0481
rt,dlp,SCHED_FIFO,50,50.0000,416,50.0589
rt,dlp,SCHED_FIFO,50,50.0000,417,50.0616
rt,dlp,SCHED_FIFO,50,50.0000,418,50.0386
rt,dlp,SCHED_FIFO,50,50.0000,419,50.0479
rt,dlp,SCHED_FIFO,50,50.0000,420,50.0373
rt,dlp,SCHED_FIFO,50,50.0000,421,50.0622
rt,dlp,SCHED_FIFO,50,50.0000,422,50.0492
rt,dlp,SCHED_FIFO,50,50.0000,423,50.0402
rt,dlp,SCHED_FIFO,50,50.0000,424,50.0405
rt,dlp,SCHED_FIFO,50,50.0000,425,50.0479
rt,dlp,SCHED_FIFO,50,50.0000,426,50.0440
rt,dlp,SCHED_FIFO,50,50.0000,427,50.0390
rt,dlp,SCHED_FIFO,50,50.0000,428,50.0493
rt,dlp,SCHED_FIFO,50,50.0000,429,50.0288
rt,dlp,SCHED_FIFO,50,50.0000,430,50.0500
rt,dlp,SCHED_FIFO,50,50.0000,431,50.0499
rt,dlp,SCHED_FIFO,50,50.0000,432,50.0396
rt,dlp,SCHED_FIFO,50,50.0000,433,50.0404
rt,dlp,SCHED_FIFO,50,50.0000,434,50.0475
rt,dlp,SCHED_FIFO,50,50.0000,435,50.0357
rt,dlp,SCHED_FIFO,50,50.0000,436,50.0411
rt,dlp,SCHED_FIFO,50,50.0000,437,50.0493
rt,dlp,SCHED_FIFO,50,50.0000,438,50.0476
rt,dlp,SCHED_FIFO,50,50.0000,439,50.0534
rt,dlp,SCHED_FIFO,50,50.0000,440,50.1114
rt,dlp,SCHED_FIFO,50,50.0000,441,50.0432
rt,dlp,SCHED_FIFO,50,50.0000,442,50.0417
rt,dlp,SCHED_FIFO,50,50.0000,443,50.0481
rt,dlp,SCHED_FIFO,50,50.0000,444,50.0627
rt,dlp,SCHED_FIFO,50,50.0000,445,50.0546
rt,dlp,SCHED_FIFO,50,50.0000,446,50.1309
rt,dlp,SCHED_FIFO,50,50.0000,447,50.1129
rt,dlp,SCHED_FIFO,50,50.0000,448,50.0436
rt,dlp,SCHED_FIFO,50,50.0000,449,50.0409
rt,dlp,SCHED_FIFO,50,50.0000,450,50.0502
rt,dlp,SCHED_FIFO,50,50.0000,451,50.0389
rt,dlp,SCHED_FIFO,50,50.0000,452,50.0409
rt,dlp,SCHED_FIFO,50,50.0000,453,50.0364
rt,dlp,SCHED_FIFO,50,50.0000,454,50.0439
rt,dlp,SCHED_FIFO,50,50.0000,455,50.0507
rt,dlp,SCHED_FIFO,50,50.0000,456,50.0516
rt,dlp,SCHED_FIFO,50,50.0000,457,50.1120
rt,dlp,SCHED_FIFO,50,50.0000,458,50.0386
rt,dlp,SCHED_FIFO,50,50.0000,459,50.0204
rt,dlp,SCHED_FIFO,50,50.0000,460,50.0434
rt,dlp,SCHED_FIFO,50,50.0000,461,50.0470
rt,dlp,SCHED_FIFO,50,50.0000,462,50.0493
rt,dlp,SCHED_FIFO,50,50.0000,463,50.0444
rt,dlp,SCHED_FIFO,50,50.0000,464,50.0421
rt,dlp,SCHED_FIFO,50,50.0000,465,50.0517
rt,dlp,SCHED_FIFO,50,50.0000,466,50.0364
rt,dlp,SCHED_FIFO,50,50.0000,467,50.0508
rt,dlp,SCHED_FIFO,50,50.0000,468,50.0463
rt,dlp,SCHED_FIFO,50,50.0000,469,50.0396
rt,dlp,SCHED_FIFO,50,50.0000,470,50.0474
rt,dlp,SCHED_FIFO,50,50.0000,471,50.1023
rt,dlp,SCHED_FIFO,50,50.0000,472,50.0547
rt,dlp,SCHED_FIFO,50,50.0000,473,50.0661
rt,dlp,SCHED_FIFO,50,50.0000,474,50.0557
rt,dlp,SCHED_FIFO,50,50.0000,475,50.0449
rt,dlp,SCHED_FIFO,50,50.0000,476,50.0445
rt,dlp,SCHED_FIFO,50,50.0000,477,50.0478
rt,dlp,SCHED_FIFO,50,50.0000,478,50.0035
rt,dlp,SCHED_FIFO,50,50.0000,479,50.0050
rt,dlp,SCHED_FIFO,50,50.0000,480,50.0318
rt,dlp,SCHED_FIFO,50,50.0000,481,50.0430
rt,dlp,SCHED_FIFO,50,50.0000,482,50.0403
rt,dlp,SCHED_FIFO,50,50.0000,483,50.0314
rt,dlp,SCHED_FIFO,50,50.0000,484,50.0493
rt,dlp,SCHED_FIFO,50,50.0000,485,50.0488
rt,dlp,SCHED_FIFO,50,50.0000,486,50.0457
rt,dlp,SCHED_FIFO,50,50.0000,487,50.0107
rt,dlp,SCHED_FIFO,50,50.0000,488,50.0343
rt,dlp,SCHED_FIFO,50,50.0000,489,50.0513
rt,dlp,SCHED_FIFO,50,50.0000,490,50.0694
rt,dlp,SCHED_FIFO,50,50.0000,491,50.0491
rt,dlp,SCHED_FIFO,50,50.0000,492,50.0539
rt,dlp,SCHED_FIFO,50,50.0000,493,50.0466
rt,dlp,SCHED_FIFO,50,50.0000,494,50.0510
rt,dlp,SCHED_FIFO,50,50.0000,495,50.0296
rt,dlp,SCHED_FIFO,50,50.0000,496,50.0320
rt,dlp,SCHED_FIFO,50,50.0000,497,50.0425
rt,dlp,SCHED_FIFO,50,50.0000,498,50.0340
rt,dlp,SCHED_FIFO,50,50.0000,499,50.0376
rt,dlp,SCHED_FIFO,50,50.0000,500,50.0458
rt,dlp,SCHED_FIFO,50,50.0000,501,50.0430
rt,dlp,SCHED_FIFO,50,50.0000,502,50.0399
rt,dlp,SCHED_FIFO,50,50.0000,503,50.1134
rt,dlp,SCHED_FIFO,50,50.0000,504,50.0534
rt,dlp,SCHED_FIFO,50,50.0000,505,50.0400
rt,dlp,SCHED_FIFO,50,50.0000,506,50.0480
rt,dlp,SCHED_FIFO,50,50.0000,507,50.0293
rt,dlp,SCHED_FIFO,50,50.0000,508,50.0337
rt,dlp,SCHED_FIFO,50,50.0000,509,50.0493
rt,dlp,SCHED_FIFO,50,50.0000,510,50.0366
rt,dlp,SCHED_FIFO,50,50.0000,511,50.0937
rt,dlp,SCHED_FIFO,50,50.0000,512,50.0408
rt,dlp,SCHED_FIFO,50,50.0000,513,50.0541
rt,dlp,SCHED_FIFO,50,50.0000,514,50.0473
rt,dlp,SCHED_FIFO,50,50.0000,515,50.0349
rt,dlp,SCHED_FIFO,50,50.0000,516,50.0747
rt,dlp,SCHED_FIFO,50,50.0000,517,50.0252
rt,dlp,SCHED_FIFO,50,50.0000,518,50.1228
rt,dlp,SCHED_FIFO,50,50.0000,519,50.0976
rt,dlp,SCHED_FIFO,50,50.0000,520,50.0350
rt,dlp,SCHED_FIFO,50,50.0000,521,50.0369
rt,dlp,SCHED_FIFO,50,50.0000,522,50.0296
rt,dlp,SCHED_FIFO,50,50.0000,523,50.0486
rt,dlp,SCHED_FIFO,50,50.0000,524,50.0425
rt,dlp,SCHED_FIFO,50,50.0000,525,50.0338
rt,dlp,SCHED_FIFO,50,50.0000,526,50.1141
rt,dlp,SCHED_FIFO,50,50.0000,527,50.0475
rt,dlp,SCHED_FIFO,50,50.0000,528,50.0468
rt,dlp,SCHED_FIFO,50,50.0000,529,50.0371
rt,dlp,SCHED_FIFO,50,50.0000,530,50.0432
rt,dlp,SCHED_FIFO,50,50.0000,531,50.0478
rt,dlp,SCHED_FIFO,50,50.0000,532,50.0585
rt,dlp,SCHED_FIFO,50,50.0000,533,50.0805
rt,dlp,SCHED_FIFO,50,50.0000,534,50.0528
rt,dlp,SCHED_FIFO,50,50.0000,535,50.0500
rt,dlp,SCHED_FIFO,50,50.0000,536,50.0278
rt,dlp,SCHED_FIFO,50,50.0000,537,50.0313
rt,dlp,SCHED_FIFO,50,50.0000,538,50.0404
rt,dlp,SCHED_FIFO,50,50.0000,539,50.0389
rt,dlp,SCHED_FIFO,50,50.0000,540,50.0524
rt,dlp,SCHED_FIFO,50,50.0000,541,50.0378
rt,dlp,SCHED_FIFO,50,50.0000,542,50.0357
rt,dlp,SCHED_FIFO,50,50.0000,543,50.0389
rt,dlp,SCHED_FIFO,50,50.0000,544,50.0443
rt,dlp,SCHED_FIFO,50,50.0000,545,50.0494
rt,dlp,SCHED_FIFO,50,50.0000,546,50.0518
rt,dlp,SCHED_FIFO,50,50.0000,547,50.0391
rt,dlp,SCHED_FIFO,50,50.0000,548,50.0378
rt,dlp,SCHED_FIFO,50,50.0000,549,50.0424
rt,dlp,SCHED_FIFO,50,50.0000,550,50.0491
rt,dlp,SCHED_FIFO,50,50.0000,551,50.0392
rt,dlp,SCHED_FIFO,50,50.0000,552,50.0777
rt,dlp,SCHED_FIFO,50,50.0000,553,50.0238
rt,dlp,SCHED_FIFO,50,50.0000,554,50.0454
rt,dlp,SCHED_FIFO,50,50.0000,555,50.0428
rt,dlp,SCHED_FIFO,50,50.0000,556,50.0546
rt,dlp,SCHED_FIFO,50,50.0000,557,50.0419
rt,dlp,SCHED_FIFO,50,50.0000,558,50.0491
rt,dlp,SCHED_FIFO,50,50.0000,559,50.0437
rt,dlp,SCHED_FIFO,50,50.0000,560,50.0461
rt,dlp,SCHED_FIFO,50,50.0000,561,50.0436
rt,dlp,SCHED_FIFO,50,50.0000,562,50.0338
rt,dlp,SCHED_FIFO,50,50.0000,563,50.0400
rt,dlp,SCHED_FIFO,50,50.0000,564,50.0343
rt,dlp,SCHED_FIFO,50,50.0000,565,50.0452
rt,dlp,SCHED_FIFO,50,50.0000,566,50.0458
rt,dlp,SCHED_FIFO,50,50.0000,567,50.0503
rt,dlp,SCHED_FIFO,50,50.0000,568,50.0531
rt,dlp,SCHED_FIFO,50,50.0000,569,50.0449
rt,dlp,SCHED_FIFO,50,50.0000,570,50.0493
rt,dlp,SCHED_FIFO,50,50.0000,571,50.0490
rt,dlp,SCHED_FIFO,50,50.0000,572,50.0518
rt,dlp,SCHED_FIFO,50,50.0000,573,50.0509
rt,dlp,SCHED_FIFO,50,50.0000,574,50.0402
rt,dlp,SCHED_FIFO,50,50.0000,575,50.0718
rt,dlp,SCHED_FIFO,50,50.0000,576,50.0181
rt,dlp,SCHED_FIFO,50,50.0000,577,50.0377
rt,dlp,SCHED_FIFO,50,50.0000,578,50.0372
rt,dlp,SCHED_FIFO,50,50.0000,579,50.0900
rt,dlp,SCHED_FIFO,50,50.0000,580,50.0568
rt,dlp,SCHED_FIFO,50,50.0000,581,50.0487
rt,dlp,SCHED_FIFO,50,50.0000,582,50.0490
rt,dlp,SCHED_FIFO,50,50.0000,583,50.0493
rt,dlp,SCHED_FIFO,50,50.0000,584,50.0496
rt,dlp,SCHED_FIFO,50,50.0000,585,50.0427
rt,dlp,SCHED_FIFO,50,50.0000,586,50.0465
rt,dlp,SCHED_FIFO,50,50.0000,587,50.0488
rt,dlp,SCHED_FIFO,50,50.0000,588,50.0802
rt,dlp,SCHED_FIFO,50,50.0000,589,50.0705
rt,dlp,SCHED_FIFO,50,50.0000,590,50.1246
rt,dlp,SCHED_FIFO,50,50.0000,591,49.9987
rt,dlp,SCHED_FIFO,50,50.0000,592,50.0359
rt,dlp,SCHED_FIFO,50,50.0000,593,50.0449
rt,dlp,SCHED_FIFO,50,50.0000,594,50.0530
rt,dlp,SCHED_FIFO,50,50.0000,595,50.0373
rt,dlp,SCHED_FIFO,50,50.0000,596,50.0457
rt,dlp,SCHED_FIFO,50,50.0000,597,50.0621
rt,dlp,SCHED_FIFO,50,50.0000,598,50.0350
rt,dlp,SCHED_FIFO,50,50.0000,599,50.0419
rt,dlp,SCHED_FIFO,50,50.0000,600,50.0405
rt,dlp,SCHED_FIFO,50,50.0000,601,50.0501
rt,dlp,SCHED_FIFO,50,50.0000,602,50.0402
rt,dlp,SCHED_FIFO,50,50.0000,603,50.0483
rt,dlp,SCHED_FIFO,50,50.0000,604,50.0473
rt,dlp,SCHED_FIFO,50,50.0000,605,50.0796
rt,dlp,SCHED_FIFO,50,50.0000,606,50.0378
rt,dlp,SCHED_FIFO,50,50.0000,607,50.0480
rt,dlp,SCHED_FIFO,50,50.0000,608,50.0338
rt,dlp,SCHED_FIFO,50,50.0000,609,50.0477
rt,dlp,SCHED_FIFO,50,50.0000,610,50.0415
rt,dlp,SCHED_FIFO,50,50.0000,611,50.0428
rt,dlp,SCHED_FIFO,50,50.0000,612,50.0377
rt,dlp,SCHED_FIFO,50,50.0000,613,50.0300
rt,dlp,SCHED_FIFO,50,50.0000,614,50.0218
rt,dlp,SCHED_FIFO,50,50.0000,615,50.0310
rt,dlp,SCHED_FIFO,50,50.0000,616,50.0367
rt,dlp,SCHED_FIFO,50,50.0000,617,50.0430
rt,dlp,SCHED_FIFO,50,50.0000,618,50.0615
rt,dlp,SCHED_FIFO,50,50.0000,619,50.0475
rt,dlp,SCHED_FIFO,50,50.0000,620,50.0239
rt,dlp,SCHED_FIFO,50,50.0000,621,50.0393
rt,dlp,SCHED_FIFO,50,50.0000,622,50.0441
rt,dlp,SCHED_FIFO,50,50.0000,623,50.0512
rt,dlp,SCHED_FIFO,50,50.0000,624,50.0477
rt,dlp,SCHED_FIFO,50,50.0000,625,50.0373
rt,dlp,SCHED_FIFO,50,50.0000,626,50.0417
rt,dlp,SCHED_FIFO,50,50.0000,627,50.0345
rt,dlp,SCHED_FIFO,50,50.0000,628,50.0520
rt,dlp,SCHED_FIFO,50,50.0000,629,50.0508
rt,dlp,SCHED_FIFO,50,50.0000,630,50.0457
rt,dlp,SCHED_FIFO,50,50.0000,631,50.0499
rt,dlp,SCHED_FIFO,50,50.0000,632,50.0443
rt,dlp,SCHED_FIFO,50,50.0000,633,50.0645
rt,dlp,SCHED_FIFO,50,50.0000,634,50.0078
rt,dlp,SCHED_FIFO,50,50.0000,635,50.0472
rt,dlp,SCHED_FIFO,50,50.0000,636,50.0560
rt,dlp,SCHED_FIFO,50,50.0000,637,50.0426
rt,dlp,SCHED_FIFO,50,50.0000,638,50.0306
rt,dlp,SCHED_FIFO,50,50.0000,639,50.0562
rt,dlp,SCHED_FIFO,50,50.0000,640,50.0487
rt,dlp,SCHED_FIFO,50,50.0000,641,50.0293
rt,dlp,SCHED_FIFO,50,50.0000,642,49.9900
rt,dlp,SCHED_FIFO,50,50.0000,643,50.0637
rt,dlp,SCHED_FIFO,50,50.0000,644,50.0639
rt,dlp,SCHED_FIFO,50,50.0000,645,50.0631
rt,dlp,SCHED_FIFO,50,50.0000,646,50.0564
rt,dlp,SCHED_FIFO,50,50.0000,647,50.0644
rt,dlp,SCHED_FIFO,50,50.0000,648,50.0412
rt,dlp,SCHED_FIFO,50,50.0000,649,50.0377
rt,dlp,SCHED_FIFO,50,50.0000,650,50.0393
rt,dlp,SCHED_FIFO,50,50.0000,651,50.0517
rt,dlp,SCHED_FIFO,50,50.0000,652,50.0570
rt,dlp,SCHED_FIFO,50,50.0000,653,50.0843
rt,dlp,SCHED_FIFO,50,50.0000,654,50.0559
rt,dlp,SCHED_FIFO,50,50.0000,655,50.0728
rt,dlp,SCHED_FIFO,50,50.0000,656,50.0635
rt,dlp,SCHED_FIFO,50,50.0000,657,50.0526
rt,dlp,SCHED_FIFO,50,50.0000,658,50.0433
rt,dlp,SCHED_FIFO,50,50.0000,659,50.0507
rt,dlp,SCHED_FIFO,50,50.0000,660,50.0682
rt,dlp,SCHED_FIFO,50,50.0000,661,50.0778
rt,dlp,SCHED_FIFO,50,50.0000,662,50.0669
rt,dlp,SCHED_FIFO,50,50.0000,663,50.1276
rt,dlp,SCHED_FIFO,50,50.0000,664,50.0885
rt,dlp,SCHED_FIFO,50,50.0000,665,50.0490
rt,dlp,SCHED_FIFO,50,50.0000,666,50.0859
rt,dlp,SCHED_FIFO,50,50.0000,667,50.0381
rt,dlp,SCHED_FIFO,50,50.0000,668,50.0599
rt,dlp,SCHED_FIFO,50,50.0000,669,50.0508
rt,dlp,SCHED_FIFO,50,50.0000,670,50.0801
rt,dlp,SCHED_FIFO,50,50.0000,671,50.0468
rt,dlp,SCHED_FIFO,50,50.0000,672,50.0271
rt,dlp,SCHED_FIFO,50,50.0000,673,50.0452
rt,dlp,SCHED_FIFO,50,50.0000,674,50.0593
rt,dlp,SCHED_FIFO,50,50.0000,675,50.0485
rt,dlp,SCHED_FIFO,50,50.0000,676,50.0565
rt,dlp,SCHED_FIFO,50,50.0000,677,50.0092
rt,dlp,SCHED_FIFO,50,50.0000,678,50.0432
rt,dlp,SCHED_FIFO,50,50.0000,679,50.0339
rt,dlp,SCHED_FIFO,50,50.0000,680,50.0502
rt,dlp,SCHED_FIFO,50,50.0000,681,50.0495
rt,dlp,SCHED_FIFO,50,50.0000,682,50.0567
rt,dlp,SCHED_FIFO,50,50.0000,683,50.0506
rt,dlp,SCHED_FIFO,50,50.0000,684,50.0325
rt,dlp,SCHED_FIFO,50,50.0000,685,50.1065
rt,dlp,SCHED_FIFO,50,50.0000,686,50.1131
rt,dlp,SCHED_FIFO,50,50.0000,687,50.0783
rt,dlp,SCHED_FIFO,50,50.0000,688,50.0399
rt,dlp,SCHED_FIFO,50,50.0000,689,50.0375
rt,dlp,SCHED_FIFO,50,50.0000,690,50.0404
rt,dlp,SCHED_FIFO,50,50.0000,691,50.0513
rt,dlp,SCHED_FIFO,50,50.0000,692,50.0398
rt,dlp,SCHED_FIFO,50,50.0000,693,50.0487
rt,dlp,SCHED_FIFO,50,50.0000,694,50.0561
rt,dlp,SCHED_FIFO,50,50.0000,695,50.0832
rt,dlp,SCHED_FIFO,50,50.0000,696,50.0373
rt,dlp,SCHED_FIFO,50,50.0000,697,50.0428
rt,dlp,SCHED_FIFO,50,50.0000,698,50.0797
rt,dlp,SCHED_FIFO,50,50.0000,699,50.0539
rt,dlp,SCHED_FIFO,50,50.0000,700,50.0545
rt,dlp,SCHED_FIFO,50,50.0000,701,50.0439
rt,dlp,SCHED_FIFO,50,50.0000,702,50.0449
rt,dlp,SCHED_FIFO,50,50.0000,703,50.0347
rt,dlp,SCHED_FIFO,50,50.0000,704,50.0623
rt,dlp,SCHED_FIFO,50,50.0000,705,50.0478
rt,dlp,SCHED_FIFO,50,50.0000,706,50.0338
rt,dlp,SCHED_FIFO,50,50.0000,707,50.0455
rt,dlp,SCHED_FIFO,50,50.0000,708,50.0389
rt,dlp,SCHED_FIFO,50,50.0000,709,50.0425
rt,dlp,SCHED_FIFO,50,50.0000,710,50.0423
rt,dlp,SCHED_FIFO,50,50.0000,711,50.0540
rt,dlp,SCHED_FIFO,50,50.0000,712,50.0272
rt,dlp,SCHED_FIFO,50,50.0000,713,50.0551
rt,dlp,SCHED_FIFO,50,50.0000,714,50.0459
rt,dlp,SCHED_FIFO,50,50.0000,715,50.0527
rt,dlp,SCHED_FIFO,50,50.0000,716,50.0396
rt,dlp,SCHED_FIFO,50,50.0000,717,50.0665
rt,dlp,SCHED_FIFO,50,50.0000,718,50.0590
rt,dlp,SCHED_FIFO,50,50.0000,719,50.1177
rt,dlp,SCHED_FIFO,50,50.0000,720,50.0477
rt,dlp,SCHED_FIFO,50,50.0000,721,50.0451
rt,dlp,SCHED_FIFO,50,50.0000,722,50.0431
rt,dlp,SCHED_FIFO,50,50.0000,723,50.0300
rt,dlp,SCHED_FIFO,50,50.0000,724,50.0398
rt,dlp,SCHED_FIFO,50,50.0000,725,50.1213
rt,dlp,SCHED_FIFO,50,50.0000,726,50.0416
rt,dlp,SCHED_FIFO,50,50.0000,727,50.0402
rt,dlp,SCHED_FIFO,50,50.0000,728,50.0499
rt,dlp,SCHED_FIFO,50,50.0000,729,50.0494
rt,dlp,SCHED_FIFO,50,50.0000,730,50.0404
rt,dlp,SCHED_FIFO,50,50.0000,731,50.1272
rt,dlp,SCHED_FIFO,50,50.0000,732,50.1069
rt,dlp,SCHED_FIFO,50,50.0000,733,50.0493
rt,dlp,SCHED_FIFO,50,50.0000,734,50.0529
rt,dlp,SCHED_FIFO,50,50.0000,735,50.0342
rt,dlp,SCHED_FIFO,50,50.0000,736,50.0478
rt,dlp,SCHED_FIFO,50,50.0000,737,50.0520
rt,dlp,SCHED_FIFO,50,50.0000,738,50.0514
rt,dlp,SCHED_FIFO,50,50.0000,739,50.0434
rt,dlp,SCHED_FIFO,50,50.0000,740,50.0448
rt,dlp,SCHED_FIFO,50,50.0000,741,50.0177
rt,dlp,SCHED_FIFO,50,50.0000,742,50.0513
rt,dlp,SCHED_FIFO,50,50.0000,743,50.0330
rt,dlp,SCHED_FIFO,50,50.0000,744,50.0789
rt,dlp,SCHED_FIFO,50,50.0000,745,50.0798
rt,dlp,SCHED_FIFO,50,50.0000,746,50.0970
rt,dlp,SCHED_FIFO,50,50.0000,747,50.0743
rt,dlp,SCHED_FIFO,50,50.0000,748,50.0952
rt,dlp,SCHED_FIFO,50,50.0000,749,50.0664
rt,dlp,SCHED_FIFO,50,50.0000,750,50.0894
rt,dlp,SCHED_FIFO,50,50.0000,751,50.0493
rt,dlp,SCHED_FIFO,50,50.0000,752,50.0502
rt,dlp,SCHED_FIFO,50,50.0000,753,50.0421
rt,dlp,SCHED_FIFO,50,50.0000,754,50.0475
rt,dlp,SCHED_FIFO,50,50.0000,755,50.0475
rt,dlp,SCHED_FIFO,50,50.0000,756,50.0495
rt,dlp,SCHED_FIFO,50,50.0000,757,50.0492
rt,dlp,SCHED_FIFO,50,50.0000,758,50.0518
rt,dlp,SCHED_FIFO,50,50.0000,759,50.0707
rt,dlp,SCHED_FIFO,50,50.0000,760,50.0423
rt,dlp,SCHED_FIFO,50,50.0000,761,50.0087
rt,dlp,SCHED_FIFO,50,50.0000,762,50.0582
rt,dlp,SCHED_FIFO,50,50.0000,763,50.0517
rt,dlp,SCHED_FIFO,50,50.0000,764,50.0347
rt,dlp,SCHED_FIFO,50,50.0000,765,50.0530
rt,dlp,SCHED_FIFO,50,50.0000,766,50.0486
rt,dlp,SCHED_FIFO,50,50.0000,767,50.0327
rt,dlp,SCHED_FIFO,50,50.0000,768,50.0449
rt,dlp,SCHED_FIFO,50,50.0000,769,50.0521
rt,dlp,SCHED_FIFO,50,50.0000,770,50.0288
rt,dlp,SCHED_FIFO,50,50.0000,771,50.0343
rt,dlp,SCHED_FIFO,50,50.0000,772,50.0352
rt,dlp,SCHED_FIFO,50,50.0000,773,50.0624
rt,dlp,SCHED_FIFO,50,50.0000,774,50.0229
rt,dlp,SCHED_FIFO,50,50.0000,775,50.0700
rt,dlp,SCHED_FIFO,50,50.0000,776,50.0419
rt,dlp,SCHED_FIFO,50,50.0000,777,50.0385
rt,dlp,SCHED_FIFO,50,50.0000,778,50.0213
rt,dlp,SCHED_FIFO,50,50.0000,779,50.0381
rt,dlp,SCHED_FIFO,50,50.0000,780,50.0411
rt,dlp,SCHED_FIFO,50,50.0000,781,50.0452
rt,dlp,SCHED_FIFO,50,50.0000,782,50.0411
rt,dlp,SCHED_FIFO,50,50.0000,783,50.0501
rt,dlp,SCHED_FIFO,50,50.0000,784,50.0472
rt,dlp,SCHED_FIFO,50,50.0000,785,50.0587
rt,dlp,SCHED_FIFO,50,50.0000,786,50.0278
rt,dlp,SCHED_FIFO,50,50.0000,787,50.0483
rt,dlp,SCHED_FIFO,50,50.0000,788,50.1345
rt,dlp,SCHED_FIFO,50,50.0000,789,50.0359
rt,dlp,SCHED_FIFO,50,50.0000,790,50.0424
rt,dlp,SCHED_FIFO,50,50.0000,791,50.0463
rt,dlp,SCHED_FIFO,50,50.0000,792,50.0402
rt,dlp,SCHED_FIFO,50,50.0000,793,50.0503
rt,dlp,SCHED_FIFO,50,50.0000,794,50.0543
rt,dlp,SCHED_FIFO,50,50.0000,795,50.0414
rt,dlp,SCHED_FIFO,50,50.0000,796,50.0398
rt,dlp,SCHED_FIFO,50,50.0000,797,50.0552
rt,dlp,SCHED_FIFO,50,50.0000,798,50.1288
rt,dlp,SCHED_FIFO,50,50.0000,799,50.0521
rt,dlp,SCHED_FIFO,50,50.0000,800,50.0417
rt,dlp,SCHED_FIFO,50,50.0000,801,50.0482
rt,dlp,SCHED_FIFO,50,50.0000,802,50.0391
rt,dlp,SCHED_FIFO,50,50.0000,803,50.0332
rt,dlp,SCHED_FIFO,50,50.0000,804,50.0511
rt,dlp,SCHED_FIFO,50,50.0000,805,50.0579
rt,dlp,SCHED_FIFO,50,50.0000,806,50.0487
rt,dlp,SCHED_FIFO,50,50.0000,807,50.0183
rt,dlp,SCHED_FIFO,50,50.0000,808,50.0331
rt,dlp,SCHED_FIFO,50,50.0000,809,50.0459
rt,dlp,SCHED_FIFO,50,50.0000,810,50.0320
rt,dlp,SCHED_FIFO,50,50.0000,811,50.0589
rt,dlp,SCHED_FIFO,50,50.0000,812,50.0537
rt,dlp,SCHED_FIFO,50,50.0000,813,50.0048
rt,dlp,SCHED_FIFO,50,50.0000,814,50.0375
rt,dlp,SCHED_FIFO,50,50.0000,815,50.0325
rt,dlp,SCHED_FIFO,50,50.0000,816,50.0398
rt,dlp,SCHED_FIFO,50,50.0000,817,50.0339
rt,dlp,SCHED_FIFO,50,50.0000,818,50.0329
rt,dlp,SCHED_FIFO,50,50.0000,819,50.0741
rt,dlp,SCHED_FIFO,50,50.0000,820,50.0513
rt,dlp,SCHED_FIFO,50,50.0000,821,50.0644
rt,dlp,SCHED_FIFO,50,50.0000,822,50.0617
rt,dlp,SCHED_FIFO,50,50.0000,823,50.1411
rt,dlp,SCHED_FIFO,50,50.0000,824,50.0578
rt,dlp,SCHED_FIFO,50,50.0000,825,50.0492
rt,dlp,SCHED_FIFO,50,50.0000,826,50.0445
rt,dlp,SCHED_FIFO,50,50.0000,827,50.0509
rt,dlp,SCHED_FIFO,50,50.0000,828,50.0590
rt,dlp,SCHED_FIFO,50,50.0000,829,50.0431
rt,dlp,SCHED_FIFO,50,50.0000,830,50.0636
rt,dlp,SCHED_FIFO,50,50.0000,831,50.0377
rt,dlp,SCHED_FIFO,50,50.0000,832,50.0498
rt,dlp,SCHED_FIFO,50,50.0000,833,50.0420
rt,dlp,SCHED_FIFO,50,50.0000,834,50.0485
rt,dlp,SCHED_FIFO,50,50.0000,835,50.0448
rt,dlp,SCHED_FIFO,50,50.0000,836,50.0396
rt,dlp,SCHED_FIFO,50,50.0000,837,50.0434
rt,dlp,SCHED_FIFO,50,50.0000,838,50.0337
rt,dlp,SCHED_FIFO,50,50.0000,839,50.0457
rt,dlp,SCHED_FIFO,50,50.0000,840,50.0496
rt,dlp,SCHED_FIFO,50,50.0000,841,50.0357
rt,dlp,SCHED_FIFO,50,50.0000,842,50.0431
rt,dlp,SCHED_FIFO,50,50.0000,843,50.0932
rt,dlp,SCHED_FIFO,50,50.0000,844,50.0404
rt,dlp,SCHED_FIFO,50,50.0000,845,50.0547
rt,dlp,SCHED_FIFO,50,50.0000,846,50.0494
rt,dlp,SCHED_FIFO,50,50.0000,847,50.0275
rt,dlp,SCHED_FIFO,50,50.0000,848,50.0516
rt,dlp,SCHED_FIFO,50,50.0000,849,50.0589
rt,dlp,SCHED_FIFO,50,50.0000,850,50.0609
rt,dlp,SCHED_FIFO,50,50.0000,851,50.0484
rt,dlp,SCHED_FIFO,50,50.0000,852,50.0573
rt,dlp,SCHED_FIFO,50,50.0000,853,50.0620
rt,dlp,SCHED_FIFO,50,50.0000,854,50.0509
rt,dlp,SCHED_FIFO,50,50.0000,855,50.0414
rt,dlp,SCHED_FIFO,50,50.0000,856,50.0475
rt,dlp,SCHED_FIFO,50,50.0000,857,50.0451
rt,dlp,SCHED_FIFO,50,50.0000,858,50.0432
rt,dlp,SCHED_FIFO,50,50.0000,859,50.0587
rt,dlp,SCHED_FIFO,50,50.0000,860,50.0422
rt,dlp,SCHED_FIFO,50,50.0000,861,50.0458
rt,dlp,SCHED_FIFO,50,50.0000,862,50.0486
rt,dlp,SCHED_FIFO,50,50.0000,863,50.0562
rt,dlp,SCHED_FIFO,50,50.0000,864,50.0485
rt,dlp,SCHED_FIFO,50,50.0000,865,50.0566
rt,dlp,SCHED_FIFO,50,50.0000,866,50.0428
rt,dlp,SCHED_FIFO,50,50.0000,867,50.0408
rt,dlp,SCHED_FIFO,50,50.0000,868,50.0553
rt,dlp,SCHED_FIFO,50,50.0000,869,50.0412
rt,dlp,SCHED_FIFO,50,50.0000,870,50.0530
rt,dlp,SCHED_FIFO,50,50.0000,871,50.0498
rt,dlp,SCHED_FIFO,50,50.0000,872,50.0482
rt,dlp,SCHED_FIFO,50,50.0000,873,50.0520
rt,dlp,SCHED_FIFO,50,50.0000,874,50.0386
rt,dlp,SCHED_FIFO,50,50.0000,875,50.0836
rt,dlp,SCHED_FIFO,50,50.0000,876,50.0574
rt,dlp,SCHED_FIFO,50,50.0000,877,50.0600
rt,dlp,SCHED_FIFO,50,50.0000,878,50.0541
rt,dlp,SCHED_FIFO,50,50.0000,879,50.0420
rt,dlp,SCHED_FIFO,50,50.0000,880,50.0518
rt,dlp,SCHED_FIFO,50,50.0000,881,50.0462
rt,dlp,SCHED_FIFO,50,50.0000,882,50.0407
rt,dlp,SCHED_FIFO,50,50.0000,883,50.0515
rt,dlp,SCHED_FIFO,50,50.0000,884,50.0539
rt,dlp,SCHED_FIFO,50,50.0000,885,50.0500
rt,dlp,SCHED_FIFO,50,50.0000,886,50.0466
rt,dlp,SCHED_FIFO,50,50.0000,887,50.0333
rt,dlp,SCHED_FIFO,50,50.0000,888,50.0804
rt,dlp,SCHED_FIFO,50,50.0000,889,50.0458
rt,dlp,SCHED_FIFO,50,50.0000,890,50.0469
rt,dlp,SCHED_FIFO,50,50.0000,891,50.0418
rt,dlp,SCHED_FIFO,50,50.0000,892,50.0416
rt,dlp,SCHED_FIFO,50,50.0000,893,50.0463
rt,dlp,SCHED_FIFO,50,50.0000,894,50.0409
rt,dlp,SCHED_FIFO,50,50.0000,895,50.0398
rt,dlp,SCHED_FIFO,50,50.0000,896,50.0317
rt,dlp,SCHED_FIFO,50,50.0000,897,50.0501
rt,dlp,SCHED_FIFO,50,50.0000,898,50.0403
rt,dlp,SCHED_FIFO,50,50.0000,899,50.0514
rt,dlp,SCHED_FIFO,50,50.0000,900,50.0490
rt,dlp,SCHED_FIFO,50,50.0000,901,50.0539
rt,dlp,SCHED_FIFO,50,50.0000,902,50.0438
rt,dlp,SCHED_FIFO,50,50.0000,903,50.0417
rt,dlp,SCHED_FIFO,50,50.0000,904,50.0546
rt,dlp,SCHED_FIFO,50,50.0000,905,50.0388
rt,dlp,SCHED_FIFO,50,50.0000,906,50.0381
rt,dlp,SCHED_FIFO,50,50.0000,907,50.0511
rt,dlp,SCHED_FIFO,50,50.0000,908,50.0323
rt,dlp,SCHED_FIFO,50,50.0000,909,50.0343
rt,dlp,SCHED_FIFO,50,50.0000,910,50.0422
rt,dlp,SCHED_FIFO,50,50.0000,911,50.0431
rt,dlp,SCHED_FIFO,50,50.0000,912,50.0420
rt,dlp,SCHED_FIFO,50,50.0000,913,50.0421
rt,dlp,SCHED_FIFO,50,50.0000,914,50.0445
rt,dlp,SCHED_FIFO,50,50.0000,915,50.0491
rt,dlp,SCHED_FIFO,50,50.0000,916,50.1031
rt,dlp,SCHED_FIFO,50,50.0000,917,50.0480
rt,dlp,SCHED_FIFO,50,50.0000,918,50.0492
rt,dlp,SCHED_FIFO,50,50.0000,919,50.0681
rt,dlp,SCHED_FIFO,50,50.0000,920,50.0412
rt,dlp,SCHED_FIFO,50,50.0000,921,50.0208
rt,dlp,SCHED_FIFO,50,50.0000,922,50.0319
rt,dlp,SCHED_FIFO,50,50.0000,923,50.0530
rt,dlp,SCHED_FIFO,50,50.0000,924,50.0522
rt,dlp,SCHED_FIFO,50,50.0000,925,50.0310
rt,dlp,SCHED_FIFO,50,50.0000,926,50.0426
rt,dlp,SCHED_FIFO,50,50.0000,927,50.0465
rt,dlp,SCHED_FIFO,50,50.0000,928,50.0465
rt,dlp,SCHED_FIFO,50,50.0000,929,49.9930
rt,dlp,SCHED_FIFO,50,50.0000,930,50.0350
rt,dlp,SCHED_FIFO,50,50.0000,931,50.0485
rt,dlp,SCHED_FIFO,50,50.0000,932,50.0336
rt,dlp,SCHED_FIFO,50,50.0000,933,50.0630
rt,dlp,SCHED_FIFO,50,50.0000,934,50.0209
rt,dlp,SCHED_FIFO,50,50.0000,935,50.0373
rt,dlp,SCHED_FIFO,50,50.0000,936,50.0388
rt,dlp,SCHED_FIFO,50,50.0000,937,50.1021
rt,dlp,SCHED_FIFO,50,50.0000,938,50.0417
rt,dlp,SCHED_FIFO,50,50.0000,939,50.0496
rt,dlp,SCHED_FIFO,50,50.0000,940,50.0452
rt,dlp,SCHED_FIFO,50,50.0000,941,50.0479
rt,dlp,SCHED_FIFO,50,50.0000,942,50.0215
rt,dlp,SCHED_FIFO,50,50.0000,943,50.0512
rt,dlp,SCHED_FIFO,50,50.0000,944,50.0538
rt,dlp,SCHED_FIFO,50,50.0000,945,50.0430
rt,dlp,SCHED_FIFO,50,50.0000,946,50.0185
rt,dlp,SCHED_FIFO,50,50.0000,947,50.0475
rt,dlp,SCHED_FIFO,50,50.0000,948,50.0493
rt,dlp,SCHED_FIFO,50,50.0000,949,50.0489
rt,dlp,SCHED_FIFO,50,50.0000,950,50.0392
rt,dlp,SCHED_FIFO,50,50.0000,951,50.0401
rt,dlp,SCHED_FIFO,50,50.0000,952,50.0418
rt,dlp,SCHED_FIFO,50,50.0000,953,50.1005
rt,dlp,SCHED_FIFO,50,50.0000,954,50.1070
rt,dlp,SCHED_FIFO,50,50.0000,955,49.9935
rt,dlp,SCHED_FIFO,50,50.0000,956,50.0197
rt,dlp,SCHED_FIFO,50,50.0000,957,50.0421
rt,dlp,SCHED_FIFO,50,50.0000,958,50.0415
rt,dlp,SCHED_FIFO,50,50.0000,959,50.0400
rt,dlp,SCHED_FIFO,50,50.0000,960,50.0379
rt,dlp,SCHED_FIFO,50,50.0000,961,50.0577
rt,dlp,SCHED_FIFO,50,50.0000,962,50.0375
rt,dlp,SCHED_FIFO,50,50.0000,963,50.0453
rt,dlp,SCHED_FIFO,50,50.0000,964,50.0533
rt,dlp,SCHED_FIFO,50,50.0000,965,50.0359
rt,dlp,SCHED_FIFO,50,50.0000,966,50.0529
rt,dlp,SCHED_FIFO,50,50.0000,967,50.0444
rt,dlp,SCHED_FIFO,50,50.0000,968,50.0377
rt,dlp,SCHED_FIFO,50,50.0000,969,50.0406
rt,dlp,SCHED_FIFO,50,50.0000,970,50.0410
rt,dlp,SCHED_FIFO,50,50.0000,971,50.0461
rt,dlp,SCHED_FIFO,50,50.0000,972,50.0334
rt,dlp,SCHED_FIFO,50,50.0000,973,50.0478
rt,dlp,SCHED_FIFO,50,50.0000,974,50.0502
rt,dlp,SCHED_FIFO,50,50.0000,975,50.0470
rt,dlp,SCHED_FIFO,50,50.0000,976,50.0376
rt,dlp,SCHED_FIFO,50,50.0000,977,50.0545
rt,dlp,SCHED_FIFO,50,50.0000,978,50.0537
rt,dlp,SCHED_FIFO,50,50.0000,979,50.0478
rt,dlp,SCHED_FIFO,50,50.0000,980,50.0374
rt,dlp,SCHED_FIFO,50,50.0000,981,50.0449
rt,dlp,SCHED_FIFO,50,50.0000,982,50.0511
rt,dlp,SCHED_FIFO,50,50.0000,983,50.0613
rt,dlp,SCHED_FIFO,50,50.0000,984,50.0451
rt,dlp,SCHED_FIFO,50,50.0000,985,50.0491
rt,dlp,SCHED_FIFO,50,50.0000,986,50.0432
rt,dlp,SCHED_FIFO,50,50.0000,987,50.0420
rt,dlp,SCHED_FIFO,50,50.0000,988,50.0272
rt,dlp,SCHED_FIFO,50,50.0000,989,50.0087
rt,dlp,SCHED_FIFO,50,50.0000,990,50.0409
rt,dlp,SCHED_FIFO,50,50.0000,991,50.0367
rt,dlp,SCHED_FIFO,50,50.0000,992,50.0512
rt,dlp,SCHED_FIFO,50,50.0000,993,50.0466
rt,dlp,SCHED_FIFO,50,50.0000,994,50.0506
rt,dlp,SCHED_FIFO,50,50.0000,995,50.0558
rt,dlp,SCHED_FIFO,50,50.0000,996,50.0423
rt,dlp,SCHED_FIFO,50,50.0000,997,50.0585
rt,dlp,SCHED_FIFO,50,50.0000,998,50.1120
rt,dlp,SCHED_FIFO,50,50.0000,999,50.0211
