condition,device,policy,priority,requested_ms,trial,width_ms
idle,ttlbox,SCHED_OTHER,0,1.0000,0,0.0826
idle,ttlbox,SCHED_OTHER,0,1.0000,1,0.4122
idle,ttlbox,SCHED_OTHER,0,1.0000,2,0.8184
idle,ttlbox,SCHED_OTHER,0,1.0000,3,0.3167
idle,ttlbox,SCHED_OTHER,0,1.0000,4,0.7878
idle,ttlbox,SCHED_OTHER,0,1.0000,5,0.2424
idle,ttlbox,SCHED_OTHER,0,1.0000,6,0.7695
idle,ttlbox,SCHED_OTHER,0,1.0000,7,0.2232
idle,ttlbox,SCHED_OTHER,0,1.0000,8,0.6966
idle,ttlbox,SCHED_OTHER,0,1.0000,9,0.0826
idle,ttlbox,SCHED_OTHER,0,1.0000,10,0.5974
idle,ttlbox,SCHED_OTHER,0,1.0000,11,0.0878
idle,ttlbox,SCHED_OTHER,0,1.0000,12,0.3892
idle,ttlbox,SCHED_OTHER,0,1.0000,13,0.8117
idle,ttlbox,SCHED_OTHER,0,1.0000,14,0.1733
idle,ttlbox,SCHED_OTHER,0,1.0000,15,0.4572
idle,ttlbox,SCHED_OTHER,0,1.0000,16,0.7557
idle,ttlbox,SCHED_OTHER,0,1.0000,17,0.2367
idle,ttlbox,SCHED_OTHER,0,1.0000,18,0.6542
idle,ttlbox,SCHED_OTHER,0,1.0000,19,0.0931
idle,ttlbox,SCHED_OTHER,0,1.0000,20,0.4447
idle,ttlbox,SCHED_OTHER,0,1.0000,21,0.8796
idle,ttlbox,SCHED_OTHER,0,1.0000,22,0.1982
idle,ttlbox,SCHED_OTHER,0,1.0000,23,0.5112
idle,ttlbox,SCHED_OTHER,0,1.0000,24,0.8423
idle,ttlbox,SCHED_OTHER,0,1.0000,25,0.2480
idle,ttlbox,SCHED_OTHER,0,1.0000,26,0.7013
idle,ttlbox,SCHED_OTHER,0,1.0000,27,0.0442
idle,ttlbox,SCHED_OTHER,0,1.0000,28,0.4310
idle,ttlbox,SCHED_OTHER,0,1.0000,29,0.7152
idle,ttlbox,SCHED_OTHER,0,1.0000,30,0.0466
idle,ttlbox,SCHED_OTHER,0,1.0000,31,0.5301
idle,ttlbox,SCHED_OTHER,0,1.0000,32,0.8860
idle,ttlbox,SCHED_OTHER,0,1.0000,33,0.3892
idle,ttlbox,SCHED_OTHER,0,1.0000,34,0.7430
idle,ttlbox,SCHED_OTHER,0,1.0000,35,0.1740
idle,ttlbox,SCHED_OTHER,0,1.0000,36,0.6709
idle,ttlbox,SCHED_OTHER,0,1.0000,37,0.9852
idle,ttlbox,SCHED_OTHER,0,1.0000,38,0.3278
idle,ttlbox,SCHED_OTHER,0,1.0000,39,0.6939
idle,ttlbox,SCHED_OTHER,0,1.0000,40,0.9899
idle,ttlbox,SCHED_OTHER,0,1.0000,41,0.4807
idle,ttlbox,SCHED_OTHER,0,1.0000,42,0.8138
idle,ttlbox,SCHED_OTHER,0,1.0000,43,0.2238
idle,ttlbox,SCHED_OTHER,0,1.0000,44,0.5421
idle,ttlbox,SCHED_OTHER,0,1.0000,45,0.8911
idle,ttlbox,SCHED_OTHER,0,1.0000,46,0.3095
idle,ttlbox,SCHED_OTHER,0,1.0000,47,0.7384
idle,ttlbox,SCHED_OTHER,0,1.0000,48,1.0277
idle,ttlbox,SCHED_OTHER,0,1.0000,49,0.3935
idle,ttlbox,SCHED_OTHER,0,1.0000,50,0.8043
idle,ttlbox,SCHED_OTHER,0,1.0000,51,0.3167
idle,ttlbox,SCHED_OTHER,0,1.0000,52,0.6968
idle,ttlbox,SCHED_OTHER,0,1.0000,53,0.0876
idle,ttlbox,SCHED_OTHER,0,1.0000,54,0.5489
idle,ttlbox,SCHED_OTHER,0,1.0000,55,0.9973
idle,ttlbox,SCHED_OTHER,0,1.0000,56,0.2653
idle,ttlbox,SCHED_OTHER,0,1.0000,57,0.7582
idle,ttlbox,SCHED_OTHER,0,1.0000,58,0.1309
idle,ttlbox,SCHED_OTHER,0,1.0000,59,0.4327
idle,ttlbox,SCHED_OTHER,0,1.0000,60,0.7878
idle,ttlbox,SCHED_OTHER,0,1.0000,61,0.0576
idle,ttlbox,SCHED_OTHER,0,1.0000,62,0.3470
idle,ttlbox,SCHED_OTHER,0,1.0000,63,0.8793
idle,ttlbox,SCHED_OTHER,0,1.0000,64,0.2294
idle,ttlbox,SCHED_OTHER,0,1.0000,65,0.6403
idle,ttlbox,SCHED_OTHER,0,1.0000,66,0.9851
idle,ttlbox,SCHED_OTHER,0,1.0000,67,0.4070
idle,ttlbox,SCHED_OTHER,0,1.0000,68,0.7924
idle,ttlbox,SCHED_OTHER,0,1.0000,69,0.2348
idle,ttlbox,SCHED_OTHER,0,1.0000,70,0.4996
idle,ttlbox,SCHED_OTHER,0,1.0000,71,0.9763
idle,ttlbox,SCHED_OTHER,0,1.0000,72,0.4084
idle,ttlbox,SCHED_OTHER,0,1.0000,73,0.6967
idle,ttlbox,SCHED_OTHER,0,1.0000,74,0.1424
idle,ttlbox,SCHED_OTHER,0,1.0000,75,0.5604
idle,ttlbox,SCHED_OTHER,0,1.0000,76,0.9332
idle,ttlbox,SCHED_OTHER,0,1.0000,77,0.4329
idle,ttlbox,SCHED_OTHER,0,1.0000,78,0.8839
idle,ttlbox,SCHED_OTHER,0,1.0000,79,0.2714
idle,ttlbox,SCHED_OTHER,0,1.0000,80,0.5562
idle,ttlbox,SCHED_OTHER,0,1.0000,81,0.0272
idle,ttlbox,SCHED_OTHER,0,1.0000,82,0.5180
idle,ttlbox,SCHED_OTHER,0,1.0000,83,0.8493
idle,ttlbox,SCHED_OTHER,0,1.0000,84,0.2678
idle,ttlbox,SCHED_OTHER,0,1.0000,85,0.6022
idle,ttlbox,SCHED_OTHER,0,1.0000,86,0.0526
idle,ttlbox,SCHED_OTHER,0,1.0000,87,0.5414
idle,ttlbox,SCHED_OTHER,0,1.0000,88,1.0204
idle,ttlbox,SCHED_OTHER,0,1.0000,89,0.4322
idle,ttlbox,SCHED_OTHER,0,1.0000,90,0.7998
idle,ttlbox,SCHED_OTHER,0,1.0000,91,0.2656
idle,ttlbox,SCHED_OTHER,0,1.0000,92,0.7264
idle,ttlbox,SCHED_OTHER,0,1.0000,93,0.1993
idle,ttlbox,SCHED_OTHER,0,1.0000,94,0.5475
idle,ttlbox,SCHED_OTHER,0,1.0000,95,1.0014
idle,ttlbox,SCHED_OTHER,0,1.0000,96,0.3143
idle,ttlbox,SCHED_OTHER,0,1.0000,97,0.7320
idle,ttlbox,SCHED_OTHER,0,1.0000,98,0.1119
idle,ttlbox,SCHED_OTHER,0,1.0000,99,0.4637
idle,ttlbox,SCHED_OTHER,0,1.0000,100,0.7695
idle,ttlbox,SCHED_OTHER,0,1.0000,101,0.2179
idle,ttlbox,SCHED_OTHER,0,1.0000,102,0.6407
idle,ttlbox,SCHED_OTHER,0,1.0000,103,0.0891
idle,ttlbox,SCHED_OTHER,0,1.0000,104,0.5421
idle,ttlbox,SCHED_OTHER,0,1.0000,105,0.8722
idle,ttlbox,SCHED_OTHER,0,1.0000,106,0.3355
idle,ttlbox,SCHED_OTHER,0,1.0000,107,0.5920
idle,ttlbox,SCHED_OTHER,0,1.0000,108,1.0206
idle,ttlbox,SCHED_OTHER,0,1.0000,109,0.3883
idle,ttlbox,SCHED_OTHER,0,1.0000,110,0.7085
idle,ttlbox,SCHED_OTHER,0,1.0000,111,0.1499
idle,ttlbox,SCHED_OTHER,0,1.0000,112,0.4502
idle,ttlbox,SCHED_OTHER,0,1.0000,113,0.8120
idle,ttlbox,SCHED_OTHER,0,1.0000,114,0.1991
idle,ttlbox,SCHED_OTHER,0,1.0000,115,0.5836
idle,ttlbox,SCHED_OTHER,0,1.0000,116,1.0134
idle,ttlbox,SCHED_OTHER,0,1.0000,117,0.3324
idle,ttlbox,SCHED_OTHER,0,1.0000,118,0.6098
idle,ttlbox,SCHED_OTHER,0,1.0000,119,0.0703
idle,ttlbox,SCHED_OTHER,0,1.0000,120,0.3092
idle,ttlbox,SCHED_OTHER,0,1.0000,121,0.8379
idle,ttlbox,SCHED_OTHER,0,1.0000,122,0.1007
idle,ttlbox,SCHED_OTHER,0,1.0000,123,0.4504
idle,ttlbox,SCHED_OTHER,0,1.0000,124,0.8188
idle,ttlbox,SCHED_OTHER,0,1.0000,125,0.2650
idle,ttlbox,SCHED_OTHER,0,1.0000,126,0.7081
idle,ttlbox,SCHED_OTHER,0,1.0000,127,0.2117
idle,ttlbox,SCHED_OTHER,0,1.0000,128,0.6142
idle,ttlbox,SCHED_OTHER,0,1.0000,129,0.0587
idle,ttlbox,SCHED_OTHER,0,1.0000,130,0.4811
idle,ttlbox,SCHED_OTHER,0,1.0000,131,0.7812
idle,ttlbox,SCHED_OTHER,0,1.0000,132,0.0777
idle,ttlbox,SCHED_OTHER,0,1.0000,133,0.3939
idle,ttlbox,SCHED_OTHER,0,1.0000,134,0.7274
idle,ttlbox,SCHED_OTHER,0,1.0000,135,1.0255
idle,ttlbox,SCHED_OTHER,0,1.0000,136,0.4573
idle,ttlbox,SCHED_OTHER,0,1.0000,137,0.9641
idle,ttlbox,SCHED_OTHER,0,1.0000,138,0.3516
idle,ttlbox,SCHED_OTHER,0,1.0000,139,0.6479
idle,ttlbox,SCHED_OTHER,0,1.0000,140,0.1499
idle,ttlbox,SCHED_OTHER,0,1.0000,141,0.4636
idle,ttlbox,SCHED_OTHER,0,1.0000,142,0.8074
idle,ttlbox,SCHED_OTHER,0,1.0000,143,0.1690
idle,ttlbox,SCHED_OTHER,0,1.0000,144,0.4993
idle,ttlbox,SCHED_OTHER,0,1.0000,145,1.0088
idle,ttlbox,SCHED_OTHER,0,1.0000,146,0.4265
idle,ttlbox,SCHED_OTHER,0,1.0000,147,0.9168
idle,ttlbox,SCHED_OTHER,0,1.0000,148,0.1865
idle,ttlbox,SCHED_OTHER,0,1.0000,149,0.5608
idle,ttlbox,SCHED_OTHER,0,1.0000,150,0.0777
idle,ttlbox,SCHED_OTHER,0,1.0000,151,0.3283
idle,ttlbox,SCHED_OTHER,0,1.0000,152,0.7998
idle,ttlbox,SCHED_OTHER,0,1.0000,153,0.2914
idle,ttlbox,SCHED_OTHER,0,1.0000,154,0.7202
idle,ttlbox,SCHED_OTHER,0,1.0000,155,0.0931
idle,ttlbox,SCHED_OTHER,0,1.0000,156,0.5043
idle,ttlbox,SCHED_OTHER,0,1.0000,157,0.9153
idle,ttlbox,SCHED_OTHER,0,1.0000,158,0.3475
idle,ttlbox,SCHED_OTHER,0,1.0000,159,0.6943
idle,ttlbox,SCHED_OTHER,0,1.0000,160,0.1567
idle,ttlbox,SCHED_OTHER,0,1.0000,161,0.4805
idle,ttlbox,SCHED_OTHER,0,1.0000,162,0.9034
idle,ttlbox,SCHED_OTHER,0,1.0000,163,0.3752
idle,ttlbox,SCHED_OTHER,0,1.0000,164,0.7263
idle,ttlbox,SCHED_OTHER,0,1.0000,165,0.0511
idle,ttlbox,SCHED_OTHER,0,1.0000,166,0.5128
idle,ttlbox,SCHED_OTHER,0,1.0000,167,1.0136
idle,ttlbox,SCHED_OTHER,0,1.0000,168,0.3629
idle,ttlbox,SCHED_OTHER,0,1.0000,169,0.8442
idle,ttlbox,SCHED_OTHER,0,1.0000,170,0.1192
idle,ttlbox,SCHED_OTHER,0,1.0000,171,0.4818
idle,ttlbox,SCHED_OTHER,0,1.0000,172,0.9972
idle,ttlbox,SCHED_OTHER,0,1.0000,173,0.3021
idle,ttlbox,SCHED_OTHER,0,1.0000,174,0.6524
idle,ttlbox,SCHED_OTHER,0,1.0000,175,1.0209
idle,ttlbox,SCHED_OTHER,0,1.0000,176,0.3883
idle,ttlbox,SCHED_OTHER,0,1.0000,177,0.9291
idle,ttlbox,SCHED_OTHER,0,1.0000,178,0.2526
idle,ttlbox,SCHED_OTHER,0,1.0000,179,0.7142
idle,ttlbox,SCHED_OTHER,0,1.0000,180,0.1680
idle,ttlbox,SCHED_OTHER,0,1.0000,181,0.6956
idle,ttlbox,SCHED_OTHER,0,1.0000,182,0.1615
idle,ttlbox,SCHED_OTHER,0,1.0000,183,0.5868
idle,ttlbox,SCHED_OTHER,0,1.0000,184,0.9854
idle,ttlbox,SCHED_OTHER,0,1.0000,185,0.4548
idle,ttlbox,SCHED_OTHER,0,1.0000,186,0.8796
idle,ttlbox,SCHED_OTHER,0,1.0000,187,0.2110
idle,ttlbox,SCHED_OTHER,0,1.0000,188,0.7024
idle,ttlbox,SCHED_OTHER,0,1.0000,189,1.0257
idle,ttlbox,SCHED_OTHER,0,1.0000,190,0.4452
idle,ttlbox,SCHED_OTHER,0,1.0000,191,0.9408
idle,ttlbox,SCHED_OTHER,0,1.0000,192,0.2856
idle,ttlbox,SCHED_OTHER,0,1.0000,193,0.6214
idle,ttlbox,SCHED_OTHER,0,1.0000,194,0.1007
idle,ttlbox,SCHED_OTHER,0,1.0000,195,0.4197
idle,ttlbox,SCHED_OTHER,0,1.0000,196,0.9290
idle,ttlbox,SCHED_OTHER,0,1.0000,197,0.1939
idle,ttlbox,SCHED_OTHER,0,1.0000,198,0.5793
idle,ttlbox,SCHED_OTHER,0,1.0000,199,1.0088
idle,ttlbox,SCHED_OTHER,0,1.0000,200,0.3763
idle,ttlbox,SCHED_OTHER,0,1.0000,201,0.7864
idle,ttlbox,SCHED_OTHER,0,1.0000,202,0.2856
idle,ttlbox,SCHED_OTHER,0,1.0000,203,0.7080
idle,ttlbox,SCHED_OTHER,0,1.0000,204,0.1012
idle,ttlbox,SCHED_OTHER,0,1.0000,205,0.6169
idle,ttlbox,SCHED_OTHER,0,1.0000,206,0.9824
idle,ttlbox,SCHED_OTHER,0,1.0000,207,0.4869
idle,ttlbox,SCHED_OTHER,0,1.0000,208,0.8722
idle,ttlbox,SCHED_OTHER,0,1.0000,209,0.2235
idle,ttlbox,SCHED_OTHER,0,1.0000,210,0.5230
idle,ttlbox,SCHED_OTHER,0,1.0000,211,0.9151
idle,ttlbox,SCHED_OTHER,0,1.0000,212,0.2346
idle,ttlbox,SCHED_OTHER,0,1.0000,213,0.7085
idle,ttlbox,SCHED_OTHER,0,1.0000,214,0.1269
idle,ttlbox,SCHED_OTHER,0,1.0000,215,0.6143
idle,ttlbox,SCHED_OTHER,0,1.0000,216,0.0280
idle,ttlbox,SCHED_OTHER,0,1.0000,217,0.4994
idle,ttlbox,SCHED_OTHER,0,1.0000,218,1.0160
idle,ttlbox,SCHED_OTHER,0,1.0000,219,0.4921
idle,ttlbox,SCHED_OTHER,0,1.0000,220,0.7815
idle,ttlbox,SCHED_OTHER,0,1.0000,221,0.1989
idle,ttlbox,SCHED_OTHER,0,1.0000,222,0.4627
idle,ttlbox,SCHED_OTHER,0,1.0000,223,0.7620
idle,ttlbox,SCHED_OTHER,0,1.0000,224,0.2122
idle,ttlbox,SCHED_OTHER,0,1.0000,225,0.7200
idle,ttlbox,SCHED_OTHER,0,1.0000,226,0.2160
idle,ttlbox,SCHED_OTHER,0,1.0000,227,0.6212
idle,ttlbox,SCHED_OTHER,0,1.0000,228,0.9586
idle,ttlbox,SCHED_OTHER,0,1.0000,229,0.2909
idle,ttlbox,SCHED_OTHER,0,1.0000,230,0.7155
idle,ttlbox,SCHED_OTHER,0,1.0000,231,0.0885
idle,ttlbox,SCHED_OTHER,0,1.0000,232,0.5301
idle,ttlbox,SCHED_OTHER,0,1.0000,233,0.9331
idle,ttlbox,SCHED_OTHER,0,1.0000,234,0.4197
idle,ttlbox,SCHED_OTHER,0,1.0000,235,0.7695
idle,ttlbox,SCHED_OTHER,0,1.0000,236,0.2417
idle,ttlbox,SCHED_OTHER,0,1.0000,237,0.6948
idle,ttlbox,SCHED_OTHER,0,1.0000,238,0.1499
idle,ttlbox,SCHED_OTHER,0,1.0000,239,0.5850
idle,ttlbox,SCHED_OTHER,0,1.0000,240,1.0014
idle,ttlbox,SCHED_OTHER,0,1.0000,241,0.2677
idle,ttlbox,SCHED_OTHER,0,1.0000,242,0.7736
idle,ttlbox,SCHED_OTHER,0,1.0000,243,0.1322
idle,ttlbox,SCHED_OTHER,0,1.0000,244,0.4389
idle,ttlbox,SCHED_OTHER,0,1.0000,245,0.7810
idle,ttlbox,SCHED_OTHER,0,1.0000,246,0.2431
idle,ttlbox,SCHED_OTHER,0,1.0000,247,0.5981
idle,ttlbox,SCHED_OTHER,0,1.0000,248,0.9972
idle,ttlbox,SCHED_OTHER,0,1.0000,249,0.3894
idle,ttlbox,SCHED_OTHER,0,1.0000,250,0.7247
idle,ttlbox,SCHED_OTHER,0,1.0000,251,0.2122
idle,ttlbox,SCHED_OTHER,0,1.0000,252,0.7276
idle,ttlbox,SCHED_OTHER,0,1.0000,253,0.2107
idle,ttlbox,SCHED_OTHER,0,1.0000,254,0.5785
idle,ttlbox,SCHED_OTHER,0,1.0000,255,0.8607
idle,ttlbox,SCHED_OTHER,0,1.0000,256,0.3271
idle,ttlbox,SCHED_OTHER,0,1.0000,257,0.6592
idle,ttlbox,SCHED_OTHER,0,1.0000,258,0.9222
idle,ttlbox,SCHED_OTHER,0,1.0000,259,0.2548
idle,ttlbox,SCHED_OTHER,0,1.0000,260,0.7553
idle,ttlbox,SCHED_OTHER,0,1.0000,261,0.0702
idle,ttlbox,SCHED_OTHER,0,1.0000,262,0.5483
idle,ttlbox,SCHED_OTHER,0,1.0000,263,0.8791
idle,ttlbox,SCHED_OTHER,0,1.0000,264,0.2659
idle,ttlbox,SCHED_OTHER,0,1.0000,265,0.5985
idle,ttlbox,SCHED_OTHER,0,1.0000,266,0.8791
idle,ttlbox,SCHED_OTHER,0,1.0000,267,0.1732
idle,ttlbox,SCHED_OTHER,0,1.0000,268,0.4626
idle,ttlbox,SCHED_OTHER,0,1.0000,269,0.9592
idle,ttlbox,SCHED_OTHER,0,1.0000,270,0.3514
idle,ttlbox,SCHED_OTHER,0,1.0000,271,0.7315
idle,ttlbox,SCHED_OTHER,0,1.0000,272,0.1762
idle,ttlbox,SCHED_OTHER,0,1.0000,273,0.5413
idle,ttlbox,SCHED_OTHER,0,1.0000,274,1.0279
idle,ttlbox,SCHED_OTHER,0,1.0000,275,0.5118
idle,ttlbox,SCHED_OTHER,0,1.0000,276,1.0208
idle,ttlbox,SCHED_OTHER,0,1.0000,277,0.4867
idle,ttlbox,SCHED_OTHER,0,1.0000,278,1.0086
idle,ttlbox,SCHED_OTHER,0,1.0000,279,0.3094
idle,ttlbox,SCHED_OTHER,0,1.0000,280,0.7390
idle,ttlbox,SCHED_OTHER,0,1.0000,281,0.1690
idle,ttlbox,SCHED_OTHER,0,1.0000,282,0.5789
idle,ttlbox,SCHED_OTHER,0,1.0000,283,0.9545
idle,ttlbox,SCHED_OTHER,0,1.0000,284,0.2475
idle,ttlbox,SCHED_OTHER,0,1.0000,285,0.7157
idle,ttlbox,SCHED_OTHER,0,1.0000,286,0.1008
idle,ttlbox,SCHED_OTHER,0,1.0000,287,0.5071
idle,ttlbox,SCHED_OTHER,0,1.0000,288,0.8544
idle,ttlbox,SCHED_OTHER,0,1.0000,289,0.3043
idle,ttlbox,SCHED_OTHER,0,1.0000,290,0.7738
idle,ttlbox,SCHED_OTHER,0,1.0000,291,0.0581
idle,ttlbox,SCHED_OTHER,0,1.0000,292,0.3522
idle,ttlbox,SCHED_OTHER,0,1.0000,293,0.8791
idle,ttlbox,SCHED_OTHER,0,1.0000,294,0.3285
idle,ttlbox,SCHED_OTHER,0,1.0000,295,0.6404
idle,ttlbox,SCHED_OTHER,0,1.0000,296,0.1128
idle,ttlbox,SCHED_OTHER,0,1.0000,297,0.5868
idle,ttlbox,SCHED_OTHER,0,1.0000,298,0.0891
idle,ttlbox,SCHED_OTHER,0,1.0000,299,0.0931
idle,ttlbox,SCHED_OTHER,0,1.0000,300,0.6150
idle,ttlbox,SCHED_OTHER,0,1.0000,301,0.9898
idle,ttlbox,SCHED_OTHER,0,1.0000,302,0.2423
idle,ttlbox,SCHED_OTHER,0,1.0000,303,0.6096
idle,ttlbox,SCHED_OTHER,0,1.0000,304,0.1193
idle,ttlbox,SCHED_OTHER,0,1.0000,305,0.4311
idle,ttlbox,SCHED_OTHER,0,1.0000,306,0.7691
idle,ttlbox,SCHED_OTHER,0,1.0000,307,0.1317
idle,ttlbox,SCHED_OTHER,0,1.0000,308,0.6215
idle,ttlbox,SCHED_OTHER,0,1.0000,309,0.9762
idle,ttlbox,SCHED_OTHER,0,1.0000,310,0.2737
idle,ttlbox,SCHED_OTHER,0,1.0000,311,0.7254
idle,ttlbox,SCHED_OTHER,0,1.0000,312,1.0318
idle,ttlbox,SCHED_OTHER,0,1.0000,313,0.3820
idle,ttlbox,SCHED_OTHER,0,1.0000,314,0.8431
idle,ttlbox,SCHED_OTHER,0,1.0000,315,0.2249
idle,ttlbox,SCHED_OTHER,0,1.0000,316,0.4859
idle,ttlbox,SCHED_OTHER,0,1.0000,317,1.0164
idle,ttlbox,SCHED_OTHER,0,1.0000,318,0.3400
idle,ttlbox,SCHED_OTHER,0,1.0000,319,0.7997
idle,ttlbox,SCHED_OTHER,0,1.0000,320,0.1986
idle,ttlbox,SCHED_OTHER,0,1.0000,321,0.6897
idle,ttlbox,SCHED_OTHER,0,1.0000,322,0.0701
idle,ttlbox,SCHED_OTHER,0,1.0000,323,0.3889
idle,ttlbox,SCHED_OTHER,0,1.0000,324,0.8871
idle,ttlbox,SCHED_OTHER,0,1.0000,325,0.1261
idle,ttlbox,SCHED_OTHER,0,1.0000,326,0.4948
idle,ttlbox,SCHED_OTHER,0,1.0000,327,0.8230
idle,ttlbox,SCHED_OTHER,0,1.0000,328,0.3226
idle,ttlbox,SCHED_OTHER,0,1.0000,329,0.8372
idle,ttlbox,SCHED_OTHER,0,1.0000,330,0.1055
idle,ttlbox,SCHED_OTHER,0,1.0000,331,0.4083
idle,ttlbox,SCHED_OTHER,0,1.0000,332,0.8976
idle,ttlbox,SCHED_OTHER,0,1.0000,333,0.2479
idle,ttlbox,SCHED_OTHER,0,1.0000,334,0.6172
idle,ttlbox,SCHED_OTHER,0,1.0000,335,0.9653
idle,ttlbox,SCHED_OTHER,0,1.0000,336,0.4196
idle,ttlbox,SCHED_OTHER,0,1.0000,337,0.8609
idle,ttlbox,SCHED_OTHER,0,1.0000,338,0.2832
idle,ttlbox,SCHED_OTHER,0,1.0000,339,0.7579
idle,ttlbox,SCHED_OTHER,0,1.0000,340,0.0512
idle,ttlbox,SCHED_OTHER,0,1.0000,341,0.5363
idle,ttlbox,SCHED_OTHER,0,1.0000,342,1.0207
idle,ttlbox,SCHED_OTHER,0,1.0000,343,0.4925
idle,ttlbox,SCHED_OTHER,0,1.0000,344,0.8435
idle,ttlbox,SCHED_OTHER,0,1.0000,345,0.1927
idle,ttlbox,SCHED_OTHER,0,1.0000,346,0.5795
idle,ttlbox,SCHED_OTHER,0,1.0000,347,0.0627
idle,ttlbox,SCHED_OTHER,0,1.0000,348,0.4374
idle,ttlbox,SCHED_OTHER,0,1.0000,349,0.9101
idle,ttlbox,SCHED_OTHER,0,1.0000,350,0.4071
idle,ttlbox,SCHED_OTHER,0,1.0000,351,0.6822
idle,ttlbox,SCHED_OTHER,0,1.0000,352,0.1434
idle,ttlbox,SCHED_OTHER,0,1.0000,353,0.5652
idle,ttlbox,SCHED_OTHER,0,1.0000,354,0.8796
idle,ttlbox,SCHED_OTHER,0,1.0000,355,0.2482
idle,ttlbox,SCHED_OTHER,0,1.0000,356,0.6664
idle,ttlbox,SCHED_OTHER,0,1.0000,357,0.1614
idle,ttlbox,SCHED_OTHER,0,1.0000,358,0.5863
idle,ttlbox,SCHED_OTHER,0,1.0000,359,0.0626
idle,ttlbox,SCHED_OTHER,0,1.0000,360,0.3518
idle,ttlbox,SCHED_OTHER,0,1.0000,361,0.8306
idle,ttlbox,SCHED_OTHER,0,1.0000,362,0.0887
idle,ttlbox,SCHED_OTHER,0,1.0000,363,0.4686
idle,ttlbox,SCHED_OTHER,0,1.0000,364,0.7881
idle,ttlbox,SCHED_OTHER,0,1.0000,365,0.1196
idle,ttlbox,SCHED_OTHER,0,1.0000,366,0.5562
idle,ttlbox,SCHED_OTHER,0,1.0000,367,0.8241
idle,ttlbox,SCHED_OTHER,0,1.0000,368,0.3217
idle,ttlbox,SCHED_OTHER,0,1.0000,369,0.7271
idle,ttlbox,SCHED_OTHER,0,1.0000,370,0.0962
idle,ttlbox,SCHED_OTHER,0,1.0000,371,0.6403
idle,ttlbox,SCHED_OTHER,0,1.0000,372,0.1056
idle,ttlbox,SCHED_OTHER,0,1.0000,373,0.5604
idle,ttlbox,SCHED_OTHER,0,1.0000,374,0.9974
idle,ttlbox,SCHED_OTHER,0,1.0000,375,0.3591
idle,ttlbox,SCHED_OTHER,0,1.0000,376,0.6580
idle,ttlbox,SCHED_OTHER,0,1.0000,377,0.9847
idle,ttlbox,SCHED_OTHER,0,1.0000,378,0.3209
idle,ttlbox,SCHED_OTHER,0,1.0000,379,0.7629
idle,ttlbox,SCHED_OTHER,0,1.0000,380,0.0626
idle,ttlbox,SCHED_OTHER,0,1.0000,381,0.5843
idle,ttlbox,SCHED_OTHER,0,1.0000,382,0.9036
idle,ttlbox,SCHED_OTHER,0,1.0000,383,0.2295
idle,ttlbox,SCHED_OTHER,0,1.0000,384,0.5854
idle,ttlbox,SCHED_OTHER,0,1.0000,385,0.0837
idle,ttlbox,SCHED_OTHER,0,1.0000,386,0.5120
idle,ttlbox,SCHED_OTHER,0,1.0000,387,0.8739
idle,ttlbox,SCHED_OTHER,0,1.0000,388,0.2417
idle,ttlbox,SCHED_OTHER,0,1.0000,389,0.6591
idle,ttlbox,SCHED_OTHER,0,1.0000,390,0.1499
idle,ttlbox,SCHED_OTHER,0,1.0000,391,0.4459
idle,ttlbox,SCHED_OTHER,0,1.0000,392,0.8620
idle,ttlbox,SCHED_OTHER,0,1.0000,393,0.2294
idle,ttlbox,SCHED_OTHER,0,1.0000,394,0.6825
idle,ttlbox,SCHED_OTHER,0,1.0000,395,1.0277
idle,ttlbox,SCHED_OTHER,0,1.0000,396,0.4808
idle,ttlbox,SCHED_OTHER,0,1.0000,397,0.8057
idle,ttlbox,SCHED_OTHER,0,1.0000,398,0.0625
idle,ttlbox,SCHED_OTHER,0,1.0000,399,0.4503
idle,ttlbox,SCHED_OTHER,0,1.0000,400,0.8533
idle,ttlbox,SCHED_OTHER,0,1.0000,401,0.2296
idle,ttlbox,SCHED_OTHER,0,1.0000,402,0.6327
idle,ttlbox,SCHED_OTHER,0,1.0000,403,0.9222
idle,ttlbox,SCHED_OTHER,0,1.0000,404,0.2066
idle,ttlbox,SCHED_OTHER,0,1.0000,405,0.5661
idle,ttlbox,SCHED_OTHER,0,1.0000,406,0.8683
idle,ttlbox,SCHED_OTHER,0,1.0000,407,0.3823
idle,ttlbox,SCHED_OTHER,0,1.0000,408,0.8235
idle,ttlbox,SCHED_OTHER,0,1.0000,409,0.1325
idle,ttlbox,SCHED_OTHER,0,1.0000,410,0.6594
idle,ttlbox,SCHED_OTHER,0,1.0000,411,0.9234
idle,ttlbox,SCHED_OTHER,0,1.0000,412,0.1919
idle,ttlbox,SCHED_OTHER,0,1.0000,413,0.6895
idle,ttlbox,SCHED_OTHER,0,1.0000,414,0.0704
idle,ttlbox,SCHED_OTHER,0,1.0000,415,0.3894
idle,ttlbox,SCHED_OTHER,0,1.0000,416,0.8619
idle,ttlbox,SCHED_OTHER,0,1.0000,417,0.2250
idle,ttlbox,SCHED_OTHER,0,1.0000,418,0.6452
idle,ttlbox,SCHED_OTHER,0,1.0000,419,0.0141
idle,ttlbox,SCHED_OTHER,0,1.0000,420,0.3095
idle,ttlbox,SCHED_OTHER,0,1.0000,421,0.6407
idle,ttlbox,SCHED_OTHER,0,1.0000,422,0.1378
idle,ttlbox,SCHED_OTHER,0,1.0000,423,0.6328
idle,ttlbox,SCHED_OTHER,0,1.0000,424,0.1254
idle,ttlbox,SCHED_OTHER,0,1.0000,425,0.6360
idle,ttlbox,SCHED_OTHER,0,1.0000,426,0.1058
idle,ttlbox,SCHED_OTHER,0,1.0000,427,0.5548
idle,ttlbox,SCHED_OTHER,0,1.0000,428,1.0158
idle,ttlbox,SCHED_OTHER,0,1.0000,429,0.3591
idle,ttlbox,SCHED_OTHER,0,1.0000,430,0.6944
idle,ttlbox,SCHED_OTHER,0,1.0000,431,0.1851
idle,ttlbox,SCHED_OTHER,0,1.0000,432,0.4805
idle,ttlbox,SCHED_OTHER,0,1.0000,433,0.8988
idle,ttlbox,SCHED_OTHER,0,1.0000,434,0.2480
idle,ttlbox,SCHED_OTHER,0,1.0000,435,0.6469
idle,ttlbox,SCHED_OTHER,0,1.0000,436,0.0321
idle,ttlbox,SCHED_OTHER,0,1.0000,437,0.5300
idle,ttlbox,SCHED_OTHER,0,1.0000,438,0.9407
idle,ttlbox,SCHED_OTHER,0,1.0000,439,0.3637
idle,ttlbox,SCHED_OTHER,0,1.0000,440,0.8842
idle,ttlbox,SCHED_OTHER,0,1.0000,441,0.2715
idle,ttlbox,SCHED_OTHER,0,1.0000,442,0.6516
idle,ttlbox,SCHED_OTHER,0,1.0000,443,0.9712
idle,ttlbox,SCHED_OTHER,0,1.0000,444,0.4383
idle,ttlbox,SCHED_OTHER,0,1.0000,445,0.8057
idle,ttlbox,SCHED_OTHER,0,1.0000,446,0.1731
idle,ttlbox,SCHED_OTHER,0,1.0000,447,0.5731
idle,ttlbox,SCHED_OTHER,0,1.0000,448,0.9477
idle,ttlbox,SCHED_OTHER,0,1.0000,449,0.3753
idle,ttlbox,SCHED_OTHER,0,1.0000,450,0.9046
idle,ttlbox,SCHED_OTHER,0,1.0000,451,0.3324
idle,ttlbox,SCHED_OTHER,0,1.0000,452,0.6894
idle,ttlbox,SCHED_OTHER,0,1.0000,453,0.0221
idle,ttlbox,SCHED_OTHER,0,1.0000,454,0.5427
idle,ttlbox,SCHED_OTHER,0,1.0000,455,0.9786
idle,ttlbox,SCHED_OTHER,0,1.0000,456,0.2790
idle,ttlbox,SCHED_OTHER,0,1.0000,457,0.7746
idle,ttlbox,SCHED_OTHER,0,1.0000,458,0.1630
idle,ttlbox,SCHED_OTHER,0,1.0000,459,0.6211
idle,ttlbox,SCHED_OTHER,0,1.0000,460,0.0328
idle,ttlbox,SCHED_OTHER,0,1.0000,461,0.5238
idle,ttlbox,SCHED_OTHER,0,1.0000,462,0.9276
idle,ttlbox,SCHED_OTHER,0,1.0000,463,0.2484
idle,ttlbox,SCHED_OTHER,0,1.0000,464,0.6360
idle,ttlbox,SCHED_OTHER,0,1.0000,465,0.9279
idle,ttlbox,SCHED_OTHER,0,1.0000,466,0.4371
idle,ttlbox,SCHED_OTHER,0,1.0000,467,0.8371
idle,ttlbox,SCHED_OTHER,0,1.0000,468,0.1687
idle,ttlbox,SCHED_OTHER,0,1.0000,469,0.6895
idle,ttlbox,SCHED_OTHER,0,1.0000,470,0.0963
idle,ttlbox,SCHED_OTHER,0,1.0000,471,0.5653
idle,ttlbox,SCHED_OTHER,0,1.0000,472,1.0012
idle,ttlbox,SCHED_OTHER,0,1.0000,473,0.3154
idle,ttlbox,SCHED_OTHER,0,1.0000,474,0.6839
idle,ttlbox,SCHED_OTHER,0,1.0000,475,0.1688
idle,ttlbox,SCHED_OTHER,0,1.0000,476,0.6655
idle,ttlbox,SCHED_OTHER,0,1.0000,477,0.9786
idle,ttlbox,SCHED_OTHER,0,1.0000,478,0.3656
idle,ttlbox,SCHED_OTHER,0,1.0000,479,0.6222
idle,ttlbox,SCHED_OTHER,0,1.0000,480,1.0275
idle,ttlbox,SCHED_OTHER,0,1.0000,481,0.4735
idle,ttlbox,SCHED_OTHER,0,1.0000,482,0.7756
idle,ttlbox,SCHED_OTHER,0,1.0000,483,0.1809
idle,ttlbox,SCHED_OTHER,0,1.0000,484,0.5041
idle,ttlbox,SCHED_OTHER,0,1.0000,485,0.9595
idle,ttlbox,SCHED_OTHER,0,1.0000,486,0.3941
idle,ttlbox,SCHED_OTHER,0,1.0000,487,0.7646
idle,ttlbox,SCHED_OTHER,0,1.0000,488,0.1636
idle,ttlbox,SCHED_OTHER,0,1.0000,489,0.5115
idle,ttlbox,SCHED_OTHER,0,1.0000,490,0.9056
idle,ttlbox,SCHED_OTHER,0,1.0000,491,0.3047
idle,ttlbox,SCHED_OTHER,0,1.0000,492,0.6517
idle,ttlbox,SCHED_OTHER,0,1.0000,493,0.9716
idle,ttlbox,SCHED_OTHER,0,1.0000,494,0.3467
idle,ttlbox,SCHED_OTHER,0,1.0000,495,0.6478
idle,ttlbox,SCHED_OTHER,0,1.0000,496,1.0253
idle,ttlbox,SCHED_OTHER,0,1.0000,497,0.3092
idle,ttlbox,SCHED_OTHER,0,1.0000,498,0.7152
idle,ttlbox,SCHED_OTHER,0,1.0000,499,0.0840
idle,ttlbox,SCHED_OTHER,0,1.0000,500,0.5530
idle,ttlbox,SCHED_OTHER,0,1.0000,501,0.9899
idle,ttlbox,SCHED_OTHER,0,1.0000,502,0.3968
idle,ttlbox,SCHED_OTHER,0,1.0000,503,0.7813
idle,ttlbox,SCHED_OTHER,0,1.0000,504,0.1260
idle,ttlbox,SCHED_OTHER,0,1.0000,505,0.4553
idle,ttlbox,SCHED_OTHER,0,1.0000,506,0.8548
idle,ttlbox,SCHED_OTHER,0,1.0000,507,0.3169
idle,ttlbox,SCHED_OTHER,0,1.0000,508,0.7201
idle,ttlbox,SCHED_OTHER,0,1.0000,509,0.1857
idle,ttlbox,SCHED_OTHER,0,1.0000,510,0.5837
idle,ttlbox,SCHED_OTHER,0,1.0000,511,1.0329
idle,ttlbox,SCHED_OTHER,0,1.0000,512,0.4273
idle,ttlbox,SCHED_OTHER,0,1.0000,513,0.8048
idle,ttlbox,SCHED_OTHER,0,1.0000,514,0.1804
idle,ttlbox,SCHED_OTHER,0,1.0000,515,0.5530
idle,ttlbox,SCHED_OTHER,0,1.0000,516,0.9593
idle,ttlbox,SCHED_OTHER,0,1.0000,517,0.4152
idle,ttlbox,SCHED_OTHER,0,1.0000,518,0.8481
idle,ttlbox,SCHED_OTHER,0,1.0000,519,0.1805
idle,ttlbox,SCHED_OTHER,0,1.0000,520,0.6707
idle,ttlbox,SCHED_OTHER,0,1.0000,521,0.9718
idle,ttlbox,SCHED_OTHER,0,1.0000,522,0.3400
idle,ttlbox,SCHED_OTHER,0,1.0000,523,0.8115
idle,ttlbox,SCHED_OTHER,0,1.0000,524,0.0892
idle,ttlbox,SCHED_OTHER,0,1.0000,525,0.3710
idle,ttlbox,SCHED_OTHER,0,1.0000,526,0.8988
idle,ttlbox,SCHED_OTHER,0,1.0000,527,0.3703
idle,ttlbox,SCHED_OTHER,0,1.0000,528,0.6783
idle,ttlbox,SCHED_OTHER,0,1.0000,529,0.0470
idle,ttlbox,SCHED_OTHER,0,1.0000,530,0.3580
idle,ttlbox,SCHED_OTHER,0,1.0000,531,0.7506
idle,ttlbox,SCHED_OTHER,0,1.0000,532,1.0074
idle,ttlbox,SCHED_OTHER,0,1.0000,533,0.3227
idle,ttlbox,SCHED_OTHER,0,1.0000,534,0.6594
idle,ttlbox,SCHED_OTHER,0,1.0000,535,0.1065
idle,ttlbox,SCHED_OTHER,0,1.0000,536,0.5986
idle,ttlbox,SCHED_OTHER,0,1.0000,537,0.9782
idle,ttlbox,SCHED_OTHER,0,1.0000,538,0.3090
idle,ttlbox,SCHED_OTHER,0,1.0000,539,0.7582
idle,ttlbox,SCHED_OTHER,0,1.0000,540,0.1196
idle,ttlbox,SCHED_OTHER,0,1.0000,541,0.6404
idle,ttlbox,SCHED_OTHER,0,1.0000,542,0.1433
idle,ttlbox,SCHED_OTHER,0,1.0000,543,0.5475
idle,ttlbox,SCHED_OTHER,0,1.0000,544,0.9362
idle,ttlbox,SCHED_OTHER,0,1.0000,545,0.2107
idle,ttlbox,SCHED_OTHER,0,1.0000,546,0.5968
idle,ttlbox,SCHED_OTHER,0,1.0000,547,1.0254
idle,ttlbox,SCHED_OTHER,0,1.0000,548,0.3817
idle,ttlbox,SCHED_OTHER,0,1.0000,549,0.7149
idle,ttlbox,SCHED_OTHER,0,1.0000,550,0.1803
idle,ttlbox,SCHED_OTHER,0,1.0000,551,0.6173
idle,ttlbox,SCHED_OTHER,0,1.0000,552,0.9596
idle,ttlbox,SCHED_OTHER,0,1.0000,553,0.2484
idle,ttlbox,SCHED_OTHER,0,1.0000,554,0.6227
idle,ttlbox,SCHED_OTHER,0,1.0000,555,0.0349
idle,ttlbox,SCHED_OTHER,0,1.0000,556,0.3892
idle,ttlbox,SCHED_OTHER,0,1.0000,557,0.7017
idle,ttlbox,SCHED_OTHER,0,1.0000,558,0.1685
idle,ttlbox,SCHED_OTHER,0,1.0000,559,0.5608
idle,ttlbox,SCHED_OTHER,0,1.0000,560,0.9595
idle,ttlbox,SCHED_OTHER,0,1.0000,561,0.3216
idle,ttlbox,SCHED_OTHER,0,1.0000,562,0.6269
idle,ttlbox,SCHED_OTHER,0,1.0000,563,0.0701
idle,ttlbox,SCHED_OTHER,0,1.0000,564,0.5246
idle,ttlbox,SCHED_OTHER,0,1.0000,565,0.9239
idle,ttlbox,SCHED_OTHER,0,1.0000,566,0.2864
idle,ttlbox,SCHED_OTHER,0,1.0000,567,0.7203
idle,ttlbox,SCHED_OTHER,0,1.0000,568,0.1755
idle,ttlbox,SCHED_OTHER,0,1.0000,569,0.5040
idle,ttlbox,SCHED_OTHER,0,1.0000,570,0.9899
idle,ttlbox,SCHED_OTHER,0,1.0000,571,0.4318
idle,ttlbox,SCHED_OTHER,0,1.0000,572,0.8182
idle,ttlbox,SCHED_OTHER,0,1.0000,573,0.1636
idle,ttlbox,SCHED_OTHER,0,1.0000,574,0.5868
idle,ttlbox,SCHED_OTHER,0,1.0000,575,0.9721
idle,ttlbox,SCHED_OTHER,0,1.0000,576,0.4574
idle,ttlbox,SCHED_OTHER,0,1.0000,577,0.8725
idle,ttlbox,SCHED_OTHER,0,1.0000,578,0.2731
idle,ttlbox,SCHED_OTHER,0,1.0000,579,0.6590
idle,ttlbox,SCHED_OTHER,0,1.0000,580,0.0758
idle,ttlbox,SCHED_OTHER,0,1.0000,581,0.1498
idle,ttlbox,SCHED_OTHER,0,1.0000,582,0.6402
idle,ttlbox,SCHED_OTHER,0,1.0000,583,0.1237
idle,ttlbox,SCHED_OTHER,0,1.0000,584,0.5741
idle,ttlbox,SCHED_OTHER,0,1.0000,585,0.9655
idle,ttlbox,SCHED_OTHER,0,1.0000,586,0.4200
idle,ttlbox,SCHED_OTHER,0,1.0000,587,0.8184
idle,ttlbox,SCHED_OTHER,0,1.0000,588,0.1806
idle,ttlbox,SCHED_OTHER,0,1.0000,589,0.6779
idle,ttlbox,SCHED_OTHER,0,1.0000,590,0.0267
idle,ttlbox,SCHED_OTHER,0,1.0000,591,0.2905
idle,ttlbox,SCHED_OTHER,0,1.0000,592,0.7155
idle,ttlbox,SCHED_OTHER,0,1.0000,593,0.0776
idle,ttlbox,SCHED_OTHER,0,1.0000,594,0.4059
idle,ttlbox,SCHED_OTHER,0,1.0000,595,0.9169
idle,ttlbox,SCHED_OTHER,0,1.0000,596,0.3160
idle,ttlbox,SCHED_OTHER,0,1.0000,597,0.7028
idle,ttlbox,SCHED_OTHER,0,1.0000,598,0.0643
idle,ttlbox,SCHED_OTHER,0,1.0000,599,0.5914
idle,ttlbox,SCHED_OTHER,0,1.0000,600,0.9899
idle,ttlbox,SCHED_OTHER,0,1.0000,601,0.3705
idle,ttlbox,SCHED_OTHER,0,1.0000,602,0.7767
idle,ttlbox,SCHED_OTHER,0,1.0000,603,0.2673
idle,ttlbox,SCHED_OTHER,0,1.0000,604,0.7201
idle,ttlbox,SCHED_OTHER,0,1.0000,605,0.0324
idle,ttlbox,SCHED_OTHER,0,1.0000,606,0.5477
idle,ttlbox,SCHED_OTHER,0,1.0000,607,0.8550
idle,ttlbox,SCHED_OTHER,0,1.0000,608,0.3267
idle,ttlbox,SCHED_OTHER,0,1.0000,609,0.6845
idle,ttlbox,SCHED_OTHER,0,1.0000,610,1.0204
idle,ttlbox,SCHED_OTHER,0,1.0000,611,0.5040
idle,ttlbox,SCHED_OTHER,0,1.0000,612,0.7999
idle,ttlbox,SCHED_OTHER,0,1.0000,613,0.1616
idle,ttlbox,SCHED_OTHER,0,1.0000,614,0.5795
idle,ttlbox,SCHED_OTHER,0,1.0000,615,0.9467
idle,ttlbox,SCHED_OTHER,0,1.0000,616,0.3095
idle,ttlbox,SCHED_OTHER,0,1.0000,617,0.6279
idle,ttlbox,SCHED_OTHER,0,1.0000,618,0.1004
idle,ttlbox,SCHED_OTHER,0,1.0000,619,0.5245
idle,ttlbox,SCHED_OTHER,0,1.0000,620,0.8232
idle,ttlbox,SCHED_OTHER,0,1.0000,621,0.3094
idle,ttlbox,SCHED_OTHER,0,1.0000,622,0.7273
idle,ttlbox,SCHED_OTHER,0,1.0000,623,0.1077
idle,ttlbox,SCHED_OTHER,0,1.0000,624,0.6172
idle,ttlbox,SCHED_OTHER,0,1.0000,625,0.8985
idle,ttlbox,SCHED_OTHER,0,1.0000,626,0.3324
idle,ttlbox,SCHED_OTHER,0,1.0000,627,0.7886
idle,ttlbox,SCHED_OTHER,0,1.0000,628,0.1689
idle,ttlbox,SCHED_OTHER,0,1.0000,629,0.6586
idle,ttlbox,SCHED_OTHER,0,1.0000,630,0.9899
idle,ttlbox,SCHED_OTHER,0,1.0000,631,0.2417
idle,ttlbox,SCHED_OTHER,0,1.0000,632,0.6226
idle,ttlbox,SCHED_OTHER,0,1.0000,633,0.0567
idle,ttlbox,SCHED_OTHER,0,1.0000,634,0.4615
idle,ttlbox,SCHED_OTHER,0,1.0000,635,0.9359
idle,ttlbox,SCHED_OTHER,0,1.0000,636,0.2411
idle,ttlbox,SCHED_OTHER,0,1.0000,637,0.5563
idle,ttlbox,SCHED_OTHER,0,1.0000,638,0.9177
idle,ttlbox,SCHED_OTHER,0,1.0000,639,0.2341
idle,ttlbox,SCHED_OTHER,0,1.0000,640,0.6452
idle,ttlbox,SCHED_OTHER,0,1.0000,641,0.9541
idle,ttlbox,SCHED_OTHER,0,1.0000,642,0.2343
idle,ttlbox,SCHED_OTHER,0,1.0000,643,0.6897
idle,ttlbox,SCHED_OTHER,0,1.0000,644,0.1544
idle,ttlbox,SCHED_OTHER,0,1.0000,645,0.4812
idle,ttlbox,SCHED_OTHER,0,1.0000,646,0.8726
idle,ttlbox,SCHED_OTHER,0,1.0000,647,0.2603
idle,ttlbox,SCHED_OTHER,0,1.0000,648,0.6479
idle,ttlbox,SCHED_OTHER,0,1.0000,649,0.1499
idle,ttlbox,SCHED_OTHER,0,1.0000,650,0.5605
idle,ttlbox,SCHED_OTHER,0,1.0000,651,0.8259
idle,ttlbox,SCHED_OTHER,0,1.0000,652,0.2296
idle,ttlbox,SCHED_OTHER,0,1.0000,653,0.6174
idle,ttlbox,SCHED_OTHER,0,1.0000,654,0.9405
idle,ttlbox,SCHED_OTHER,0,1.0000,655,0.2605
idle,ttlbox,SCHED_OTHER,0,1.0000,656,0.6540
idle,ttlbox,SCHED_OTHER,0,1.0000,657,0.9334
idle,ttlbox,SCHED_OTHER,0,1.0000,658,0.3142
idle,ttlbox,SCHED_OTHER,0,1.0000,659,0.8180
idle,ttlbox,SCHED_OTHER,0,1.0000,660,0.0820
idle,ttlbox,SCHED_OTHER,0,1.0000,661,0.6038
idle,ttlbox,SCHED_OTHER,0,1.0000,662,0.8843
idle,ttlbox,SCHED_OTHER,0,1.0000,663,0.2527
idle,ttlbox,SCHED_OTHER,0,1.0000,664,0.5561
idle,ttlbox,SCHED_OTHER,0,1.0000,665,0.8308
idle,ttlbox,SCHED_OTHER,0,1.0000,666,0.3170
idle,ttlbox,SCHED_OTHER,0,1.0000,667,0.6143
idle,ttlbox,SCHED_OTHER,0,1.0000,668,0.8858
idle,ttlbox,SCHED_OTHER,0,1.0000,669,0.2475
idle,ttlbox,SCHED_OTHER,0,1.0000,670,0.6449
idle,ttlbox,SCHED_OTHER,0,1.0000,671,0.9173
idle,ttlbox,SCHED_OTHER,0,1.0000,672,0.2036
idle,ttlbox,SCHED_OTHER,0,1.0000,673,0.5742
idle,ttlbox,SCHED_OTHER,0,1.0000,674,0.9775
idle,ttlbox,SCHED_OTHER,0,1.0000,675,0.4124
idle,ttlbox,SCHED_OTHER,0,1.0000,676,0.8871
idle,ttlbox,SCHED_OTHER,0,1.0000,677,0.2362
idle,ttlbox,SCHED_OTHER,0,1.0000,678,0.5356
idle,ttlbox,SCHED_OTHER,0,1.0000,679,0.8684
idle,ttlbox,SCHED_OTHER,0,1.0000,680,0.1444
idle,ttlbox,SCHED_OTHER,0,1.0000,681,0.5653
idle,ttlbox,SCHED_OTHER,0,1.0000,682,0.8797
idle,ttlbox,SCHED_OTHER,0,1.0000,683,0.3948
idle,ttlbox,SCHED_OTHER,0,1.0000,684,0.7319
idle,ttlbox,SCHED_OTHER,0,1.0000,685,1.0254
idle,ttlbox,SCHED_OTHER,0,1.0000,686,0.5347
idle,ttlbox,SCHED_OTHER,0,1.0000,687,0.9788
idle,ttlbox,SCHED_OTHER,0,1.0000,688,0.3138
idle,ttlbox,SCHED_OTHER,0,1.0000,689,0.7998
idle,ttlbox,SCHED_OTHER,0,1.0000,690,0.2237
idle,ttlbox,SCHED_OTHER,0,1.0000,691,0.6142
idle,ttlbox,SCHED_OTHER,0,1.0000,692,0.0148
idle,ttlbox,SCHED_OTHER,0,1.0000,693,0.3170
idle,ttlbox,SCHED_OTHER,0,1.0000,694,0.6780
idle,ttlbox,SCHED_OTHER,0,1.0000,695,0.1681
idle,ttlbox,SCHED_OTHER,0,1.0000,696,0.4436
idle,ttlbox,SCHED_OTHER,0,1.0000,697,0.9103
idle,ttlbox,SCHED_OTHER,0,1.0000,698,0.3513
idle,ttlbox,SCHED_OTHER,0,1.0000,699,0.7201
idle,ttlbox,SCHED_OTHER,0,1.0000,700,0.2295
idle,ttlbox,SCHED_OTHER,0,1.0000,701,0.5110
idle,ttlbox,SCHED_OTHER,0,1.0000,702,0.8072
idle,ttlbox,SCHED_OTHER,0,1.0000,703,0.3025
idle,ttlbox,SCHED_OTHER,0,1.0000,704,0.7880
idle,ttlbox,SCHED_OTHER,0,1.0000,705,0.0814
idle,ttlbox,SCHED_OTHER,0,1.0000,706,0.5068
idle,ttlbox,SCHED_OTHER,0,1.0000,707,0.9225
idle,ttlbox,SCHED_OTHER,0,1.0000,708,0.2858
idle,ttlbox,SCHED_OTHER,0,1.0000,709,0.6706
idle,ttlbox,SCHED_OTHER,0,1.0000,710,0.9364
idle,ttlbox,SCHED_OTHER,0,1.0000,711,0.4389
idle,ttlbox,SCHED_OTHER,0,1.0000,712,0.7927
idle,ttlbox,SCHED_OTHER,0,1.0000,713,0.2109
idle,ttlbox,SCHED_OTHER,0,1.0000,714,0.6099
idle,ttlbox,SCHED_OTHER,0,1.0000,715,0.1009
idle,ttlbox,SCHED_OTHER,0,1.0000,716,0.6097
idle,ttlbox,SCHED_OTHER,0,1.0000,717,0.0773
idle,ttlbox,SCHED_OTHER,0,1.0000,718,0.4125
idle,ttlbox,SCHED_OTHER,0,1.0000,719,0.7581
idle,ttlbox,SCHED_OTHER,0,1.0000,720,0.0815
idle,ttlbox,SCHED_OTHER,0,1.0000,721,0.4194
idle,ttlbox,SCHED_OTHER,0,1.0000,722,0.8127
idle,ttlbox,SCHED_OTHER,0,1.0000,723,0.1194
idle,ttlbox,SCHED_OTHER,0,1.0000,724,0.4877
idle,ttlbox,SCHED_OTHER,0,1.0000,725,0.9765
idle,ttlbox,SCHED_OTHER,0,1.0000,726,0.3757
idle,ttlbox,SCHED_OTHER,0,1.0000,727,0.8112
idle,ttlbox,SCHED_OTHER,0,1.0000,728,0.1732
idle,ttlbox,SCHED_OTHER,0,1.0000,729,0.6894
idle,ttlbox,SCHED_OTHER,0,1.0000,730,0.1620
idle,ttlbox,SCHED_OTHER,0,1.0000,731,0.6336
idle,ttlbox,SCHED_OTHER,0,1.0000,732,0.9147
idle,ttlbox,SCHED_OTHER,0,1.0000,733,0.2906
idle,ttlbox,SCHED_OTHER,0,1.0000,734,0.6946
idle,ttlbox,SCHED_OTHER,0,1.0000,735,0.0765
idle,ttlbox,SCHED_OTHER,0,1.0000,736,0.3472
idle,ttlbox,SCHED_OTHER,0,1.0000,737,0.7688
idle,ttlbox,SCHED_OTHER,0,1.0000,738,0.1270
idle,ttlbox,SCHED_OTHER,0,1.0000,739,0.3958
idle,ttlbox,SCHED_OTHER,0,1.0000,740,0.8069
idle,ttlbox,SCHED_OTHER,0,1.0000,741,0.1568
idle,ttlbox,SCHED_OTHER,0,1.0000,742,0.5784
idle,ttlbox,SCHED_OTHER,0,1.0000,743,0.8721
idle,ttlbox,SCHED_OTHER,0,1.0000,744,0.1761
idle,ttlbox,SCHED_OTHER,0,1.0000,745,0.6642
idle,ttlbox,SCHED_OTHER,0,1.0000,746,1.0258
idle,ttlbox,SCHED_OTHER,0,1.0000,747,0.4007
idle,ttlbox,SCHED_OTHER,0,1.0000,748,0.8564
idle,ttlbox,SCHED_OTHER,0,1.0000,749,0.1429
idle,ttlbox,SCHED_OTHER,0,1.0000,750,0.4314
idle,ttlbox,SCHED_OTHER,0,1.0000,751,0.8227
idle,ttlbox,SCHED_OTHER,0,1.0000,752,0.1805
idle,ttlbox,SCHED_OTHER,0,1.0000,753,0.5254
idle,ttlbox,SCHED_OTHER,0,1.0000,754,1.0138
idle,ttlbox,SCHED_OTHER,0,1.0000,755,0.5172
idle,ttlbox,SCHED_OTHER,0,1.0000,756,0.8442
idle,ttlbox,SCHED_OTHER,0,1.0000,757,0.1990
idle,ttlbox,SCHED_OTHER,0,1.0000,758,0.6097
idle,ttlbox,SCHED_OTHER,0,1.0000,759,0.9215
idle,ttlbox,SCHED_OTHER,0,1.0000,760,0.2467
idle,ttlbox,SCHED_OTHER,0,1.0000,761,0.7646
idle,ttlbox,SCHED_OTHER,0,1.0000,762,0.0582
idle,ttlbox,SCHED_OTHER,0,1.0000,763,0.5301
idle,ttlbox,SCHED_OTHER,0,1.0000,764,0.8243
idle,ttlbox,SCHED_OTHER,0,1.0000,765,0.2413
idle,ttlbox,SCHED_OTHER,0,1.0000,766,0.5609
idle,ttlbox,SCHED_OTHER,0,1.0000,767,1.0017
idle,ttlbox,SCHED_OTHER,0,1.0000,768,0.2716
idle,ttlbox,SCHED_OTHER,0,1.0000,769,0.6970
idle,ttlbox,SCHED_OTHER,0,1.0000,770,0.0651
idle,ttlbox,SCHED_OTHER,0,1.0000,771,0.5473
idle,ttlbox,SCHED_OTHER,0,1.0000,772,0.5745
idle,ttlbox,SCHED_OTHER,0,1.0000,773,0.9723
idle,ttlbox,SCHED_OTHER,0,1.0000,774,0.3888
idle,ttlbox,SCHED_OTHER,0,1.0000,775,0.6707
idle,ttlbox,SCHED_OTHER,0,1.0000,776,1.0395
idle,ttlbox,SCHED_OTHER,0,1.0000,777,0.5360
idle,ttlbox,SCHED_OTHER,0,1.0000,778,0.9637
idle,ttlbox,SCHED_OTHER,0,1.0000,779,0.2108
idle,ttlbox,SCHED_OTHER,0,1.0000,780,0.7143
idle,ttlbox,SCHED_OTHER,0,1.0000,781,0.0394
idle,ttlbox,SCHED_OTHER,0,1.0000,782,0.5300
idle,ttlbox,SCHED_OTHER,0,1.0000,783,0.9216
idle,ttlbox,SCHED_OTHER,0,1.0000,784,0.2605
idle,ttlbox,SCHED_OTHER,0,1.0000,785,0.6822
idle,ttlbox,SCHED_OTHER,0,1.0000,786,0.0701
idle,ttlbox,SCHED_OTHER,0,1.0000,787,0.4195
idle,ttlbox,SCHED_OTHER,0,1.0000,788,0.7126
idle,ttlbox,SCHED_OTHER,0,1.0000,789,0.2228
idle,ttlbox,SCHED_OTHER,0,1.0000,790,0.5187
idle,ttlbox,SCHED_OTHER,0,1.0000,791,0.9590
idle,ttlbox,SCHED_OTHER,0,1.0000,792,0.2844
idle,ttlbox,SCHED_OTHER,0,1.0000,793,0.5562
idle,ttlbox,SCHED_OTHER,0,1.0000,794,0.0512
idle,ttlbox,SCHED_OTHER,0,1.0000,795,0.4624
idle,ttlbox,SCHED_OTHER,0,1.0000,796,0.9639
idle,ttlbox,SCHED_OTHER,0,1.0000,797,0.4271
idle,ttlbox,SCHED_OTHER,0,1.0000,798,0.8612
idle,ttlbox,SCHED_OTHER,0,1.0000,799,0.2969
idle,ttlbox,SCHED_OTHER,0,1.0000,800,0.7998
idle,ttlbox,SCHED_OTHER,0,1.0000,801,0.0815
idle,ttlbox,SCHED_OTHER,0,1.0000,802,0.4427
idle,ttlbox,SCHED_OTHER,0,1.0000,803,0.9668
idle,ttlbox,SCHED_OTHER,0,1.0000,804,0.3706
idle,ttlbox,SCHED_OTHER,0,1.0000,805,0.8795
idle,ttlbox,SCHED_OTHER,0,1.0000,806,0.2234
idle,ttlbox,SCHED_OTHER,0,1.0000,807,0.4872
idle,ttlbox,SCHED_OTHER,0,1.0000,808,0.8972
idle,ttlbox,SCHED_OTHER,0,1.0000,809,0.2556
idle,ttlbox,SCHED_OTHER,0,1.0000,810,0.7128
idle,ttlbox,SCHED_OTHER,0,1.0000,811,0.0820
idle,ttlbox,SCHED_OTHER,0,1.0000,812,0.3513
idle,ttlbox,SCHED_OTHER,0,1.0000,813,0.6353
idle,ttlbox,SCHED_OTHER,0,1.0000,814,0.9287
idle,ttlbox,SCHED_OTHER,0,1.0000,815,0.2860
idle,ttlbox,SCHED_OTHER,0,1.0000,816,0.6665
idle,ttlbox,SCHED_OTHER,0,1.0000,817,0.0833
idle,ttlbox,SCHED_OTHER,0,1.0000,818,0.4552
idle,ttlbox,SCHED_OTHER,0,1.0000,819,0.7879
idle,ttlbox,SCHED_OTHER,0,1.0000,820,0.1877
idle,ttlbox,SCHED_OTHER,0,1.0000,821,0.5181
idle,ttlbox,SCHED_OTHER,0,1.0000,822,0.7998
idle,ttlbox,SCHED_OTHER,0,1.0000,823,0.1007
idle,ttlbox,SCHED_OTHER,0,1.0000,824,0.5347
idle,ttlbox,SCHED_OTHER,0,1.0000,825,0.8488
idle,ttlbox,SCHED_OTHER,0,1.0000,826,0.1310
idle,ttlbox,SCHED_OTHER,0,1.0000,827,0.6408
idle,ttlbox,SCHED_OTHER,0,1.0000,828,0.0889
idle,ttlbox,SCHED_OTHER,0,1.0000,829,0.4021
idle,ttlbox,SCHED_OTHER,0,1.0000,830,0.8987
idle,ttlbox,SCHED_OTHER,0,1.0000,831,0.1675
idle,ttlbox,SCHED_OTHER,0,1.0000,832,0.5613
idle,ttlbox,SCHED_OTHER,0,1.0000,833,0.9771
idle,ttlbox,SCHED_OTHER,0,1.0000,834,0.4808
idle,ttlbox,SCHED_OTHER,0,1.0000,835,0.7923
idle,ttlbox,SCHED_OTHER,0,1.0000,836,0.2602
idle,ttlbox,SCHED_OTHER,0,1.0000,837,0.7201
idle,ttlbox,SCHED_OTHER,0,1.0000,838,0.1574
idle,ttlbox,SCHED_OTHER,0,1.0000,839,0.5300
idle,ttlbox,SCHED_OTHER,0,1.0000,840,0.8379
idle,ttlbox,SCHED_OTHER,0,1.0000,841,0.3095
idle,ttlbox,SCHED_OTHER,0,1.0000,842,0.7010
idle,ttlbox,SCHED_OTHER,0,1.0000,843,0.0219
idle,ttlbox,SCHED_OTHER,0,1.0000,844,0.4882
idle,ttlbox,SCHED_OTHER,0,1.0000,845,0.8675
idle,ttlbox,SCHED_OTHER,0,1.0000,846,0.1386
idle,ttlbox,SCHED_OTHER,0,1.0000,847,0.5547
idle,ttlbox,SCHED_OTHER,0,1.0000,848,0.9364
idle,ttlbox,SCHED_OTHER,0,1.0000,849,0.3456
idle,ttlbox,SCHED_OTHER,0,1.0000,850,0.8372
idle,ttlbox,SCHED_OTHER,0,1.0000,851,0.1145
idle,ttlbox,SCHED_OTHER,0,1.0000,852,0.5242
idle,ttlbox,SCHED_OTHER,0,1.0000,853,0.9276
idle,ttlbox,SCHED_OTHER,0,1.0000,854,0.4329
idle,ttlbox,SCHED_OTHER,0,1.0000,855,0.8305
idle,ttlbox,SCHED_OTHER,0,1.0000,856,0.1941
idle,ttlbox,SCHED_OTHER,0,1.0000,857,0.5984
idle,ttlbox,SCHED_OTHER,0,1.0000,858,0.9663
idle,ttlbox,SCHED_OTHER,0,1.0000,859,0.2785
idle,ttlbox,SCHED_OTHER,0,1.0000,860,0.6340
idle,ttlbox,SCHED_OTHER,0,1.0000,861,0.9339
idle,ttlbox,SCHED_OTHER,0,1.0000,862,0.4021
idle,ttlbox,SCHED_OTHER,0,1.0000,863,0.8606
idle,ttlbox,SCHED_OTHER,0,1.0000,864,0.1981
idle,ttlbox,SCHED_OTHER,0,1.0000,865,0.7083
idle,ttlbox,SCHED_OTHER,0,1.0000,866,1.0128
idle,ttlbox,SCHED_OTHER,0,1.0000,867,0.3890
idle,ttlbox,SCHED_OTHER,0,1.0000,868,0.6784
idle,ttlbox,SCHED_OTHER,0,1.0000,869,0.0398
idle,ttlbox,SCHED_OTHER,0,1.0000,870,0.4574
idle,ttlbox,SCHED_OTHER,0,1.0000,871,0.7326
idle,ttlbox,SCHED_OTHER,0,1.0000,872,0.1916
idle,ttlbox,SCHED_OTHER,0,1.0000,873,0.5910
idle,ttlbox,SCHED_OTHER,0,1.0000,874,0.9453
idle,ttlbox,SCHED_OTHER,0,1.0000,875,0.4017
idle,ttlbox,SCHED_OTHER,0,1.0000,876,0.9217
idle,ttlbox,SCHED_OTHER,0,1.0000,877,0.1803
idle,ttlbox,SCHED_OTHER,0,1.0000,878,0.5413
idle,ttlbox,SCHED_OTHER,0,1.0000,879,0.8613
idle,ttlbox,SCHED_OTHER,0,1.0000,880,0.3400
idle,ttlbox,SCHED_OTHER,0,1.0000,881,0.7391
idle,ttlbox,SCHED_OTHER,0,1.0000,882,0.1685
idle,ttlbox,SCHED_OTHER,0,1.0000,883,0.6897
idle,ttlbox,SCHED_OTHER,0,1.0000,884,0.0278
idle,ttlbox,SCHED_OTHER,0,1.0000,885,0.4502
idle,ttlbox,SCHED_OTHER,0,1.0000,886,0.8379
idle,ttlbox,SCHED_OTHER,0,1.0000,887,0.2372
idle,ttlbox,SCHED_OTHER,0,1.0000,888,0.5166
idle,ttlbox,SCHED_OTHER,0,1.0000,889,1.0205
idle,ttlbox,SCHED_OTHER,0,1.0000,890,0.4679
idle,ttlbox,SCHED_OTHER,0,1.0000,891,0.8442
idle,ttlbox,SCHED_OTHER,0,1.0000,892,0.1880
idle,ttlbox,SCHED_OTHER,0,1.0000,893,0.6955
idle,ttlbox,SCHED_OTHER,0,1.0000,894,0.0755
idle,ttlbox,SCHED_OTHER,0,1.0000,895,0.4503
idle,ttlbox,SCHED_OTHER,0,1.0000,896,0.7391
idle,ttlbox,SCHED_OTHER,0,1.0000,897,0.1196
idle,ttlbox,SCHED_OTHER,0,1.0000,898,0.5654
idle,ttlbox,SCHED_OTHER,0,1.0000,899,0.0333
idle,ttlbox,SCHED_OTHER,0,1.0000,900,0.3822
idle,ttlbox,SCHED_OTHER,0,1.0000,901,0.7157
idle,ttlbox,SCHED_OTHER,0,1.0000,902,0.0653
idle,ttlbox,SCHED_OTHER,0,1.0000,903,0.4878
idle,ttlbox,SCHED_OTHER,0,1.0000,904,0.9947
idle,ttlbox,SCHED_OTHER,0,1.0000,905,0.4505
idle,ttlbox,SCHED_OTHER,0,1.0000,906,0.8975
idle,ttlbox,SCHED_OTHER,0,1.0000,907,0.1565
idle,ttlbox,SCHED_OTHER,0,1.0000,908,0.6776
idle,ttlbox,SCHED_OTHER,0,1.0000,909,0.1737
idle,ttlbox,SCHED_OTHER,0,1.0000,910,0.5740
idle,ttlbox,SCHED_OTHER,0,1.0000,911,0.9945
idle,ttlbox,SCHED_OTHER,0,1.0000,912,0.4876
idle,ttlbox,SCHED_OTHER,0,1.0000,913,0.7692
idle,ttlbox,SCHED_OTHER,0,1.0000,914,0.0658
idle,ttlbox,SCHED_OTHER,0,1.0000,915,0.2908
idle,ttlbox,SCHED_OTHER,0,1.0000,916,0.6972
idle,ttlbox,SCHED_OTHER,0,1.0000,917,0.1994
idle,ttlbox,SCHED_OTHER,0,1.0000,918,0.5118
idle,ttlbox,SCHED_OTHER,0,1.0000,919,0.8417
idle,ttlbox,SCHED_OTHER,0,1.0000,920,0.2483
idle,ttlbox,SCHED_OTHER,0,1.0000,921,0.7128
idle,ttlbox,SCHED_OTHER,0,1.0000,922,0.0644
idle,ttlbox,SCHED_OTHER,0,1.0000,923,0.4506
idle,ttlbox,SCHED_OTHER,0,1.0000,924,0.9407
idle,ttlbox,SCHED_OTHER,0,1.0000,925,0.3400
idle,ttlbox,SCHED_OTHER,0,1.0000,926,0.6269
idle,ttlbox,SCHED_OTHER,0,1.0000,927,1.0209
idle,ttlbox,SCHED_OTHER,0,1.0000,928,0.3019
idle,ttlbox,SCHED_OTHER,0,1.0000,929,0.6463
idle,ttlbox,SCHED_OTHER,0,1.0000,930,0.1452
idle,ttlbox,SCHED_OTHER,0,1.0000,931,0.5738
idle,ttlbox,SCHED_OTHER,0,1.0000,932,0.9409
idle,ttlbox,SCHED_OTHER,0,1.0000,933,0.3090
idle,ttlbox,SCHED_OTHER,0,1.0000,934,0.4617
idle,ttlbox,SCHED_OTHER,0,1.0000,935,0.8855
idle,ttlbox,SCHED_OTHER,0,1.0000,936,0.1671
idle,ttlbox,SCHED_OTHER,0,1.0000,937,0.6783
idle,ttlbox,SCHED_OTHER,0,1.0000,938,0.8535
idle,ttlbox,SCHED_OTHER,0,1.0000,939,0.1983
idle,ttlbox,SCHED_OTHER,0,1.0000,940,0.7274
idle,ttlbox,SCHED_OTHER,0,1.0000,941,0.1013
idle,ttlbox,SCHED_OTHER,0,1.0000,942,0.6099
idle,ttlbox,SCHED_OTHER,0,1.0000,943,0.9638
idle,ttlbox,SCHED_OTHER,0,1.0000,944,0.3638
idle,ttlbox,SCHED_OTHER,0,1.0000,945,0.8185
idle,ttlbox,SCHED_OTHER,0,1.0000,946,0.1879
idle,ttlbox,SCHED_OTHER,0,1.0000,947,0.5868
idle,ttlbox,SCHED_OTHER,0,1.0000,948,0.8658
idle,ttlbox,SCHED_OTHER,0,1.0000,949,0.1984
idle,ttlbox,SCHED_OTHER,0,1.0000,950,0.7088
idle,ttlbox,SCHED_OTHER,0,1.0000,951,0.1082
idle,ttlbox,SCHED_OTHER,0,1.0000,952,0.5300
idle,ttlbox,SCHED_OTHER,0,1.0000,953,0.9101
idle,ttlbox,SCHED_OTHER,0,1.0000,954,0.2342
idle,ttlbox,SCHED_OTHER,0,1.0000,955,0.6467
idle,ttlbox,SCHED_OTHER,0,1.0000,956,0.1193
idle,ttlbox,SCHED_OTHER,0,1.0000,957,0.4990
idle,ttlbox,SCHED_OTHER,0,1.0000,958,0.9331
idle,ttlbox,SCHED_OTHER,0,1.0000,959,0.2297
idle,ttlbox,SCHED_OTHER,0,1.0000,960,0.6289
idle,ttlbox,SCHED_OTHER,0,1.0000,961,0.1262
idle,ttlbox,SCHED_OTHER,0,1.0000,962,0.5792
idle,ttlbox,SCHED_OTHER,0,1.0000,963,0.8484
idle,ttlbox,SCHED_OTHER,0,1.0000,964,0.2419
idle,ttlbox,SCHED_OTHER,0,1.0000,965,0.6270
idle,ttlbox,SCHED_OTHER,0,1.0000,966,0.0776
idle,ttlbox,SCHED_OTHER,0,1.0000,967,0.3886
idle,ttlbox,SCHED_OTHER,0,1.0000,968,0.8873
idle,ttlbox,SCHED_OTHER,0,1.0000,969,0.3164
idle,ttlbox,SCHED_OTHER,0,1.0000,970,0.7620
idle,ttlbox,SCHED_OTHER,0,1.0000,971,0.1011
idle,ttlbox,SCHED_OTHER,0,1.0000,972,0.3817
idle,ttlbox,SCHED_OTHER,0,1.0000,973,0.7689
idle,ttlbox,SCHED_OTHER,0,1.0000,974,0.1544
idle,ttlbox,SCHED_OTHER,0,1.0000,975,0.5349
idle,ttlbox,SCHED_OTHER,0,1.0000,976,0.0266
idle,ttlbox,SCHED_OTHER,0,1.0000,977,0.4451
idle,ttlbox,SCHED_OTHER,0,1.0000,978,0.8481
idle,ttlbox,SCHED_OTHER,0,1.0000,979,0.2116
idle,ttlbox,SCHED_OTHER,0,1.0000,980,0.6350
idle,ttlbox,SCHED_OTHER,0,1.0000,981,1.0388
idle,ttlbox,SCHED_OTHER,0,1.0000,982,0.3887
idle,ttlbox,SCHED_OTHER,0,1.0000,983,0.7934
idle,ttlbox,SCHED_OTHER,0,1.0000,984,0.1322
idle,ttlbox,SCHED_OTHER,0,1.0000,985,0.4691
idle,ttlbox,SCHED_OTHER,0,1.0000,986,0.8674
idle,ttlbox,SCHED_OTHER,0,1.0000,987,0.2166
idle,ttlbox,SCHED_OTHER,0,1.0000,988,0.4996
idle,ttlbox,SCHED_OTHER,0,1.0000,989,0.9226
idle,ttlbox,SCHED_OTHER,0,1.0000,990,0.2296
idle,ttlbox,SCHED_OTHER,0,1.0000,991,0.6518
idle,ttlbox,SCHED_OTHER,0,1.0000,992,0.0887
idle,ttlbox,SCHED_OTHER,0,1.0000,993,0.5795
idle,ttlbox,SCHED_OTHER,0,1.0000,994,0.9784
idle,ttlbox,SCHED_OTHER,0,1.0000,995,0.2605
idle,ttlbox,SCHED_OTHER,0,1.0000,996,0.7430
idle,ttlbox,SCHED_OTHER,0,1.0000,997,0.0645
idle,ttlbox,SCHED_OTHER,0,1.0000,998,0.5300
idle,ttlbox,SCHED_OTHER,0,1.0000,999,0.8188
idle,ttlbox,SCHED_OTHER,0,2.0000,0,1.8113
idle,ttlbox,SCHED_OTHER,0,2.0000,1,1.3567
idle,ttlbox,SCHED_OTHER,0,2.0000,2,1.8790
idle,ttlbox,SCHED_OTHER,0,2.0000,3,1.1925
idle,ttlbox,SCHED_OTHER,0,2.0000,4,1.7249
idle,ttlbox,SCHED_OTHER,0,2.0000,5,2.0452
idle,ttlbox,SCHED_OTHER,0,2.0000,6,1.3701
idle,ttlbox,SCHED_OTHER,0,2.0000,7,1.8984
idle,ttlbox,SCHED_OTHER,0,2.0000,8,1.4005
idle,ttlbox,SCHED_OTHER,0,2.0000,9,1.8223
idle,ttlbox,SCHED_OTHER,0,2.0000,10,1.2975
idle,ttlbox,SCHED_OTHER,0,2.0000,11,1.7247
idle,ttlbox,SCHED_OTHER,0,2.0000,12,1.1182
idle,ttlbox,SCHED_OTHER,0,2.0000,13,1.5790
idle,ttlbox,SCHED_OTHER,0,2.0000,14,1.9231
idle,ttlbox,SCHED_OTHER,0,2.0000,15,1.4122
idle,ttlbox,SCHED_OTHER,0,2.0000,16,1.8666
idle,ttlbox,SCHED_OTHER,0,2.0000,17,1.3700
idle,ttlbox,SCHED_OTHER,0,2.0000,18,1.7996
idle,ttlbox,SCHED_OTHER,0,2.0000,19,1.1005
idle,ttlbox,SCHED_OTHER,0,2.0000,20,1.4879
idle,ttlbox,SCHED_OTHER,0,2.0000,21,1.8186
idle,ttlbox,SCHED_OTHER,0,2.0000,22,1.2535
idle,ttlbox,SCHED_OTHER,0,2.0000,23,1.5662
idle,ttlbox,SCHED_OTHER,0,2.0000,24,2.0124
idle,ttlbox,SCHED_OTHER,0,2.0000,25,1.5237
idle,ttlbox,SCHED_OTHER,0,2.0000,26,1.8866
idle,ttlbox,SCHED_OTHER,0,2.0000,27,1.4130
idle,ttlbox,SCHED_OTHER,0,2.0000,28,1.7330
idle,ttlbox,SCHED_OTHER,0,2.0000,29,1.2481
idle,ttlbox,SCHED_OTHER,0,2.0000,30,1.6208
idle,ttlbox,SCHED_OTHER,0,2.0000,31,1.9579
idle,ttlbox,SCHED_OTHER,0,2.0000,32,1.2407
idle,ttlbox,SCHED_OTHER,0,2.0000,33,1.6818
idle,ttlbox,SCHED_OTHER,0,2.0000,34,1.1489
idle,ttlbox,SCHED_OTHER,0,2.0000,35,1.6966
idle,ttlbox,SCHED_OTHER,0,2.0000,36,1.1050
idle,ttlbox,SCHED_OTHER,0,2.0000,37,1.5162
idle,ttlbox,SCHED_OTHER,0,2.0000,38,2.0565
idle,ttlbox,SCHED_OTHER,0,2.0000,39,1.4080
idle,ttlbox,SCHED_OTHER,0,2.0000,40,1.8489
idle,ttlbox,SCHED_OTHER,0,2.0000,41,0.1882
idle,ttlbox,SCHED_OTHER,0,2.0000,42,1.7145
idle,ttlbox,SCHED_OTHER,0,2.0000,43,1.0760
idle,ttlbox,SCHED_OTHER,0,2.0000,44,1.5904
idle,ttlbox,SCHED_OTHER,0,2.0000,45,1.9232
idle,ttlbox,SCHED_OTHER,0,2.0000,46,1.2485
idle,ttlbox,SCHED_OTHER,0,2.0000,47,1.7371
idle,ttlbox,SCHED_OTHER,0,2.0000,48,1.2596
idle,ttlbox,SCHED_OTHER,0,2.0000,49,1.7882
idle,ttlbox,SCHED_OTHER,0,2.0000,50,1.1549
idle,ttlbox,SCHED_OTHER,0,2.0000,51,1.6751
idle,ttlbox,SCHED_OTHER,0,2.0000,52,1.0929
idle,ttlbox,SCHED_OTHER,0,2.0000,53,1.4849
idle,ttlbox,SCHED_OTHER,0,2.0000,54,2.0378
idle,ttlbox,SCHED_OTHER,0,2.0000,55,1.5557
idle,ttlbox,SCHED_OTHER,0,2.0000,56,2.0150
idle,ttlbox,SCHED_OTHER,0,2.0000,57,1.2827
idle,ttlbox,SCHED_OTHER,0,2.0000,58,1.8254
idle,ttlbox,SCHED_OTHER,0,2.0000,59,1.2223
idle,ttlbox,SCHED_OTHER,0,2.0000,60,1.6448
idle,ttlbox,SCHED_OTHER,0,2.0000,61,1.0388
idle,ttlbox,SCHED_OTHER,0,2.0000,62,1.5775
idle,ttlbox,SCHED_OTHER,0,2.0000,63,1.8969
idle,ttlbox,SCHED_OTHER,0,2.0000,64,1.2645
idle,ttlbox,SCHED_OTHER,0,2.0000,65,1.7126
idle,ttlbox,SCHED_OTHER,0,2.0000,66,1.2336
idle,ttlbox,SCHED_OTHER,0,2.0000,67,1.6702
idle,ttlbox,SCHED_OTHER,0,2.0000,68,1.1126
idle,ttlbox,SCHED_OTHER,0,2.0000,69,1.4993
idle,ttlbox,SCHED_OTHER,0,2.0000,70,2.0384
idle,ttlbox,SCHED_OTHER,0,2.0000,71,1.4613
idle,ttlbox,SCHED_OTHER,0,2.0000,72,2.0078
idle,ttlbox,SCHED_OTHER,0,2.0000,73,1.5063
idle,ttlbox,SCHED_OTHER,0,2.0000,74,1.8109
idle,ttlbox,SCHED_OTHER,0,2.0000,75,1.2529
idle,ttlbox,SCHED_OTHER,0,2.0000,76,1.7807
idle,ttlbox,SCHED_OTHER,0,2.0000,77,1.1538
idle,ttlbox,SCHED_OTHER,0,2.0000,78,1.4803
idle,ttlbox,SCHED_OTHER,0,2.0000,79,1.8164
idle,ttlbox,SCHED_OTHER,0,2.0000,80,1.1736
idle,ttlbox,SCHED_OTHER,0,2.0000,81,1.7272
idle,ttlbox,SCHED_OTHER,0,2.0000,82,1.1428
idle,ttlbox,SCHED_OTHER,0,2.0000,83,1.5183
idle,ttlbox,SCHED_OTHER,0,2.0000,84,1.9822
idle,ttlbox,SCHED_OTHER,0,2.0000,85,1.2836
idle,ttlbox,SCHED_OTHER,0,2.0000,86,1.5775
idle,ttlbox,SCHED_OTHER,0,2.0000,87,1.1002
idle,ttlbox,SCHED_OTHER,0,2.0000,88,1.5182
idle,ttlbox,SCHED_OTHER,0,2.0000,89,1.9476
idle,ttlbox,SCHED_OTHER,0,2.0000,90,1.4367
idle,ttlbox,SCHED_OTHER,0,2.0000,91,1.7763
idle,ttlbox,SCHED_OTHER,0,2.0000,92,1.1628
idle,ttlbox,SCHED_OTHER,0,2.0000,93,1.5954
idle,ttlbox,SCHED_OTHER,0,2.0000,94,1.9169
idle,ttlbox,SCHED_OTHER,0,2.0000,95,1.3701
idle,ttlbox,SCHED_OTHER,0,2.0000,96,1.7387
idle,ttlbox,SCHED_OTHER,0,2.0000,97,0.2227
idle,ttlbox,SCHED_OTHER,0,2.0000,98,1.6893
idle,ttlbox,SCHED_OTHER,0,2.0000,99,1.0813
idle,ttlbox,SCHED_OTHER,0,2.0000,100,1.4142
idle,ttlbox,SCHED_OTHER,0,2.0000,101,1.9403
idle,ttlbox,SCHED_OTHER,0,2.0000,102,1.3393
idle,ttlbox,SCHED_OTHER,0,2.0000,103,1.8795
idle,ttlbox,SCHED_OTHER,0,2.0000,104,1.2977
idle,ttlbox,SCHED_OTHER,0,2.0000,105,1.7814
idle,ttlbox,SCHED_OTHER,0,2.0000,106,1.2345
idle,ttlbox,SCHED_OTHER,0,2.0000,107,1.6703
idle,ttlbox,SCHED_OTHER,0,2.0000,108,1.0697
idle,ttlbox,SCHED_OTHER,0,2.0000,109,1.6211
idle,ttlbox,SCHED_OTHER,0,2.0000,110,2.0390
idle,ttlbox,SCHED_OTHER,0,2.0000,111,1.4499
idle,ttlbox,SCHED_OTHER,0,2.0000,112,1.7624
idle,ttlbox,SCHED_OTHER,0,2.0000,113,1.2906
idle,ttlbox,SCHED_OTHER,0,2.0000,114,1.6705
idle,ttlbox,SCHED_OTHER,0,2.0000,115,2.0013
idle,ttlbox,SCHED_OTHER,0,2.0000,116,1.4309
idle,ttlbox,SCHED_OTHER,0,2.0000,117,1.8793
idle,ttlbox,SCHED_OTHER,0,2.0000,118,1.2787
idle,ttlbox,SCHED_OTHER,0,2.0000,119,1.6661
idle,ttlbox,SCHED_OTHER,0,2.0000,120,2.0128
idle,ttlbox,SCHED_OTHER,0,2.0000,121,1.4933
idle,ttlbox,SCHED_OTHER,0,2.0000,122,1.9755
idle,ttlbox,SCHED_OTHER,0,2.0000,123,1.3747
idle,ttlbox,SCHED_OTHER,0,2.0000,124,1.7443
idle,ttlbox,SCHED_OTHER,0,2.0000,125,1.0767
idle,ttlbox,SCHED_OTHER,0,2.0000,126,1.4310
idle,ttlbox,SCHED_OTHER,0,2.0000,127,1.8794
idle,ttlbox,SCHED_OTHER,0,2.0000,128,1.3884
idle,ttlbox,SCHED_OTHER,0,2.0000,129,1.9231
idle,ttlbox,SCHED_OTHER,0,2.0000,130,1.3941
idle,ttlbox,SCHED_OTHER,0,2.0000,131,1.8922
idle,ttlbox,SCHED_OTHER,0,2.0000,132,1.3035
idle,ttlbox,SCHED_OTHER,0,2.0000,133,1.7253
idle,ttlbox,SCHED_OTHER,0,2.0000,134,2.0313
idle,ttlbox,SCHED_OTHER,0,2.0000,135,1.5112
idle,ttlbox,SCHED_OTHER,0,2.0000,136,2.0271
idle,ttlbox,SCHED_OTHER,0,2.0000,137,1.5161
idle,ttlbox,SCHED_OTHER,0,2.0000,138,1.8235
idle,ttlbox,SCHED_OTHER,0,2.0000,139,1.3089
idle,ttlbox,SCHED_OTHER,0,2.0000,140,1.7692
idle,ttlbox,SCHED_OTHER,0,2.0000,141,2.0504
idle,ttlbox,SCHED_OTHER,0,2.0000,142,1.5719
idle,ttlbox,SCHED_OTHER,0,2.0000,143,2.0086
idle,ttlbox,SCHED_OTHER,0,2.0000,144,1.5225
idle,ttlbox,SCHED_OTHER,0,2.0000,145,2.0435
idle,ttlbox,SCHED_OTHER,0,2.0000,146,1.5183
idle,ttlbox,SCHED_OTHER,0,2.0000,147,2.0200
idle,ttlbox,SCHED_OTHER,0,2.0000,148,1.3209
idle,ttlbox,SCHED_OTHER,0,2.0000,149,1.6520
idle,ttlbox,SCHED_OTHER,0,2.0000,150,1.0814
idle,ttlbox,SCHED_OTHER,0,2.0000,151,1.4497
idle,ttlbox,SCHED_OTHER,0,2.0000,152,2.0025
idle,ttlbox,SCHED_OTHER,0,2.0000,153,1.3770
idle,ttlbox,SCHED_OTHER,0,2.0000,154,1.8175
idle,ttlbox,SCHED_OTHER,0,2.0000,155,1.3394
idle,ttlbox,SCHED_OTHER,0,2.0000,156,1.6704
idle,ttlbox,SCHED_OTHER,0,2.0000,157,2.0155
idle,ttlbox,SCHED_OTHER,0,2.0000,158,1.5231
idle,ttlbox,SCHED_OTHER,0,2.0000,159,1.9021
idle,ttlbox,SCHED_OTHER,0,2.0000,160,1.2781
idle,ttlbox,SCHED_OTHER,0,2.0000,161,1.8236
idle,ttlbox,SCHED_OTHER,0,2.0000,162,1.2478
idle,ttlbox,SCHED_OTHER,0,2.0000,163,1.7986
idle,ttlbox,SCHED_OTHER,0,2.0000,164,1.2408
idle,ttlbox,SCHED_OTHER,0,2.0000,165,1.5787
idle,ttlbox,SCHED_OTHER,0,2.0000,166,1.0582
idle,ttlbox,SCHED_OTHER,0,2.0000,167,1.4381
idle,ttlbox,SCHED_OTHER,0,2.0000,168,1.9538
idle,ttlbox,SCHED_OTHER,0,2.0000,169,1.4444
idle,ttlbox,SCHED_OTHER,0,2.0000,170,1.8112
idle,ttlbox,SCHED_OTHER,0,2.0000,171,1.1382
idle,ttlbox,SCHED_OTHER,0,2.0000,172,1.6703
idle,ttlbox,SCHED_OTHER,0,2.0000,173,1.1067
idle,ttlbox,SCHED_OTHER,0,2.0000,174,1.6286
idle,ttlbox,SCHED_OTHER,0,2.0000,175,1.0695
idle,ttlbox,SCHED_OTHER,0,2.0000,176,1.4499
idle,ttlbox,SCHED_OTHER,0,2.0000,177,1.8912
idle,ttlbox,SCHED_OTHER,0,2.0000,178,1.3813
idle,ttlbox,SCHED_OTHER,0,2.0000,179,1.7504
idle,ttlbox,SCHED_OTHER,0,2.0000,180,1.2181
idle,ttlbox,SCHED_OTHER,0,2.0000,181,1.6657
idle,ttlbox,SCHED_OTHER,0,2.0000,182,1.1686
idle,ttlbox,SCHED_OTHER,0,2.0000,183,1.5976
idle,ttlbox,SCHED_OTHER,0,2.0000,184,2.0267
idle,ttlbox,SCHED_OTHER,0,2.0000,185,1.3630
idle,ttlbox,SCHED_OTHER,0,2.0000,186,1.8431
idle,ttlbox,SCHED_OTHER,0,2.0000,187,1.1679
idle,ttlbox,SCHED_OTHER,0,2.0000,188,1.6776
idle,ttlbox,SCHED_OTHER,0,2.0000,189,1.1547
idle,ttlbox,SCHED_OTHER,0,2.0000,190,1.6225
idle,ttlbox,SCHED_OTHER,0,2.0000,191,1.0461
idle,ttlbox,SCHED_OTHER,0,2.0000,192,1.4496
idle,ttlbox,SCHED_OTHER,0,2.0000,193,1.8481
idle,ttlbox,SCHED_OTHER,0,2.0000,194,1.2104
idle,ttlbox,SCHED_OTHER,0,2.0000,195,1.6094
idle,ttlbox,SCHED_OTHER,0,2.0000,196,2.0429
idle,ttlbox,SCHED_OTHER,0,2.0000,197,1.3701
idle,ttlbox,SCHED_OTHER,0,2.0000,198,1.7194
idle,ttlbox,SCHED_OTHER,0,2.0000,199,1.1609
idle,ttlbox,SCHED_OTHER,0,2.0000,200,1.6706
idle,ttlbox,SCHED_OTHER,0,2.0000,201,1.0756
idle,ttlbox,SCHED_OTHER,0,2.0000,202,1.3888
idle,ttlbox,SCHED_OTHER,0,2.0000,203,1.9267
idle,ttlbox,SCHED_OTHER,0,2.0000,204,1.2550
idle,ttlbox,SCHED_OTHER,0,2.0000,205,1.7016
idle,ttlbox,SCHED_OTHER,0,2.0000,206,2.0449
idle,ttlbox,SCHED_OTHER,0,2.0000,207,1.5666
idle,ttlbox,SCHED_OTHER,0,2.0000,208,1.9632
idle,ttlbox,SCHED_OTHER,0,2.0000,209,1.2783
idle,ttlbox,SCHED_OTHER,0,2.0000,210,1.6209
idle,ttlbox,SCHED_OTHER,0,2.0000,211,1.9587
idle,ttlbox,SCHED_OTHER,0,2.0000,212,1.2977
idle,ttlbox,SCHED_OTHER,0,2.0000,213,1.6894
idle,ttlbox,SCHED_OTHER,0,2.0000,214,1.0457
idle,ttlbox,SCHED_OTHER,0,2.0000,215,1.3701
idle,ttlbox,SCHED_OTHER,0,2.0000,216,1.7940
idle,ttlbox,SCHED_OTHER,0,2.0000,217,1.2408
idle,ttlbox,SCHED_OTHER,0,2.0000,218,1.7681
idle,ttlbox,SCHED_OTHER,0,2.0000,219,1.2673
idle,ttlbox,SCHED_OTHER,0,2.0000,220,1.7921
idle,ttlbox,SCHED_OTHER,0,2.0000,221,1.3137
idle,ttlbox,SCHED_OTHER,0,2.0000,222,1.8110
idle,ttlbox,SCHED_OTHER,0,2.0000,223,1.2485
idle,ttlbox,SCHED_OTHER,0,2.0000,224,1.5646
idle,ttlbox,SCHED_OTHER,0,2.0000,225,1.9819
idle,ttlbox,SCHED_OTHER,0,2.0000,226,1.3214
idle,ttlbox,SCHED_OTHER,0,2.0000,227,1.8184
idle,ttlbox,SCHED_OTHER,0,2.0000,228,1.2411
idle,ttlbox,SCHED_OTHER,0,2.0000,229,1.6522
idle,ttlbox,SCHED_OTHER,0,2.0000,230,1.1421
idle,ttlbox,SCHED_OTHER,0,2.0000,231,1.5714
idle,ttlbox,SCHED_OTHER,0,2.0000,232,1.0463
idle,ttlbox,SCHED_OTHER,0,2.0000,233,1.3891
idle,ttlbox,SCHED_OTHER,0,2.0000,234,1.7021
idle,ttlbox,SCHED_OTHER,0,2.0000,235,1.1913
idle,ttlbox,SCHED_OTHER,0,2.0000,236,1.6535
idle,ttlbox,SCHED_OTHER,0,2.0000,237,1.0638
idle,ttlbox,SCHED_OTHER,0,2.0000,238,0.4997
idle,ttlbox,SCHED_OTHER,0,2.0000,239,1.9517
idle,ttlbox,SCHED_OTHER,0,2.0000,240,1.4750
idle,ttlbox,SCHED_OTHER,0,2.0000,241,1.9895
idle,ttlbox,SCHED_OTHER,0,2.0000,242,1.3638
idle,ttlbox,SCHED_OTHER,0,2.0000,243,1.8784
idle,ttlbox,SCHED_OTHER,0,2.0000,244,1.3397
idle,ttlbox,SCHED_OTHER,0,2.0000,245,1.7993
idle,ttlbox,SCHED_OTHER,0,2.0000,246,1.1621
idle,ttlbox,SCHED_OTHER,0,2.0000,247,1.5864
idle,ttlbox,SCHED_OTHER,0,2.0000,248,1.9706
idle,ttlbox,SCHED_OTHER,0,2.0000,249,1.2727
idle,ttlbox,SCHED_OTHER,0,2.0000,250,1.6354
idle,ttlbox,SCHED_OTHER,0,2.0000,251,1.0449
idle,ttlbox,SCHED_OTHER,0,2.0000,252,1.3817
idle,ttlbox,SCHED_OTHER,0,2.0000,253,1.7550
idle,ttlbox,SCHED_OTHER,0,2.0000,254,1.1004
idle,ttlbox,SCHED_OTHER,0,2.0000,255,1.5416
idle,ttlbox,SCHED_OTHER,0,2.0000,256,1.8794
idle,ttlbox,SCHED_OTHER,0,2.0000,257,1.2155
idle,ttlbox,SCHED_OTHER,0,2.0000,258,1.6824
idle,ttlbox,SCHED_OTHER,0,2.0000,259,1.1069
idle,ttlbox,SCHED_OTHER,0,2.0000,260,1.6586
idle,ttlbox,SCHED_OTHER,0,2.0000,261,1.1373
idle,ttlbox,SCHED_OTHER,0,2.0000,262,1.5601
idle,ttlbox,SCHED_OTHER,0,2.0000,263,1.8867
idle,ttlbox,SCHED_OTHER,0,2.0000,264,1.3392
idle,ttlbox,SCHED_OTHER,0,2.0000,265,0.7620
idle,ttlbox,SCHED_OTHER,0,2.0000,266,1.2105
idle,ttlbox,SCHED_OTHER,0,2.0000,267,1.5477
idle,ttlbox,SCHED_OTHER,0,2.0000,268,2.0455
idle,ttlbox,SCHED_OTHER,0,2.0000,269,1.4498
idle,ttlbox,SCHED_OTHER,0,2.0000,270,1.9591
idle,ttlbox,SCHED_OTHER,0,2.0000,271,1.3035
idle,ttlbox,SCHED_OTHER,0,2.0000,272,1.7879
idle,ttlbox,SCHED_OTHER,0,2.0000,273,1.1420
idle,ttlbox,SCHED_OTHER,0,2.0000,274,1.6710
idle,ttlbox,SCHED_OTHER,0,2.0000,275,1.0818
idle,ttlbox,SCHED_OTHER,0,2.0000,276,1.4080
idle,ttlbox,SCHED_OTHER,0,2.0000,277,1.8299
idle,ttlbox,SCHED_OTHER,0,2.0000,278,1.3587
idle,ttlbox,SCHED_OTHER,0,2.0000,279,1.7060
idle,ttlbox,SCHED_OTHER,0,2.0000,280,1.0752
idle,ttlbox,SCHED_OTHER,0,2.0000,281,1.4807
idle,ttlbox,SCHED_OTHER,0,2.0000,282,1.8959
idle,ttlbox,SCHED_OTHER,0,2.0000,283,1.1800
idle,ttlbox,SCHED_OTHER,0,2.0000,284,1.6024
idle,ttlbox,SCHED_OTHER,0,2.0000,285,1.9096
idle,ttlbox,SCHED_OTHER,0,2.0000,286,1.4386
idle,ttlbox,SCHED_OTHER,0,2.0000,287,1.9094
idle,ttlbox,SCHED_OTHER,0,2.0000,288,1.1800
idle,ttlbox,SCHED_OTHER,0,2.0000,289,1.5602
idle,ttlbox,SCHED_OTHER,0,2.0000,290,1.9097
idle,ttlbox,SCHED_OTHER,0,2.0000,291,1.3650
idle,ttlbox,SCHED_OTHER,0,2.0000,292,1.7383
idle,ttlbox,SCHED_OTHER,0,2.0000,293,1.1193
idle,ttlbox,SCHED_OTHER,0,2.0000,294,1.5249
idle,ttlbox,SCHED_OTHER,0,2.0000,295,1.9173
idle,ttlbox,SCHED_OTHER,0,2.0000,296,1.2107
idle,ttlbox,SCHED_OTHER,0,2.0000,297,1.6398
idle,ttlbox,SCHED_OTHER,0,2.0000,298,2.0330
idle,ttlbox,SCHED_OTHER,0,2.0000,299,1.5297
idle,ttlbox,SCHED_OTHER,0,2.0000,300,1.7989
idle,ttlbox,SCHED_OTHER,0,2.0000,301,1.1936
idle,ttlbox,SCHED_OTHER,0,2.0000,302,1.4917
idle,ttlbox,SCHED_OTHER,0,2.0000,303,2.0273
idle,ttlbox,SCHED_OTHER,0,2.0000,304,1.5047
idle,ttlbox,SCHED_OTHER,0,2.0000,305,1.9535
idle,ttlbox,SCHED_OTHER,0,2.0000,306,1.4362
idle,ttlbox,SCHED_OTHER,0,2.0000,307,1.7628
idle,ttlbox,SCHED_OTHER,0,2.0000,308,1.2057
idle,ttlbox,SCHED_OTHER,0,2.0000,309,1.5677
idle,ttlbox,SCHED_OTHER,0,2.0000,310,1.1077
idle,ttlbox,SCHED_OTHER,0,2.0000,311,1.3512
idle,ttlbox,SCHED_OTHER,0,2.0000,312,1.8069
idle,ttlbox,SCHED_OTHER,0,2.0000,313,1.1988
idle,ttlbox,SCHED_OTHER,0,2.0000,314,1.5722
idle,ttlbox,SCHED_OTHER,0,2.0000,315,1.1001
idle,ttlbox,SCHED_OTHER,0,2.0000,316,1.5297
idle,ttlbox,SCHED_OTHER,0,2.0000,317,1.9096
idle,ttlbox,SCHED_OTHER,0,2.0000,318,1.2727
idle,ttlbox,SCHED_OTHER,0,2.0000,319,1.6762
idle,ttlbox,SCHED_OTHER,0,2.0000,320,2.0442
idle,ttlbox,SCHED_OTHER,0,2.0000,321,0.3592
idle,ttlbox,SCHED_OTHER,0,2.0000,322,1.9210
idle,ttlbox,SCHED_OTHER,0,2.0000,323,1.4257
idle,ttlbox,SCHED_OTHER,0,2.0000,324,1.8725
idle,ttlbox,SCHED_OTHER,0,2.0000,325,1.2971
idle,ttlbox,SCHED_OTHER,0,2.0000,326,1.6522
idle,ttlbox,SCHED_OTHER,0,2.0000,327,1.1058
idle,ttlbox,SCHED_OTHER,0,2.0000,328,1.4192
idle,ttlbox,SCHED_OTHER,0,2.0000,329,1.8960
idle,ttlbox,SCHED_OTHER,0,2.0000,330,1.4011
idle,ttlbox,SCHED_OTHER,0,2.0000,331,1.7573
idle,ttlbox,SCHED_OTHER,0,2.0000,332,1.1380
idle,ttlbox,SCHED_OTHER,0,2.0000,333,1.4806
idle,ttlbox,SCHED_OTHER,0,2.0000,334,2.0270
idle,ttlbox,SCHED_OTHER,0,2.0000,335,1.3329
idle,ttlbox,SCHED_OTHER,0,2.0000,336,1.7751
idle,ttlbox,SCHED_OTHER,0,2.0000,337,1.2715
idle,ttlbox,SCHED_OTHER,0,2.0000,338,1.7876
idle,ttlbox,SCHED_OTHER,0,2.0000,339,1.0750
idle,ttlbox,SCHED_OTHER,0,2.0000,340,1.5488
idle,ttlbox,SCHED_OTHER,0,2.0000,341,1.8549
idle,ttlbox,SCHED_OTHER,0,2.0000,342,1.1922
idle,ttlbox,SCHED_OTHER,0,2.0000,343,1.6578
idle,ttlbox,SCHED_OTHER,0,2.0000,344,1.1865
idle,ttlbox,SCHED_OTHER,0,2.0000,345,1.6816
idle,ttlbox,SCHED_OTHER,0,2.0000,346,2.0080
idle,ttlbox,SCHED_OTHER,0,2.0000,347,1.4265
idle,ttlbox,SCHED_OTHER,0,2.0000,348,0.8537
idle,ttlbox,SCHED_OTHER,0,2.0000,349,1.2711
idle,ttlbox,SCHED_OTHER,0,2.0000,350,1.6224
idle,ttlbox,SCHED_OTHER,0,2.0000,351,1.0621
idle,ttlbox,SCHED_OTHER,0,2.0000,352,1.5220
idle,ttlbox,SCHED_OTHER,0,2.0000,353,1.0509
idle,ttlbox,SCHED_OTHER,0,2.0000,354,1.4994
idle,ttlbox,SCHED_OTHER,0,2.0000,355,1.8420
idle,ttlbox,SCHED_OTHER,0,2.0000,356,1.2841
idle,ttlbox,SCHED_OTHER,0,2.0000,357,1.7323
idle,ttlbox,SCHED_OTHER,0,2.0000,358,1.0811
idle,ttlbox,SCHED_OTHER,0,2.0000,359,1.5297
idle,ttlbox,SCHED_OTHER,0,2.0000,360,2.0250
idle,ttlbox,SCHED_OTHER,0,2.0000,361,1.4735
idle,ttlbox,SCHED_OTHER,0,2.0000,362,1.9358
idle,ttlbox,SCHED_OTHER,0,2.0000,363,1.3570
idle,ttlbox,SCHED_OTHER,0,2.0000,364,1.7008
idle,ttlbox,SCHED_OTHER,0,2.0000,365,1.1308
idle,ttlbox,SCHED_OTHER,0,2.0000,366,1.4916
idle,ttlbox,SCHED_OTHER,0,2.0000,367,1.8908
idle,ttlbox,SCHED_OTHER,0,2.0000,368,1.0868
idle,ttlbox,SCHED_OTHER,0,2.0000,369,1.5863
idle,ttlbox,SCHED_OTHER,0,2.0000,370,1.9401
idle,ttlbox,SCHED_OTHER,0,2.0000,371,1.4145
idle,ttlbox,SCHED_OTHER,0,2.0000,372,1.8835
idle,ttlbox,SCHED_OTHER,0,2.0000,373,1.3587
idle,ttlbox,SCHED_OTHER,0,2.0000,374,1.7872
idle,ttlbox,SCHED_OTHER,0,2.0000,375,1.1073
idle,ttlbox,SCHED_OTHER,0,2.0000,376,1.4994
idle,ttlbox,SCHED_OTHER,0,2.0000,377,2.0451
idle,ttlbox,SCHED_OTHER,0,2.0000,378,1.3823
idle,ttlbox,SCHED_OTHER,0,2.0000,379,1.9170
idle,ttlbox,SCHED_OTHER,0,2.0000,380,1.2459
idle,ttlbox,SCHED_OTHER,0,2.0000,381,1.5488
idle,ttlbox,SCHED_OTHER,0,2.0000,382,1.8841
idle,ttlbox,SCHED_OTHER,0,2.0000,383,1.2840
idle,ttlbox,SCHED_OTHER,0,2.0000,384,1.7947
idle,ttlbox,SCHED_OTHER,0,2.0000,385,1.0873
idle,ttlbox,SCHED_OTHER,0,2.0000,386,1.6091
idle,ttlbox,SCHED_OTHER,0,2.0000,387,2.0326
idle,ttlbox,SCHED_OTHER,0,2.0000,388,1.4496
idle,ttlbox,SCHED_OTHER,0,2.0000,389,1.8834
idle,ttlbox,SCHED_OTHER,0,2.0000,390,1.2062
idle,ttlbox,SCHED_OTHER,0,2.0000,391,1.5792
idle,ttlbox,SCHED_OTHER,0,2.0000,392,1.0388
idle,ttlbox,SCHED_OTHER,0,2.0000,393,1.5731
idle,ttlbox,SCHED_OTHER,0,2.0000,394,1.9655
idle,ttlbox,SCHED_OTHER,0,2.0000,395,1.3701
idle,ttlbox,SCHED_OTHER,0,2.0000,396,1.7312
idle,ttlbox,SCHED_OTHER,0,2.0000,397,1.2412
idle,ttlbox,SCHED_OTHER,0,2.0000,398,1.7877
idle,ttlbox,SCHED_OTHER,0,2.0000,399,1.0936
idle,ttlbox,SCHED_OTHER,0,2.0000,400,1.4804
idle,ttlbox,SCHED_OTHER,0,2.0000,401,1.9710
idle,ttlbox,SCHED_OTHER,0,2.0000,402,1.4735
idle,ttlbox,SCHED_OTHER,0,2.0000,403,1.9211
idle,ttlbox,SCHED_OTHER,0,2.0000,404,0.1816
idle,ttlbox,SCHED_OTHER,0,2.0000,405,1.5980
idle,ttlbox,SCHED_OTHER,0,2.0000,406,1.9782
idle,ttlbox,SCHED_OTHER,0,2.0000,407,1.3516
idle,ttlbox,SCHED_OTHER,0,2.0000,408,1.8123
idle,ttlbox,SCHED_OTHER,0,2.0000,409,1.3206
idle,ttlbox,SCHED_OTHER,0,2.0000,410,1.6750
idle,ttlbox,SCHED_OTHER,0,2.0000,411,2.0019
idle,ttlbox,SCHED_OTHER,0,2.0000,412,1.4266
idle,ttlbox,SCHED_OTHER,0,2.0000,413,1.7882
idle,ttlbox,SCHED_OTHER,0,2.0000,414,1.0523
idle,ttlbox,SCHED_OTHER,0,2.0000,415,1.5673
idle,ttlbox,SCHED_OTHER,0,2.0000,416,1.0443
idle,ttlbox,SCHED_OTHER,0,2.0000,417,1.5357
idle,ttlbox,SCHED_OTHER,0,2.0000,418,1.9895
idle,ttlbox,SCHED_OTHER,0,2.0000,419,1.3701
idle,ttlbox,SCHED_OTHER,0,2.0000,420,1.7011
idle,ttlbox,SCHED_OTHER,0,2.0000,421,1.1381
idle,ttlbox,SCHED_OTHER,0,2.0000,422,1.5532
idle,ttlbox,SCHED_OTHER,0,2.0000,423,1.0812
idle,ttlbox,SCHED_OTHER,0,2.0000,424,1.4543
idle,ttlbox,SCHED_OTHER,0,2.0000,425,1.8836
idle,ttlbox,SCHED_OTHER,0,2.0000,426,1.3945
idle,ttlbox,SCHED_OTHER,0,2.0000,427,1.9173
idle,ttlbox,SCHED_OTHER,0,2.0000,428,1.3028
idle,ttlbox,SCHED_OTHER,0,2.0000,429,1.7988
idle,ttlbox,SCHED_OTHER,0,2.0000,430,1.1973
idle,ttlbox,SCHED_OTHER,0,2.0000,431,1.6826
idle,ttlbox,SCHED_OTHER,0,2.0000,432,1.0392
idle,ttlbox,SCHED_OTHER,0,2.0000,433,1.4423
idle,ttlbox,SCHED_OTHER,0,2.0000,434,1.8716
idle,ttlbox,SCHED_OTHER,0,2.0000,435,1.2461
idle,ttlbox,SCHED_OTHER,0,2.0000,436,1.7810
idle,ttlbox,SCHED_OTHER,0,2.0000,437,1.0623
idle,ttlbox,SCHED_OTHER,0,2.0000,438,1.5294
idle,ttlbox,SCHED_OTHER,0,2.0000,439,1.9938
idle,ttlbox,SCHED_OTHER,0,2.0000,440,1.3943
idle,ttlbox,SCHED_OTHER,0,2.0000,441,1.9171
idle,ttlbox,SCHED_OTHER,0,2.0000,442,1.4252
idle,ttlbox,SCHED_OTHER,0,2.0000,443,1.9526
idle,ttlbox,SCHED_OTHER,0,2.0000,444,1.3813
idle,ttlbox,SCHED_OTHER,0,2.0000,445,1.7684
idle,ttlbox,SCHED_OTHER,0,2.0000,446,1.1800
idle,ttlbox,SCHED_OTHER,0,2.0000,447,1.6018
idle,ttlbox,SCHED_OTHER,0,2.0000,448,1.1309
idle,ttlbox,SCHED_OTHER,0,2.0000,449,1.6030
idle,ttlbox,SCHED_OTHER,0,2.0000,450,1.9895
idle,ttlbox,SCHED_OTHER,0,2.0000,451,1.5033
idle,ttlbox,SCHED_OTHER,0,2.0000,452,2.0336
idle,ttlbox,SCHED_OTHER,0,2.0000,453,1.4080
idle,ttlbox,SCHED_OTHER,0,2.0000,454,1.8912
idle,ttlbox,SCHED_OTHER,0,2.0000,455,1.1925
idle,ttlbox,SCHED_OTHER,0,2.0000,456,1.6349
idle,ttlbox,SCHED_OTHER,0,2.0000,457,1.0926
idle,ttlbox,SCHED_OTHER,0,2.0000,458,1.6277
idle,ttlbox,SCHED_OTHER,0,2.0000,459,1.9829
idle,ttlbox,SCHED_OTHER,0,2.0000,460,1.4994
idle,ttlbox,SCHED_OTHER,0,2.0000,461,2.0462
idle,ttlbox,SCHED_OTHER,0,2.0000,462,1.5184
idle,ttlbox,SCHED_OTHER,0,2.0000,463,1.9661
idle,ttlbox,SCHED_OTHER,0,2.0000,464,1.4876
idle,ttlbox,SCHED_OTHER,0,2.0000,465,1.9632
idle,ttlbox,SCHED_OTHER,0,2.0000,466,1.3930
idle,ttlbox,SCHED_OTHER,0,2.0000,467,1.8680
idle,ttlbox,SCHED_OTHER,0,2.0000,468,1.1987
idle,ttlbox,SCHED_OTHER,0,2.0000,469,1.6590
idle,ttlbox,SCHED_OTHER,0,2.0000,470,1.9656
idle,ttlbox,SCHED_OTHER,0,2.0000,471,1.3270
idle,ttlbox,SCHED_OTHER,0,2.0000,472,1.7385
idle,ttlbox,SCHED_OTHER,0,2.0000,473,1.1733
idle,ttlbox,SCHED_OTHER,0,2.0000,474,1.7149
idle,ttlbox,SCHED_OTHER,0,2.0000,475,1.1004
idle,ttlbox,SCHED_OTHER,0,2.0000,476,1.4690
idle,ttlbox,SCHED_OTHER,0,2.0000,477,1.8985
idle,ttlbox,SCHED_OTHER,0,2.0000,478,1.2156
idle,ttlbox,SCHED_OTHER,0,2.0000,479,1.7151
idle,ttlbox,SCHED_OTHER,0,2.0000,480,1.1725
idle,ttlbox,SCHED_OTHER,0,2.0000,481,1.6963
idle,ttlbox,SCHED_OTHER,0,2.0000,482,1.2180
idle,ttlbox,SCHED_OTHER,0,2.0000,483,1.6843
idle,ttlbox,SCHED_OTHER,0,2.0000,484,1.0393
idle,ttlbox,SCHED_OTHER,0,2.0000,485,1.5342
idle,ttlbox,SCHED_OTHER,0,2.0000,486,2.0435
idle,ttlbox,SCHED_OTHER,0,2.0000,487,1.4450
idle,ttlbox,SCHED_OTHER,0,2.0000,488,1.9146
idle,ttlbox,SCHED_OTHER,0,2.0000,489,1.2249
idle,ttlbox,SCHED_OTHER,0,2.0000,490,1.7557
idle,ttlbox,SCHED_OTHER,0,2.0000,491,1.0570
idle,ttlbox,SCHED_OTHER,0,2.0000,492,1.4681
idle,ttlbox,SCHED_OTHER,0,2.0000,493,1.7366
idle,ttlbox,SCHED_OTHER,0,2.0000,494,1.0876
idle,ttlbox,SCHED_OTHER,0,2.0000,495,1.4804
idle,ttlbox,SCHED_OTHER,0,2.0000,496,1.7925
idle,ttlbox,SCHED_OTHER,0,2.0000,497,1.1740
idle,ttlbox,SCHED_OTHER,0,2.0000,498,1.6775
idle,ttlbox,SCHED_OTHER,0,2.0000,499,1.1853
idle,ttlbox,SCHED_OTHER,0,2.0000,500,1.5250
idle,ttlbox,SCHED_OTHER,0,2.0000,501,1.9711
idle,ttlbox,SCHED_OTHER,0,2.0000,502,1.4308
idle,ttlbox,SCHED_OTHER,0,2.0000,503,1.8603
idle,ttlbox,SCHED_OTHER,0,2.0000,504,1.2726
idle,ttlbox,SCHED_OTHER,0,2.0000,505,1.8184
idle,ttlbox,SCHED_OTHER,0,2.0000,506,1.2236
idle,ttlbox,SCHED_OTHER,0,2.0000,507,1.6023
idle,ttlbox,SCHED_OTHER,0,2.0000,508,1.9939
idle,ttlbox,SCHED_OTHER,0,2.0000,509,1.3159
idle,ttlbox,SCHED_OTHER,0,2.0000,510,1.8037
idle,ttlbox,SCHED_OTHER,0,2.0000,511,1.9023
idle,ttlbox,SCHED_OTHER,0,2.0000,512,1.3829
idle,ttlbox,SCHED_OTHER,0,2.0000,513,1.9097
idle,ttlbox,SCHED_OTHER,0,2.0000,514,1.1845
idle,ttlbox,SCHED_OTHER,0,2.0000,515,1.6457
idle,ttlbox,SCHED_OTHER,0,2.0000,516,1.1436
idle,ttlbox,SCHED_OTHER,0,2.0000,517,1.5954
idle,ttlbox,SCHED_OTHER,0,2.0000,518,1.9891
idle,ttlbox,SCHED_OTHER,0,2.0000,519,1.4565
idle,ttlbox,SCHED_OTHER,0,2.0000,520,1.9342
idle,ttlbox,SCHED_OTHER,0,2.0000,521,1.2903
idle,ttlbox,SCHED_OTHER,0,2.0000,522,1.7143
idle,ttlbox,SCHED_OTHER,0,2.0000,523,1.0698
idle,ttlbox,SCHED_OTHER,0,2.0000,524,1.6208
idle,ttlbox,SCHED_OTHER,0,2.0000,525,1.1421
idle,ttlbox,SCHED_OTHER,0,2.0000,526,1.5789
idle,ttlbox,SCHED_OTHER,0,2.0000,527,2.0275
idle,ttlbox,SCHED_OTHER,0,2.0000,528,1.4248
idle,ttlbox,SCHED_OTHER,0,2.0000,529,1.7732
idle,ttlbox,SCHED_OTHER,0,2.0000,530,1.2034
idle,ttlbox,SCHED_OTHER,0,2.0000,531,1.6025
idle,ttlbox,SCHED_OTHER,0,2.0000,532,1.0758
idle,ttlbox,SCHED_OTHER,0,2.0000,533,1.4574
idle,ttlbox,SCHED_OTHER,0,2.0000,534,1.9044
idle,ttlbox,SCHED_OTHER,0,2.0000,535,1.3041
idle,ttlbox,SCHED_OTHER,0,2.0000,536,1.7687
idle,ttlbox,SCHED_OTHER,0,2.0000,537,1.1126
idle,ttlbox,SCHED_OTHER,0,2.0000,538,1.5537
idle,ttlbox,SCHED_OTHER,0,2.0000,539,1.8739
idle,ttlbox,SCHED_OTHER,0,2.0000,540,1.2598
idle,ttlbox,SCHED_OTHER,0,2.0000,541,1.6965
idle,ttlbox,SCHED_OTHER,0,2.0000,542,1.1800
idle,ttlbox,SCHED_OTHER,0,2.0000,543,1.6664
idle,ttlbox,SCHED_OTHER,0,2.0000,544,1.1610
idle,ttlbox,SCHED_OTHER,0,2.0000,545,0.6234
idle,ttlbox,SCHED_OTHER,0,2.0000,546,1.1568
idle,ttlbox,SCHED_OTHER,0,2.0000,547,1.4452
idle,ttlbox,SCHED_OTHER,0,2.0000,548,1.9515
idle,ttlbox,SCHED_OTHER,0,2.0000,549,1.4146
idle,ttlbox,SCHED_OTHER,0,2.0000,550,1.7874
idle,ttlbox,SCHED_OTHER,0,2.0000,551,1.0869
idle,ttlbox,SCHED_OTHER,0,2.0000,552,1.6280
idle,ttlbox,SCHED_OTHER,0,2.0000,553,1.0458
idle,ttlbox,SCHED_OTHER,0,2.0000,554,1.4729
idle,ttlbox,SCHED_OTHER,0,2.0000,555,1.9142
idle,ttlbox,SCHED_OTHER,0,2.0000,556,1.3777
idle,ttlbox,SCHED_OTHER,0,2.0000,557,1.6880
idle,ttlbox,SCHED_OTHER,0,2.0000,558,1.0752
idle,ttlbox,SCHED_OTHER,0,2.0000,559,1.4194
idle,ttlbox,SCHED_OTHER,0,2.0000,560,1.8047
idle,ttlbox,SCHED_OTHER,0,2.0000,561,1.2058
idle,ttlbox,SCHED_OTHER,0,2.0000,562,1.5530
idle,ttlbox,SCHED_OTHER,0,2.0000,563,1.9168
idle,ttlbox,SCHED_OTHER,0,2.0000,564,1.3820
idle,ttlbox,SCHED_OTHER,0,2.0000,565,1.8865
idle,ttlbox,SCHED_OTHER,0,2.0000,566,1.2039
idle,ttlbox,SCHED_OTHER,0,2.0000,567,1.7503
idle,ttlbox,SCHED_OTHER,0,2.0000,568,1.1800
idle,ttlbox,SCHED_OTHER,0,2.0000,569,1.5418
idle,ttlbox,SCHED_OTHER,0,2.0000,570,1.9271
idle,ttlbox,SCHED_OTHER,0,2.0000,571,1.1989
idle,ttlbox,SCHED_OTHER,0,2.0000,572,0.5656
idle,ttlbox,SCHED_OTHER,0,2.0000,573,1.8907
idle,ttlbox,SCHED_OTHER,0,2.0000,574,1.2464
idle,ttlbox,SCHED_OTHER,0,2.0000,575,1.7123
idle,ttlbox,SCHED_OTHER,0,2.0000,576,1.1617
idle,ttlbox,SCHED_OTHER,0,2.0000,577,1.4916
idle,ttlbox,SCHED_OTHER,0,2.0000,578,1.8529
idle,ttlbox,SCHED_OTHER,0,2.0000,579,1.3283
idle,ttlbox,SCHED_OTHER,0,2.0000,580,1.7640
idle,ttlbox,SCHED_OTHER,0,2.0000,581,1.1002
idle,ttlbox,SCHED_OTHER,0,2.0000,582,1.6446
idle,ttlbox,SCHED_OTHER,0,2.0000,583,1.0509
idle,ttlbox,SCHED_OTHER,0,2.0000,584,1.4498
idle,ttlbox,SCHED_OTHER,0,2.0000,585,1.9029
idle,ttlbox,SCHED_OTHER,0,2.0000,586,1.2786
idle,ttlbox,SCHED_OTHER,0,2.0000,587,1.6892
idle,ttlbox,SCHED_OTHER,0,2.0000,588,1.1002
idle,ttlbox,SCHED_OTHER,0,2.0000,589,1.6584
idle,ttlbox,SCHED_OTHER,0,2.0000,590,1.9713
idle,ttlbox,SCHED_OTHER,0,2.0000,591,1.4426
idle,ttlbox,SCHED_OTHER,0,2.0000,592,1.7862
idle,ttlbox,SCHED_OTHER,0,2.0000,593,1.1973
idle,ttlbox,SCHED_OTHER,0,2.0000,594,1.5860
idle,ttlbox,SCHED_OTHER,0,2.0000,595,1.0812
idle,ttlbox,SCHED_OTHER,0,2.0000,596,1.4376
idle,ttlbox,SCHED_OTHER,0,2.0000,597,1.8857
idle,ttlbox,SCHED_OTHER,0,2.0000,598,1.2902
idle,ttlbox,SCHED_OTHER,0,2.0000,599,1.7389
idle,ttlbox,SCHED_OTHER,0,2.0000,600,1.0580
idle,ttlbox,SCHED_OTHER,0,2.0000,601,1.5737
idle,ttlbox,SCHED_OTHER,0,2.0000,602,1.0959
idle,ttlbox,SCHED_OTHER,0,2.0000,603,1.5292
idle,ttlbox,SCHED_OTHER,0,2.0000,604,1.9358
idle,ttlbox,SCHED_OTHER,0,2.0000,605,1.2411
idle,ttlbox,SCHED_OTHER,0,2.0000,606,1.6950
idle,ttlbox,SCHED_OTHER,0,2.0000,607,1.1448
idle,ttlbox,SCHED_OTHER,0,2.0000,608,1.6967
idle,ttlbox,SCHED_OTHER,0,2.0000,609,2.0508
idle,ttlbox,SCHED_OTHER,0,2.0000,610,1.3349
idle,ttlbox,SCHED_OTHER,0,2.0000,611,1.8487
idle,ttlbox,SCHED_OTHER,0,2.0000,612,1.2294
idle,ttlbox,SCHED_OTHER,0,2.0000,613,1.6324
idle,ttlbox,SCHED_OTHER,0,2.0000,614,1.1315
idle,ttlbox,SCHED_OTHER,0,2.0000,615,1.6018
idle,ttlbox,SCHED_OTHER,0,2.0000,616,2.0390
idle,ttlbox,SCHED_OTHER,0,2.0000,617,1.5648
idle,ttlbox,SCHED_OTHER,0,2.0000,618,1.0881
idle,ttlbox,SCHED_OTHER,0,2.0000,619,1.4571
idle,ttlbox,SCHED_OTHER,0,2.0000,620,1.8110
idle,ttlbox,SCHED_OTHER,0,2.0000,621,1.0698
idle,ttlbox,SCHED_OTHER,0,2.0000,622,1.4877
idle,ttlbox,SCHED_OTHER,0,2.0000,623,1.9632
idle,ttlbox,SCHED_OTHER,0,2.0000,624,1.2855
idle,ttlbox,SCHED_OTHER,0,2.0000,625,1.6398
idle,ttlbox,SCHED_OTHER,0,2.0000,626,1.0507
idle,ttlbox,SCHED_OTHER,0,2.0000,627,1.5295
idle,ttlbox,SCHED_OTHER,0,2.0000,628,0.8875
idle,ttlbox,SCHED_OTHER,0,2.0000,629,1.3884
idle,ttlbox,SCHED_OTHER,0,2.0000,630,1.8224
idle,ttlbox,SCHED_OTHER,0,2.0000,631,1.2857
idle,ttlbox,SCHED_OTHER,0,2.0000,632,1.6090
idle,ttlbox,SCHED_OTHER,0,2.0000,633,1.9540
idle,ttlbox,SCHED_OTHER,0,2.0000,634,1.3762
idle,ttlbox,SCHED_OTHER,0,2.0000,635,1.8530
idle,ttlbox,SCHED_OTHER,0,2.0000,636,1.3701
idle,ttlbox,SCHED_OTHER,0,2.0000,637,1.7572
idle,ttlbox,SCHED_OTHER,0,2.0000,638,1.1355
idle,ttlbox,SCHED_OTHER,0,2.0000,639,1.5908
idle,ttlbox,SCHED_OTHER,0,2.0000,640,1.9529
idle,ttlbox,SCHED_OTHER,0,2.0000,641,1.3209
idle,ttlbox,SCHED_OTHER,0,2.0000,642,1.6577
idle,ttlbox,SCHED_OTHER,0,2.0000,643,1.9768
idle,ttlbox,SCHED_OTHER,0,2.0000,644,1.3962
idle,ttlbox,SCHED_OTHER,0,2.0000,645,1.8907
idle,ttlbox,SCHED_OTHER,0,2.0000,646,1.3655
idle,ttlbox,SCHED_OTHER,0,2.0000,647,1.7931
idle,ttlbox,SCHED_OTHER,0,2.0000,648,1.1190
idle,ttlbox,SCHED_OTHER,0,2.0000,649,1.5040
idle,ttlbox,SCHED_OTHER,0,2.0000,650,1.9894
idle,ttlbox,SCHED_OTHER,0,2.0000,651,1.3649
idle,ttlbox,SCHED_OTHER,0,2.0000,652,1.8906
idle,ttlbox,SCHED_OTHER,0,2.0000,653,1.4194
idle,ttlbox,SCHED_OTHER,0,2.0000,654,1.7812
idle,ttlbox,SCHED_OTHER,0,2.0000,655,1.2039
idle,ttlbox,SCHED_OTHER,0,2.0000,656,1.6640
idle,ttlbox,SCHED_OTHER,0,2.0000,657,2.0453
idle,ttlbox,SCHED_OTHER,0,2.0000,658,1.4309
idle,ttlbox,SCHED_OTHER,0,2.0000,659,1.9461
idle,ttlbox,SCHED_OTHER,0,2.0000,660,1.2657
idle,ttlbox,SCHED_OTHER,0,2.0000,661,1.5861
idle,ttlbox,SCHED_OTHER,0,2.0000,662,1.1189
idle,ttlbox,SCHED_OTHER,0,2.0000,663,1.5954
idle,ttlbox,SCHED_OTHER,0,2.0000,664,1.8059
idle,ttlbox,SCHED_OTHER,0,2.0000,665,1.0744
idle,ttlbox,SCHED_OTHER,0,2.0000,666,1.5909
idle,ttlbox,SCHED_OTHER,0,2.0000,667,1.8722
idle,ttlbox,SCHED_OTHER,0,2.0000,668,1.3769
idle,ttlbox,SCHED_OTHER,0,2.0000,669,1.9160
idle,ttlbox,SCHED_OTHER,0,2.0000,670,1.2902
idle,ttlbox,SCHED_OTHER,0,2.0000,671,1.7764
idle,ttlbox,SCHED_OTHER,0,2.0000,672,1.2839
idle,ttlbox,SCHED_OTHER,0,2.0000,673,1.7812
idle,ttlbox,SCHED_OTHER,0,2.0000,674,1.1739
idle,ttlbox,SCHED_OTHER,0,2.0000,675,1.6323
idle,ttlbox,SCHED_OTHER,0,2.0000,676,1.0889
idle,ttlbox,SCHED_OTHER,0,2.0000,677,1.5556
idle,ttlbox,SCHED_OTHER,0,2.0000,678,1.9402
idle,ttlbox,SCHED_OTHER,0,2.0000,679,1.4381
idle,ttlbox,SCHED_OTHER,0,2.0000,680,1.8731
idle,ttlbox,SCHED_OTHER,0,2.0000,681,1.3152
idle,ttlbox,SCHED_OTHER,0,2.0000,682,0.7160
idle,ttlbox,SCHED_OTHER,0,2.0000,683,1.0649
idle,ttlbox,SCHED_OTHER,0,2.0000,684,1.5651
idle,ttlbox,SCHED_OTHER,0,2.0000,685,1.8603
idle,ttlbox,SCHED_OTHER,0,2.0000,686,1.3882
idle,ttlbox,SCHED_OTHER,0,2.0000,687,1.6770
idle,ttlbox,SCHED_OTHER,0,2.0000,688,1.1183
idle,ttlbox,SCHED_OTHER,0,2.0000,689,1.6458
idle,ttlbox,SCHED_OTHER,0,2.0000,690,1.0465
idle,ttlbox,SCHED_OTHER,0,2.0000,691,1.4573
idle,ttlbox,SCHED_OTHER,0,2.0000,692,1.8529
idle,ttlbox,SCHED_OTHER,0,2.0000,693,1.1663
idle,ttlbox,SCHED_OTHER,0,2.0000,694,1.7084
idle,ttlbox,SCHED_OTHER,0,2.0000,695,1.1724
idle,ttlbox,SCHED_OTHER,0,2.0000,696,1.5112
idle,ttlbox,SCHED_OTHER,0,2.0000,697,2.0263
idle,ttlbox,SCHED_OTHER,0,2.0000,698,1.4308
idle,ttlbox,SCHED_OTHER,0,2.0000,699,1.7386
idle,ttlbox,SCHED_OTHER,0,2.0000,700,1.2222
idle,ttlbox,SCHED_OTHER,0,2.0000,701,1.5775
idle,ttlbox,SCHED_OTHER,0,2.0000,702,1.9098
idle,ttlbox,SCHED_OTHER,0,2.0000,703,1.2112
idle,ttlbox,SCHED_OTHER,0,2.0000,704,1.4916
idle,ttlbox,SCHED_OTHER,0,2.0000,705,1.9534
idle,ttlbox,SCHED_OTHER,0,2.0000,706,1.2362
idle,ttlbox,SCHED_OTHER,0,2.0000,707,1.7008
idle,ttlbox,SCHED_OTHER,0,2.0000,708,2.0434
idle,ttlbox,SCHED_OTHER,0,2.0000,709,1.4734
idle,ttlbox,SCHED_OTHER,0,2.0000,710,1.9281
idle,ttlbox,SCHED_OTHER,0,2.0000,711,1.4145
idle,ttlbox,SCHED_OTHER,0,2.0000,712,1.9714
idle,ttlbox,SCHED_OTHER,0,2.0000,713,1.2525
idle,ttlbox,SCHED_OTHER,0,2.0000,714,1.6822
idle,ttlbox,SCHED_OTHER,0,2.0000,715,2.0507
idle,ttlbox,SCHED_OTHER,0,2.0000,716,1.4732
idle,ttlbox,SCHED_OTHER,0,2.0000,717,1.8718
idle,ttlbox,SCHED_OTHER,0,2.0000,718,1.3836
idle,ttlbox,SCHED_OTHER,0,2.0000,719,1.7502
idle,ttlbox,SCHED_OTHER,0,2.0000,720,1.1685
idle,ttlbox,SCHED_OTHER,0,2.0000,721,1.6091
idle,ttlbox,SCHED_OTHER,0,2.0000,722,2.0269
idle,ttlbox,SCHED_OTHER,0,2.0000,723,1.3587
idle,ttlbox,SCHED_OTHER,0,2.0000,724,1.6947
idle,ttlbox,SCHED_OTHER,0,2.0000,725,1.1932
idle,ttlbox,SCHED_OTHER,0,2.0000,726,1.6751
idle,ttlbox,SCHED_OTHER,0,2.0000,727,1.1564
idle,ttlbox,SCHED_OTHER,0,2.0000,728,1.4852
idle,ttlbox,SCHED_OTHER,0,2.0000,729,1.7927
idle,ttlbox,SCHED_OTHER,0,2.0000,730,1.2421
idle,ttlbox,SCHED_OTHER,0,2.0000,731,1.6584
idle,ttlbox,SCHED_OTHER,0,2.0000,732,1.1978
idle,ttlbox,SCHED_OTHER,0,2.0000,733,1.5547
idle,ttlbox,SCHED_OTHER,0,2.0000,734,1.9658
idle,ttlbox,SCHED_OTHER,0,2.0000,735,1.2476
idle,ttlbox,SCHED_OTHER,0,2.0000,736,1.6283
idle,ttlbox,SCHED_OTHER,0,2.0000,737,1.9775
idle,ttlbox,SCHED_OTHER,0,2.0000,738,0.4200
idle,ttlbox,SCHED_OTHER,0,2.0000,739,1.8967
idle,ttlbox,SCHED_OTHER,0,2.0000,740,1.4185
idle,ttlbox,SCHED_OTHER,0,2.0000,741,1.7876
idle,ttlbox,SCHED_OTHER,0,2.0000,742,1.0931
idle,ttlbox,SCHED_OTHER,0,2.0000,743,1.6398
idle,ttlbox,SCHED_OTHER,0,2.0000,744,1.0927
idle,ttlbox,SCHED_OTHER,0,2.0000,745,1.4193
idle,ttlbox,SCHED_OTHER,0,2.0000,746,1.8788
idle,ttlbox,SCHED_OTHER,0,2.0000,747,1.3962
idle,ttlbox,SCHED_OTHER,0,2.0000,748,1.7881
idle,ttlbox,SCHED_OTHER,0,2.0000,749,1.2827
idle,ttlbox,SCHED_OTHER,0,2.0000,750,1.7502
idle,ttlbox,SCHED_OTHER,0,2.0000,751,1.1565
idle,ttlbox,SCHED_OTHER,0,2.0000,752,1.4916
idle,ttlbox,SCHED_OTHER,0,2.0000,753,1.8728
idle,ttlbox,SCHED_OTHER,0,2.0000,754,1.3137
idle,ttlbox,SCHED_OTHER,0,2.0000,755,1.7764
idle,ttlbox,SCHED_OTHER,0,2.0000,756,1.2523
idle,ttlbox,SCHED_OTHER,0,2.0000,757,1.5362
idle,ttlbox,SCHED_OTHER,0,2.0000,758,1.9456
idle,ttlbox,SCHED_OTHER,0,2.0000,759,1.3777
idle,ttlbox,SCHED_OTHER,0,2.0000,760,1.9289
idle,ttlbox,SCHED_OTHER,0,2.0000,761,1.3701
idle,ttlbox,SCHED_OTHER,0,2.0000,762,1.9172
idle,ttlbox,SCHED_OTHER,0,2.0000,763,1.4423
idle,ttlbox,SCHED_OTHER,0,2.0000,764,1.7628
idle,ttlbox,SCHED_OTHER,0,2.0000,765,1.1804
idle,ttlbox,SCHED_OTHER,0,2.0000,766,1.6894
idle,ttlbox,SCHED_OTHER,0,2.0000,767,0.0475
idle,ttlbox,SCHED_OTHER,0,2.0000,768,1.6093
idle,ttlbox,SCHED_OTHER,0,2.0000,769,2.0200
idle,ttlbox,SCHED_OTHER,0,2.0000,770,1.4805
idle,ttlbox,SCHED_OTHER,0,2.0000,771,1.9819
idle,ttlbox,SCHED_OTHER,0,2.0000,772,1.4684
idle,ttlbox,SCHED_OTHER,0,2.0000,773,2.0010
idle,ttlbox,SCHED_OTHER,0,2.0000,774,1.4634
idle,ttlbox,SCHED_OTHER,0,2.0000,775,1.9460
idle,ttlbox,SCHED_OTHER,0,2.0000,776,1.2780
idle,ttlbox,SCHED_OTHER,0,2.0000,777,1.6887
idle,ttlbox,SCHED_OTHER,0,2.0000,778,1.1564
idle,ttlbox,SCHED_OTHER,0,2.0000,779,1.5714
idle,ttlbox,SCHED_OTHER,0,2.0000,780,1.9633
idle,ttlbox,SCHED_OTHER,0,2.0000,781,1.4189
idle,ttlbox,SCHED_OTHER,0,2.0000,782,1.8372
idle,ttlbox,SCHED_OTHER,0,2.0000,783,1.2645
idle,ttlbox,SCHED_OTHER,0,2.0000,784,1.6032
idle,ttlbox,SCHED_OTHER,0,2.0000,785,2.0384
idle,ttlbox,SCHED_OTHER,0,2.0000,786,1.3700
idle,ttlbox,SCHED_OTHER,0,2.0000,787,1.9035
idle,ttlbox,SCHED_OTHER,0,2.0000,788,1.3776
idle,ttlbox,SCHED_OTHER,0,2.0000,789,1.6832
idle,ttlbox,SCHED_OTHER,0,2.0000,790,1.9895
idle,ttlbox,SCHED_OTHER,0,2.0000,791,1.4069
idle,ttlbox,SCHED_OTHER,0,2.0000,792,1.8793
idle,ttlbox,SCHED_OTHER,0,2.0000,793,1.2549
idle,ttlbox,SCHED_OTHER,0,2.0000,794,0.7128
idle,ttlbox,SCHED_OTHER,0,2.0000,795,1.0517
idle,ttlbox,SCHED_OTHER,0,2.0000,796,1.6045
idle,ttlbox,SCHED_OTHER,0,2.0000,797,1.0523
idle,ttlbox,SCHED_OTHER,0,2.0000,798,1.4319
idle,ttlbox,SCHED_OTHER,0,2.0000,799,1.9328
idle,ttlbox,SCHED_OTHER,0,2.0000,800,1.3513
idle,ttlbox,SCHED_OTHER,0,2.0000,801,1.7617
idle,ttlbox,SCHED_OTHER,0,2.0000,802,1.1543
idle,ttlbox,SCHED_OTHER,0,2.0000,803,1.4669
idle,ttlbox,SCHED_OTHER,0,2.0000,804,2.0273
idle,ttlbox,SCHED_OTHER,0,2.0000,805,1.3084
idle,ttlbox,SCHED_OTHER,0,2.0000,806,1.8069
idle,ttlbox,SCHED_OTHER,0,2.0000,807,1.3091
idle,ttlbox,SCHED_OTHER,0,2.0000,808,1.5981
idle,ttlbox,SCHED_OTHER,0,2.0000,809,2.0136
idle,ttlbox,SCHED_OTHER,0,2.0000,810,1.4853
idle,ttlbox,SCHED_OTHER,0,2.0000,811,1.9589
idle,ttlbox,SCHED_OTHER,0,2.0000,812,1.4322
idle,ttlbox,SCHED_OTHER,0,2.0000,813,1.9022
idle,ttlbox,SCHED_OTHER,0,2.0000,814,1.1986
idle,ttlbox,SCHED_OTHER,0,2.0000,815,1.6332
idle,ttlbox,SCHED_OTHER,0,2.0000,816,1.1621
idle,ttlbox,SCHED_OTHER,0,2.0000,817,1.6042
idle,ttlbox,SCHED_OTHER,0,2.0000,818,1.1191
idle,ttlbox,SCHED_OTHER,0,2.0000,819,1.5415
idle,ttlbox,SCHED_OTHER,0,2.0000,820,1.9154
idle,ttlbox,SCHED_OTHER,0,2.0000,821,1.4239
idle,ttlbox,SCHED_OTHER,0,2.0000,822,1.9026
idle,ttlbox,SCHED_OTHER,0,2.0000,823,0.2979
idle,ttlbox,SCHED_OTHER,0,2.0000,824,1.6957
idle,ttlbox,SCHED_OTHER,0,2.0000,825,1.1311
idle,ttlbox,SCHED_OTHER,0,2.0000,826,1.4361
idle,ttlbox,SCHED_OTHER,0,2.0000,827,1.8609
idle,ttlbox,SCHED_OTHER,0,2.0000,828,1.3093
idle,ttlbox,SCHED_OTHER,0,2.0000,829,1.6339
idle,ttlbox,SCHED_OTHER,0,2.0000,830,1.0951
idle,ttlbox,SCHED_OTHER,0,2.0000,831,1.5915
idle,ttlbox,SCHED_OTHER,0,2.0000,832,2.0380
idle,ttlbox,SCHED_OTHER,0,2.0000,833,1.3834
idle,ttlbox,SCHED_OTHER,0,2.0000,834,1.7260
idle,ttlbox,SCHED_OTHER,0,2.0000,835,2.0337
idle,ttlbox,SCHED_OTHER,0,2.0000,836,1.4849
idle,ttlbox,SCHED_OTHER,0,2.0000,837,2.0260
idle,ttlbox,SCHED_OTHER,0,2.0000,838,1.5183
idle,ttlbox,SCHED_OTHER,0,2.0000,839,1.9778
idle,ttlbox,SCHED_OTHER,0,2.0000,840,1.3349
idle,ttlbox,SCHED_OTHER,0,2.0000,841,1.7816
idle,ttlbox,SCHED_OTHER,0,2.0000,842,1.1115
idle,ttlbox,SCHED_OTHER,0,2.0000,843,1.4802
idle,ttlbox,SCHED_OTHER,0,2.0000,844,1.9339
idle,ttlbox,SCHED_OTHER,0,2.0000,845,1.4124
idle,ttlbox,SCHED_OTHER,0,2.0000,846,1.9097
idle,ttlbox,SCHED_OTHER,0,2.0000,847,1.3023
idle,ttlbox,SCHED_OTHER,0,2.0000,848,1.7128
idle,ttlbox,SCHED_OTHER,0,2.0000,849,1.0622
idle,ttlbox,SCHED_OTHER,0,2.0000,850,0.5306
idle,ttlbox,SCHED_OTHER,0,2.0000,851,2.0435
idle,ttlbox,SCHED_OTHER,0,2.0000,852,1.4499
idle,ttlbox,SCHED_OTHER,0,2.0000,853,1.8415
idle,ttlbox,SCHED_OTHER,0,2.0000,854,1.3393
idle,ttlbox,SCHED_OTHER,0,2.0000,855,1.8868
idle,ttlbox,SCHED_OTHER,0,2.0000,856,1.3813
idle,ttlbox,SCHED_OTHER,0,2.0000,857,1.7731
idle,ttlbox,SCHED_OTHER,0,2.0000,858,1.2905
idle,ttlbox,SCHED_OTHER,0,2.0000,859,1.6399
idle,ttlbox,SCHED_OTHER,0,2.0000,860,1.0695
idle,ttlbox,SCHED_OTHER,0,2.0000,861,1.4806
idle,ttlbox,SCHED_OTHER,0,2.0000,862,1.8416
idle,ttlbox,SCHED_OTHER,0,2.0000,863,1.2104
idle,ttlbox,SCHED_OTHER,0,2.0000,864,1.6208
idle,ttlbox,SCHED_OTHER,0,2.0000,865,2.0313
idle,ttlbox,SCHED_OTHER,0,2.0000,866,1.3818
idle,ttlbox,SCHED_OTHER,0,2.0000,867,1.9230
idle,ttlbox,SCHED_OTHER,0,2.0000,868,1.3042
idle,ttlbox,SCHED_OTHER,0,2.0000,869,1.7195
idle,ttlbox,SCHED_OTHER,0,2.0000,870,1.0697
idle,ttlbox,SCHED_OTHER,0,2.0000,871,1.3877
idle,ttlbox,SCHED_OTHER,0,2.0000,872,1.7861
idle,ttlbox,SCHED_OTHER,0,2.0000,873,1.1265
idle,ttlbox,SCHED_OTHER,0,2.0000,874,1.5297
idle,ttlbox,SCHED_OTHER,0,2.0000,875,1.9664
idle,ttlbox,SCHED_OTHER,0,2.0000,876,1.4879
idle,ttlbox,SCHED_OTHER,0,2.0000,877,1.8418
idle,ttlbox,SCHED_OTHER,0,2.0000,878,1.2218
idle,ttlbox,SCHED_OTHER,0,2.0000,879,1.5601
idle,ttlbox,SCHED_OTHER,0,2.0000,880,2.0254
idle,ttlbox,SCHED_OTHER,0,2.0000,881,1.5538
idle,ttlbox,SCHED_OTHER,0,2.0000,882,2.0200
idle,ttlbox,SCHED_OTHER,0,2.0000,883,1.3885
idle,ttlbox,SCHED_OTHER,0,2.0000,884,1.9340
idle,ttlbox,SCHED_OTHER,0,2.0000,885,1.3391
idle,ttlbox,SCHED_OTHER,0,2.0000,886,1.8039
idle,ttlbox,SCHED_OTHER,0,2.0000,887,1.0773
idle,ttlbox,SCHED_OTHER,0,2.0000,888,1.4308
idle,ttlbox,SCHED_OTHER,0,2.0000,889,1.7760
idle,ttlbox,SCHED_OTHER,0,2.0000,890,1.1078
idle,ttlbox,SCHED_OTHER,0,2.0000,891,1.5297
idle,ttlbox,SCHED_OTHER,0,2.0000,892,2.0200
idle,ttlbox,SCHED_OTHER,0,2.0000,893,1.4364
idle,ttlbox,SCHED_OTHER,0,2.0000,894,1.7618
idle,ttlbox,SCHED_OTHER,0,2.0000,895,1.1191
idle,ttlbox,SCHED_OTHER,0,2.0000,896,1.5222
idle,ttlbox,SCHED_OTHER,0,2.0000,897,1.9894
idle,ttlbox,SCHED_OTHER,0,2.0000,898,1.3141
idle,ttlbox,SCHED_OTHER,0,2.0000,899,1.8185
idle,ttlbox,SCHED_OTHER,0,2.0000,900,1.3207
idle,ttlbox,SCHED_OTHER,0,2.0000,901,1.7632
idle,ttlbox,SCHED_OTHER,0,2.0000,902,1.2788
idle,ttlbox,SCHED_OTHER,0,2.0000,903,1.6589
idle,ttlbox,SCHED_OTHER,0,2.0000,904,1.1265
idle,ttlbox,SCHED_OTHER,0,2.0000,905,1.5372
idle,ttlbox,SCHED_OTHER,0,2.0000,906,0.9288
idle,ttlbox,SCHED_OTHER,0,2.0000,907,1.4616
idle,ttlbox,SCHED_OTHER,0,2.0000,908,1.8174
idle,ttlbox,SCHED_OTHER,0,2.0000,909,1.3346
idle,ttlbox,SCHED_OTHER,0,2.0000,910,1.7617
idle,ttlbox,SCHED_OTHER,0,2.0000,911,1.3042
idle,ttlbox,SCHED_OTHER,0,2.0000,912,1.6966
idle,ttlbox,SCHED_OTHER,0,2.0000,913,1.1006
idle,ttlbox,SCHED_OTHER,0,2.0000,914,1.4805
idle,ttlbox,SCHED_OTHER,0,2.0000,915,1.8416
idle,ttlbox,SCHED_OTHER,0,2.0000,916,1.3517
idle,ttlbox,SCHED_OTHER,0,2.0000,917,1.8680
idle,ttlbox,SCHED_OTHER,0,2.0000,918,1.1989
idle,ttlbox,SCHED_OTHER,0,2.0000,919,1.6021
idle,ttlbox,SCHED_OTHER,0,2.0000,920,1.0875
idle,ttlbox,SCHED_OTHER,0,2.0000,921,1.6214
idle,ttlbox,SCHED_OTHER,0,2.0000,922,2.0315
idle,ttlbox,SCHED_OTHER,0,2.0000,923,1.5409
idle,ttlbox,SCHED_OTHER,0,2.0000,924,2.0276
idle,ttlbox,SCHED_OTHER,0,2.0000,925,1.4497
idle,ttlbox,SCHED_OTHER,0,2.0000,926,1.8783
idle,ttlbox,SCHED_OTHER,0,2.0000,927,1.2771
idle,ttlbox,SCHED_OTHER,0,2.0000,928,1.6535
idle,ttlbox,SCHED_OTHER,0,2.0000,929,1.9950
idle,ttlbox,SCHED_OTHER,0,2.0000,930,1.2780
idle,ttlbox,SCHED_OTHER,0,2.0000,931,1.7240
idle,ttlbox,SCHED_OTHER,0,2.0000,932,2.0439
idle,ttlbox,SCHED_OTHER,0,2.0000,933,1.3532
idle,ttlbox,SCHED_OTHER,0,2.0000,934,1.6894
idle,ttlbox,SCHED_OTHER,0,2.0000,935,0.0958
idle,ttlbox,SCHED_OTHER,0,2.0000,936,1.6326
idle,ttlbox,SCHED_OTHER,0,2.0000,937,1.9581
idle,ttlbox,SCHED_OTHER,0,2.0000,938,1.4690
idle,ttlbox,SCHED_OTHER,0,2.0000,939,1.9166
idle,ttlbox,SCHED_OTHER,0,2.0000,940,1.1981
idle,ttlbox,SCHED_OTHER,0,2.0000,941,1.5664
idle,ttlbox,SCHED_OTHER,0,2.0000,942,1.8907
idle,ttlbox,SCHED_OTHER,0,2.0000,943,1.1976
idle,ttlbox,SCHED_OTHER,0,2.0000,944,1.6265
idle,ttlbox,SCHED_OTHER,0,2.0000,945,2.0150
idle,ttlbox,SCHED_OTHER,0,2.0000,946,1.3205
idle,ttlbox,SCHED_OTHER,0,2.0000,947,1.8166
idle,ttlbox,SCHED_OTHER,0,2.0000,948,1.3015
idle,ttlbox,SCHED_OTHER,0,2.0000,949,1.8299
idle,ttlbox,SCHED_OTHER,0,2.0000,950,1.2903
idle,ttlbox,SCHED_OTHER,0,2.0000,951,1.7082
idle,ttlbox,SCHED_OTHER,0,2.0000,952,1.0888
idle,ttlbox,SCHED_OTHER,0,2.0000,953,1.6324
idle,ttlbox,SCHED_OTHER,0,2.0000,954,2.0439
idle,ttlbox,SCHED_OTHER,0,2.0000,955,1.4119
idle,ttlbox,SCHED_OTHER,0,2.0000,956,1.9656
idle,ttlbox,SCHED_OTHER,0,2.0000,957,1.2850
idle,ttlbox,SCHED_OTHER,0,2.0000,958,1.7678
idle,ttlbox,SCHED_OTHER,0,2.0000,959,1.1845
idle,ttlbox,SCHED_OTHER,0,2.0000,960,1.5472
idle,ttlbox,SCHED_OTHER,0,2.0000,961,1.0772
idle,ttlbox,SCHED_OTHER,0,2.0000,962,0.3232
idle,ttlbox,SCHED_OTHER,0,2.0000,963,1.8983
idle,ttlbox,SCHED_OTHER,0,2.0000,964,1.2844
idle,ttlbox,SCHED_OTHER,0,2.0000,965,1.5556
idle,ttlbox,SCHED_OTHER,0,2.0000,966,2.0322
idle,ttlbox,SCHED_OTHER,0,2.0000,967,1.4372
idle,ttlbox,SCHED_OTHER,0,2.0000,968,1.9044
idle,ttlbox,SCHED_OTHER,0,2.0000,969,1.3458
idle,ttlbox,SCHED_OTHER,0,2.0000,970,1.6779
idle,ttlbox,SCHED_OTHER,0,2.0000,971,1.9893
idle,ttlbox,SCHED_OTHER,0,2.0000,972,1.4012
idle,ttlbox,SCHED_OTHER,0,2.0000,973,1.8299
idle,ttlbox,SCHED_OTHER,0,2.0000,974,1.3574
idle,ttlbox,SCHED_OTHER,0,2.0000,975,1.8166
idle,ttlbox,SCHED_OTHER,0,2.0000,976,1.3333
idle,ttlbox,SCHED_OTHER,0,2.0000,977,1.8605
idle,ttlbox,SCHED_OTHER,0,2.0000,978,1.3889
idle,ttlbox,SCHED_OTHER,0,2.0000,979,1.8744
idle,ttlbox,SCHED_OTHER,0,2.0000,980,1.2949
idle,ttlbox,SCHED_OTHER,0,2.0000,981,1.6209
idle,ttlbox,SCHED_OTHER,0,2.0000,982,2.0272
idle,ttlbox,SCHED_OTHER,0,2.0000,983,1.3514
idle,ttlbox,SCHED_OTHER,0,2.0000,984,1.8860
idle,ttlbox,SCHED_OTHER,0,2.0000,985,1.4139
idle,ttlbox,SCHED_OTHER,0,2.0000,986,1.7736
idle,ttlbox,SCHED_OTHER,0,2.0000,987,1.0759
idle,ttlbox,SCHED_OTHER,0,2.0000,988,1.4868
idle,ttlbox,SCHED_OTHER,0,2.0000,989,0.8982
idle,ttlbox,SCHED_OTHER,0,2.0000,990,1.3151
idle,ttlbox,SCHED_OTHER,0,2.0000,991,1.6704
idle,ttlbox,SCHED_OTHER,0,2.0000,992,2.0200
idle,ttlbox,SCHED_OTHER,0,2.0000,993,1.3162
idle,ttlbox,SCHED_OTHER,0,2.0000,994,1.6585
idle,ttlbox,SCHED_OTHER,0,2.0000,995,2.0147
idle,ttlbox,SCHED_OTHER,0,2.0000,996,1.3826
idle,ttlbox,SCHED_OTHER,0,2.0000,997,1.8117
idle,ttlbox,SCHED_OTHER,0,2.0000,998,1.2058
idle,ttlbox,SCHED_OTHER,0,2.0000,999,1.5415
idle,ttlbox,SCHED_OTHER,0,5.0000,0,4.6642
idle,ttlbox,SCHED_OTHER,0,5.0000,1,5.1291
idle,ttlbox,SCHED_OTHER,0,5.0000,2,4.7439
idle,ttlbox,SCHED_OTHER,0,5.0000,3,4.3373
idle,ttlbox,SCHED_OTHER,0,5.0000,4,4.8042
idle,ttlbox,SCHED_OTHER,0,5.0000,5,4.1907
idle,ttlbox,SCHED_OTHER,0,5.0000,6,4.5217
idle,ttlbox,SCHED_OTHER,0,5.0000,7,4.9131
idle,ttlbox,SCHED_OTHER,0,5.0000,8,4.5167
idle,ttlbox,SCHED_OTHER,0,5.0000,9,4.8832
idle,ttlbox,SCHED_OTHER,0,5.0000,10,4.3690
idle,ttlbox,SCHED_OTHER,0,5.0000,11,3.9820
idle,ttlbox,SCHED_OTHER,0,5.0000,12,4.5169
idle,ttlbox,SCHED_OTHER,0,5.0000,13,4.9742
idle,ttlbox,SCHED_OTHER,0,5.0000,14,4.4162
idle,ttlbox,SCHED_OTHER,0,5.0000,15,4.9886
idle,ttlbox,SCHED_OTHER,0,5.0000,16,3.4075
idle,ttlbox,SCHED_OTHER,0,5.0000,17,4.9204
idle,ttlbox,SCHED_OTHER,0,5.0000,18,4.3991
idle,ttlbox,SCHED_OTHER,0,5.0000,19,4.9010
idle,ttlbox,SCHED_OTHER,0,5.0000,20,4.3807
idle,ttlbox,SCHED_OTHER,0,5.0000,21,4.8948
idle,ttlbox,SCHED_OTHER,0,5.0000,22,4.2777
idle,ttlbox,SCHED_OTHER,0,5.0000,23,4.8654
idle,ttlbox,SCHED_OTHER,0,5.0000,24,4.2212
idle,ttlbox,SCHED_OTHER,0,5.0000,25,4.7042
idle,ttlbox,SCHED_OTHER,0,5.0000,26,4.1903
idle,ttlbox,SCHED_OTHER,0,5.0000,27,4.6879
idle,ttlbox,SCHED_OTHER,0,5.0000,28,3.2544
idle,ttlbox,SCHED_OTHER,0,5.0000,29,4.7256
idle,ttlbox,SCHED_OTHER,0,5.0000,30,4.1487
idle,ttlbox,SCHED_OTHER,0,5.0000,31,4.6199
idle,ttlbox,SCHED_OTHER,0,5.0000,32,5.0185
idle,ttlbox,SCHED_OTHER,0,5.0000,33,3.5968
idle,ttlbox,SCHED_OTHER,0,5.0000,34,5.1147
idle,ttlbox,SCHED_OTHER,0,5.0000,35,4.4648
idle,ttlbox,SCHED_OTHER,0,5.0000,36,4.8893
idle,ttlbox,SCHED_OTHER,0,5.0000,37,4.3256
idle,ttlbox,SCHED_OTHER,0,5.0000,38,4.8331
idle,ttlbox,SCHED_OTHER,0,5.0000,39,4.3005
idle,ttlbox,SCHED_OTHER,0,5.0000,40,4.7357
idle,ttlbox,SCHED_OTHER,0,5.0000,41,4.1599
idle,ttlbox,SCHED_OTHER,0,5.0000,42,4.6882
idle,ttlbox,SCHED_OTHER,0,5.0000,43,5.0667
idle,ttlbox,SCHED_OTHER,0,5.0000,44,4.4721
idle,ttlbox,SCHED_OTHER,0,5.0000,45,4.8893
idle,ttlbox,SCHED_OTHER,0,5.0000,46,4.3545
idle,ttlbox,SCHED_OTHER,0,5.0000,47,4.7967
idle,ttlbox,SCHED_OTHER,0,5.0000,48,4.3567
idle,ttlbox,SCHED_OTHER,0,5.0000,49,4.7604
idle,ttlbox,SCHED_OTHER,0,5.0000,50,3.2720
idle,ttlbox,SCHED_OTHER,0,5.0000,51,4.8896
idle,ttlbox,SCHED_OTHER,0,5.0000,52,4.4603
idle,ttlbox,SCHED_OTHER,0,5.0000,53,5.0493
idle,ttlbox,SCHED_OTHER,0,5.0000,54,4.6067
idle,ttlbox,SCHED_OTHER,0,5.0000,55,4.1238
idle,ttlbox,SCHED_OTHER,0,5.0000,56,4.5966
idle,ttlbox,SCHED_OTHER,0,5.0000,57,5.0187
idle,ttlbox,SCHED_OTHER,0,5.0000,58,4.5530
idle,ttlbox,SCHED_OTHER,0,5.0000,59,5.1178
idle,ttlbox,SCHED_OTHER,0,5.0000,60,4.5097
idle,ttlbox,SCHED_OTHER,0,5.0000,61,4.9941
idle,ttlbox,SCHED_OTHER,0,5.0000,62,3.4134
idle,ttlbox,SCHED_OTHER,0,5.0000,63,4.9024
idle,ttlbox,SCHED_OTHER,0,5.0000,64,4.3142
idle,ttlbox,SCHED_OTHER,0,5.0000,65,4.7492
idle,ttlbox,SCHED_OTHER,0,5.0000,66,4.2879
idle,ttlbox,SCHED_OTHER,0,5.0000,67,3.6327
idle,ttlbox,SCHED_OTHER,0,5.0000,68,5.0359
idle,ttlbox,SCHED_OTHER,0,5.0000,69,4.4973
idle,ttlbox,SCHED_OTHER,0,5.0000,70,5.0000
idle,ttlbox,SCHED_OTHER,0,5.0000,71,4.4856
idle,ttlbox,SCHED_OTHER,0,5.0000,72,5.0190
idle,ttlbox,SCHED_OTHER,0,5.0000,73,4.6008
idle,ttlbox,SCHED_OTHER,0,5.0000,74,5.1032
idle,ttlbox,SCHED_OTHER,0,5.0000,75,4.6877
idle,ttlbox,SCHED_OTHER,0,5.0000,76,5.0561
idle,ttlbox,SCHED_OTHER,0,5.0000,77,4.5401
idle,ttlbox,SCHED_OTHER,0,5.0000,78,5.0380
idle,ttlbox,SCHED_OTHER,0,5.0000,79,4.5229
idle,ttlbox,SCHED_OTHER,0,5.0000,80,4.9459
idle,ttlbox,SCHED_OTHER,0,5.0000,81,4.4974
idle,ttlbox,SCHED_OTHER,0,5.0000,82,5.0000
idle,ttlbox,SCHED_OTHER,0,5.0000,83,4.4225
idle,ttlbox,SCHED_OTHER,0,5.0000,84,3.9391
idle,ttlbox,SCHED_OTHER,0,5.0000,85,4.4415
idle,ttlbox,SCHED_OTHER,0,5.0000,86,4.8821
idle,ttlbox,SCHED_OTHER,0,5.0000,87,4.4253
idle,ttlbox,SCHED_OTHER,0,5.0000,88,4.8594
idle,ttlbox,SCHED_OTHER,0,5.0000,89,4.3550
idle,ttlbox,SCHED_OTHER,0,5.0000,90,4.8961
idle,ttlbox,SCHED_OTHER,0,5.0000,91,4.3928
idle,ttlbox,SCHED_OTHER,0,5.0000,92,4.8282
idle,ttlbox,SCHED_OTHER,0,5.0000,93,4.2209
idle,ttlbox,SCHED_OTHER,0,5.0000,94,4.6430
idle,ttlbox,SCHED_OTHER,0,5.0000,95,4.1772
idle,ttlbox,SCHED_OTHER,0,5.0000,96,4.6504
idle,ttlbox,SCHED_OTHER,0,5.0000,97,4.1295
idle,ttlbox,SCHED_OTHER,0,5.0000,98,4.6689
idle,ttlbox,SCHED_OTHER,0,5.0000,99,5.0606
idle,ttlbox,SCHED_OTHER,0,5.0000,100,4.5646
idle,ttlbox,SCHED_OTHER,0,5.0000,101,4.0615
idle,ttlbox,SCHED_OTHER,0,5.0000,102,4.6684
idle,ttlbox,SCHED_OTHER,0,5.0000,103,5.1287
idle,ttlbox,SCHED_OTHER,0,5.0000,104,4.6128
idle,ttlbox,SCHED_OTHER,0,5.0000,105,5.0989
idle,ttlbox,SCHED_OTHER,0,5.0000,106,4.6016
idle,ttlbox,SCHED_OTHER,0,5.0000,107,5.0982
idle,ttlbox,SCHED_OTHER,0,5.0000,108,4.6865
idle,ttlbox,SCHED_OTHER,0,5.0000,109,4.1409
idle,ttlbox,SCHED_OTHER,0,5.0000,110,4.5942
idle,ttlbox,SCHED_OTHER,0,5.0000,111,5.0988
idle,ttlbox,SCHED_OTHER,0,5.0000,112,4.6319
idle,ttlbox,SCHED_OTHER,0,5.0000,113,5.0974
idle,ttlbox,SCHED_OTHER,0,5.0000,114,4.6868
idle,ttlbox,SCHED_OTHER,0,5.0000,115,4.1600
idle,ttlbox,SCHED_OTHER,0,5.0000,116,4.6008
idle,ttlbox,SCHED_OTHER,0,5.0000,117,4.1290
idle,ttlbox,SCHED_OTHER,0,5.0000,118,3.4914
idle,ttlbox,SCHED_OTHER,0,5.0000,119,4.1219
idle,ttlbox,SCHED_OTHER,0,5.0000,120,4.7369
idle,ttlbox,SCHED_OTHER,0,5.0000,121,4.3196
idle,ttlbox,SCHED_OTHER,0,5.0000,122,4.7171
idle,ttlbox,SCHED_OTHER,0,5.0000,123,4.2964
idle,ttlbox,SCHED_OTHER,0,5.0000,124,4.6616
idle,ttlbox,SCHED_OTHER,0,5.0000,125,4.2629
idle,ttlbox,SCHED_OTHER,0,5.0000,126,4.8346
idle,ttlbox,SCHED_OTHER,0,5.0000,127,4.2839
idle,ttlbox,SCHED_OTHER,0,5.0000,128,4.7120
idle,ttlbox,SCHED_OTHER,0,5.0000,129,4.2146
idle,ttlbox,SCHED_OTHER,0,5.0000,130,4.8329
idle,ttlbox,SCHED_OTHER,0,5.0000,131,4.3005
idle,ttlbox,SCHED_OTHER,0,5.0000,132,4.7118
idle,ttlbox,SCHED_OTHER,0,5.0000,133,5.1418
idle,ttlbox,SCHED_OTHER,0,5.0000,134,4.6570
idle,ttlbox,SCHED_OTHER,0,5.0000,135,3.0996
idle,ttlbox,SCHED_OTHER,0,5.0000,136,4.4956
idle,ttlbox,SCHED_OTHER,0,5.0000,137,4.9203
idle,ttlbox,SCHED_OTHER,0,5.0000,138,4.3501
idle,ttlbox,SCHED_OTHER,0,5.0000,139,4.9557
idle,ttlbox,SCHED_OTHER,0,5.0000,140,4.5229
idle,ttlbox,SCHED_OTHER,0,5.0000,141,4.9390
idle,ttlbox,SCHED_OTHER,0,5.0000,142,4.4110
idle,ttlbox,SCHED_OTHER,0,5.0000,143,5.0065
idle,ttlbox,SCHED_OTHER,0,5.0000,144,4.4236
idle,ttlbox,SCHED_OTHER,0,5.0000,145,4.9202
idle,ttlbox,SCHED_OTHER,0,5.0000,146,4.2887
idle,ttlbox,SCHED_OTHER,0,5.0000,147,4.9013
idle,ttlbox,SCHED_OTHER,0,5.0000,148,4.3425
idle,ttlbox,SCHED_OTHER,0,5.0000,149,4.8594
idle,ttlbox,SCHED_OTHER,0,5.0000,150,4.3456
idle,ttlbox,SCHED_OTHER,0,5.0000,151,4.7417
idle,ttlbox,SCHED_OTHER,0,5.0000,152,3.2459
idle,ttlbox,SCHED_OTHER,0,5.0000,153,4.8404
idle,ttlbox,SCHED_OTHER,0,5.0000,154,4.3803
idle,ttlbox,SCHED_OTHER,0,5.0000,155,4.9339
idle,ttlbox,SCHED_OTHER,0,5.0000,156,4.5402
idle,ttlbox,SCHED_OTHER,0,5.0000,157,4.9696
idle,ttlbox,SCHED_OTHER,0,5.0000,158,4.4784
idle,ttlbox,SCHED_OTHER,0,5.0000,159,5.0912
idle,ttlbox,SCHED_OTHER,0,5.0000,160,4.5514
idle,ttlbox,SCHED_OTHER,0,5.0000,161,4.9866
idle,ttlbox,SCHED_OTHER,0,5.0000,162,4.3570
idle,ttlbox,SCHED_OTHER,0,5.0000,163,4.7367
idle,ttlbox,SCHED_OTHER,0,5.0000,164,3.3082
idle,ttlbox,SCHED_OTHER,0,5.0000,165,4.8214
idle,ttlbox,SCHED_OTHER,0,5.0000,166,4.1952
idle,ttlbox,SCHED_OTHER,0,5.0000,167,4.7069
idle,ttlbox,SCHED_OTHER,0,5.0000,168,4.2773
idle,ttlbox,SCHED_OTHER,0,5.0000,169,3.6574
idle,ttlbox,SCHED_OTHER,0,5.0000,170,4.2705
idle,ttlbox,SCHED_OTHER,0,5.0000,171,4.8025
idle,ttlbox,SCHED_OTHER,0,5.0000,172,4.3994
idle,ttlbox,SCHED_OTHER,0,5.0000,173,4.9690
idle,ttlbox,SCHED_OTHER,0,5.0000,174,4.4677
idle,ttlbox,SCHED_OTHER,0,5.0000,175,4.9692
idle,ttlbox,SCHED_OTHER,0,5.0000,176,4.5141
idle,ttlbox,SCHED_OTHER,0,5.0000,177,5.0669
idle,ttlbox,SCHED_OTHER,0,5.0000,178,4.4604
idle,ttlbox,SCHED_OTHER,0,5.0000,179,4.9514
idle,ttlbox,SCHED_OTHER,0,5.0000,180,4.5286
idle,ttlbox,SCHED_OTHER,0,5.0000,181,4.9999
idle,ttlbox,SCHED_OTHER,0,5.0000,182,4.3928
idle,ttlbox,SCHED_OTHER,0,5.0000,183,4.9069
idle,ttlbox,SCHED_OTHER,0,5.0000,184,4.3376
idle,ttlbox,SCHED_OTHER,0,5.0000,185,4.7492
idle,ttlbox,SCHED_OTHER,0,5.0000,186,3.0921
idle,ttlbox,SCHED_OTHER,0,5.0000,187,4.5402
idle,ttlbox,SCHED_OTHER,0,5.0000,188,4.9566
idle,ttlbox,SCHED_OTHER,0,5.0000,189,4.3762
idle,ttlbox,SCHED_OTHER,0,5.0000,190,4.9814
idle,ttlbox,SCHED_OTHER,0,5.0000,191,4.5477
idle,ttlbox,SCHED_OTHER,0,5.0000,192,5.0493
idle,ttlbox,SCHED_OTHER,0,5.0000,193,4.4483
idle,ttlbox,SCHED_OTHER,0,5.0000,194,4.8637
idle,ttlbox,SCHED_OTHER,0,5.0000,195,4.3683
idle,ttlbox,SCHED_OTHER,0,5.0000,196,4.7346
idle,ttlbox,SCHED_OTHER,0,5.0000,197,4.1776
idle,ttlbox,SCHED_OTHER,0,5.0000,198,4.6557
idle,ttlbox,SCHED_OTHER,0,5.0000,199,4.1227
idle,ttlbox,SCHED_OTHER,0,5.0000,200,4.7110
idle,ttlbox,SCHED_OTHER,0,5.0000,201,4.3055
idle,ttlbox,SCHED_OTHER,0,5.0000,202,4.6950
idle,ttlbox,SCHED_OTHER,0,5.0000,203,3.1843
idle,ttlbox,SCHED_OTHER,0,5.0000,204,4.6554
idle,ttlbox,SCHED_OTHER,0,5.0000,205,4.1178
idle,ttlbox,SCHED_OTHER,0,5.0000,206,4.5212
idle,ttlbox,SCHED_OTHER,0,5.0000,207,4.9515
idle,ttlbox,SCHED_OTHER,0,5.0000,208,4.4795
idle,ttlbox,SCHED_OTHER,0,5.0000,209,4.9445
idle,ttlbox,SCHED_OTHER,0,5.0000,210,4.4649
idle,ttlbox,SCHED_OTHER,0,5.0000,211,4.9619
idle,ttlbox,SCHED_OTHER,0,5.0000,212,4.4415
idle,ttlbox,SCHED_OTHER,0,5.0000,213,5.0685
idle,ttlbox,SCHED_OTHER,0,5.0000,214,4.6575
idle,ttlbox,SCHED_OTHER,0,5.0000,215,5.0910
idle,ttlbox,SCHED_OTHER,0,5.0000,216,4.5519
idle,ttlbox,SCHED_OTHER,0,5.0000,217,4.9506
idle,ttlbox,SCHED_OTHER,0,5.0000,218,4.3918
idle,ttlbox,SCHED_OTHER,0,5.0000,219,4.8593
idle,ttlbox,SCHED_OTHER,0,5.0000,220,3.2329
idle,ttlbox,SCHED_OTHER,0,5.0000,221,4.7414
idle,ttlbox,SCHED_OTHER,0,5.0000,222,4.1161
idle,ttlbox,SCHED_OTHER,0,5.0000,223,4.5097
idle,ttlbox,SCHED_OTHER,0,5.0000,224,4.9458
idle,ttlbox,SCHED_OTHER,0,5.0000,225,4.4975
idle,ttlbox,SCHED_OTHER,0,5.0000,226,5.1028
idle,ttlbox,SCHED_OTHER,0,5.0000,227,4.6390
idle,ttlbox,SCHED_OTHER,0,5.0000,228,5.0798
idle,ttlbox,SCHED_OTHER,0,5.0000,229,4.5585
idle,ttlbox,SCHED_OTHER,0,5.0000,230,5.0612
idle,ttlbox,SCHED_OTHER,0,5.0000,231,4.5144
idle,ttlbox,SCHED_OTHER,0,5.0000,232,5.1177
idle,ttlbox,SCHED_OTHER,0,5.0000,233,4.7167
idle,ttlbox,SCHED_OTHER,0,5.0000,234,4.2655
idle,ttlbox,SCHED_OTHER,0,5.0000,235,4.8289
idle,ttlbox,SCHED_OTHER,0,5.0000,236,4.4298
idle,ttlbox,SCHED_OTHER,0,5.0000,237,4.0195
idle,ttlbox,SCHED_OTHER,0,5.0000,238,4.5288
idle,ttlbox,SCHED_OTHER,0,5.0000,239,5.0370
idle,ttlbox,SCHED_OTHER,0,5.0000,240,4.4956
idle,ttlbox,SCHED_OTHER,0,5.0000,241,4.8966
idle,ttlbox,SCHED_OTHER,0,5.0000,242,4.2968
idle,ttlbox,SCHED_OTHER,0,5.0000,243,4.7557
idle,ttlbox,SCHED_OTHER,0,5.0000,244,4.1978
idle,ttlbox,SCHED_OTHER,0,5.0000,245,4.8288
idle,ttlbox,SCHED_OTHER,0,5.0000,246,4.3613
idle,ttlbox,SCHED_OTHER,0,5.0000,247,4.9811
idle,ttlbox,SCHED_OTHER,0,5.0000,248,4.4035
idle,ttlbox,SCHED_OTHER,0,5.0000,249,4.8233
idle,ttlbox,SCHED_OTHER,0,5.0000,250,4.2834
idle,ttlbox,SCHED_OTHER,0,5.0000,251,4.7846
idle,ttlbox,SCHED_OTHER,0,5.0000,252,4.2274
idle,ttlbox,SCHED_OTHER,0,5.0000,253,4.8284
idle,ttlbox,SCHED_OTHER,0,5.0000,254,3.2098
idle,ttlbox,SCHED_OTHER,0,5.0000,255,4.7729
idle,ttlbox,SCHED_OTHER,0,5.0000,256,4.1480
idle,ttlbox,SCHED_OTHER,0,5.0000,257,4.7129
idle,ttlbox,SCHED_OTHER,0,5.0000,258,4.1772
idle,ttlbox,SCHED_OTHER,0,5.0000,259,4.6808
idle,ttlbox,SCHED_OTHER,0,5.0000,260,4.1487
idle,ttlbox,SCHED_OTHER,0,5.0000,261,4.6507
idle,ttlbox,SCHED_OTHER,0,5.0000,262,4.1415
idle,ttlbox,SCHED_OTHER,0,5.0000,263,4.6252
idle,ttlbox,SCHED_OTHER,0,5.0000,264,5.0134
idle,ttlbox,SCHED_OTHER,0,5.0000,265,4.5286
idle,ttlbox,SCHED_OTHER,0,5.0000,266,4.9882
idle,ttlbox,SCHED_OTHER,0,5.0000,267,4.5445
idle,ttlbox,SCHED_OTHER,0,5.0000,268,5.1103
idle,ttlbox,SCHED_OTHER,0,5.0000,269,4.5215
idle,ttlbox,SCHED_OTHER,0,5.0000,270,4.9273
idle,ttlbox,SCHED_OTHER,0,5.0000,271,3.2720
idle,ttlbox,SCHED_OTHER,0,5.0000,272,4.8667
idle,ttlbox,SCHED_OTHER,0,5.0000,273,4.2447
idle,ttlbox,SCHED_OTHER,0,5.0000,274,4.7678
idle,ttlbox,SCHED_OTHER,0,5.0000,275,4.3619
idle,ttlbox,SCHED_OTHER,0,5.0000,276,4.8777
idle,ttlbox,SCHED_OTHER,0,5.0000,277,4.4731
idle,ttlbox,SCHED_OTHER,0,5.0000,278,4.9743
idle,ttlbox,SCHED_OTHER,0,5.0000,279,4.3673
idle,ttlbox,SCHED_OTHER,0,5.0000,280,4.9570
idle,ttlbox,SCHED_OTHER,0,5.0000,281,4.4469
idle,ttlbox,SCHED_OTHER,0,5.0000,282,5.0619
idle,ttlbox,SCHED_OTHER,0,5.0000,283,4.5514
idle,ttlbox,SCHED_OTHER,0,5.0000,284,4.9335
idle,ttlbox,SCHED_OTHER,0,5.0000,285,4.3271
idle,ttlbox,SCHED_OTHER,0,5.0000,286,4.7681
idle,ttlbox,SCHED_OTHER,0,5.0000,287,4.2279
idle,ttlbox,SCHED_OTHER,0,5.0000,288,3.7732
idle,ttlbox,SCHED_OTHER,0,5.0000,289,4.2135
idle,ttlbox,SCHED_OTHER,0,5.0000,290,4.7608
idle,ttlbox,SCHED_OTHER,0,5.0000,291,4.1911
idle,ttlbox,SCHED_OTHER,0,5.0000,292,4.5706
idle,ttlbox,SCHED_OTHER,0,5.0000,293,4.1716
idle,ttlbox,SCHED_OTHER,0,5.0000,294,4.6766
idle,ttlbox,SCHED_OTHER,0,5.0000,295,4.1541
idle,ttlbox,SCHED_OTHER,0,5.0000,296,4.5285
idle,ttlbox,SCHED_OTHER,0,5.0000,297,5.0374
idle,ttlbox,SCHED_OTHER,0,5.0000,298,4.5514
idle,ttlbox,SCHED_OTHER,0,5.0000,299,5.1162
idle,ttlbox,SCHED_OTHER,0,5.0000,300,4.6765
idle,ttlbox,SCHED_OTHER,0,5.0000,301,5.0678
idle,ttlbox,SCHED_OTHER,0,5.0000,302,4.4603
idle,ttlbox,SCHED_OTHER,0,5.0000,303,4.9925
idle,ttlbox,SCHED_OTHER,0,5.0000,304,4.5704
idle,ttlbox,SCHED_OTHER,0,5.0000,305,4.0499
idle,ttlbox,SCHED_OTHER,0,5.0000,306,4.5468
idle,ttlbox,SCHED_OTHER,0,5.0000,307,4.1244
idle,ttlbox,SCHED_OTHER,0,5.0000,308,4.5150
idle,ttlbox,SCHED_OTHER,0,5.0000,309,4.1180
idle,ttlbox,SCHED_OTHER,0,5.0000,310,4.6336
idle,ttlbox,SCHED_OTHER,0,5.0000,311,5.0494
idle,ttlbox,SCHED_OTHER,0,5.0000,312,4.5535
idle,ttlbox,SCHED_OTHER,0,5.0000,313,5.1175
idle,ttlbox,SCHED_OTHER,0,5.0000,314,4.6870
idle,ttlbox,SCHED_OTHER,0,5.0000,315,5.1284
idle,ttlbox,SCHED_OTHER,0,5.0000,316,4.6326
idle,ttlbox,SCHED_OTHER,0,5.0000,317,5.0567
idle,ttlbox,SCHED_OTHER,0,5.0000,318,4.5475
idle,ttlbox,SCHED_OTHER,0,5.0000,319,5.0483
idle,ttlbox,SCHED_OTHER,0,5.0000,320,4.5147
idle,ttlbox,SCHED_OTHER,0,5.0000,321,5.1147
idle,ttlbox,SCHED_OTHER,0,5.0000,322,3.5103
idle,ttlbox,SCHED_OTHER,0,5.0000,323,5.0872
idle,ttlbox,SCHED_OTHER,0,5.0000,324,4.6387
idle,ttlbox,SCHED_OTHER,0,5.0000,325,4.2019
idle,ttlbox,SCHED_OTHER,0,5.0000,326,4.7245
idle,ttlbox,SCHED_OTHER,0,5.0000,327,4.1676
idle,ttlbox,SCHED_OTHER,0,5.0000,328,4.6858
idle,ttlbox,SCHED_OTHER,0,5.0000,329,5.0798
idle,ttlbox,SCHED_OTHER,0,5.0000,330,4.5288
idle,ttlbox,SCHED_OTHER,0,5.0000,331,5.0435
idle,ttlbox,SCHED_OTHER,0,5.0000,332,4.4957
idle,ttlbox,SCHED_OTHER,0,5.0000,333,4.9554
idle,ttlbox,SCHED_OTHER,0,5.0000,334,4.4222
idle,ttlbox,SCHED_OTHER,0,5.0000,335,4.9010
idle,ttlbox,SCHED_OTHER,0,5.0000,336,4.4716
idle,ttlbox,SCHED_OTHER,0,5.0000,337,4.9573
idle,ttlbox,SCHED_OTHER,0,5.0000,338,4.3190
idle,ttlbox,SCHED_OTHER,0,5.0000,339,3.8177
idle,ttlbox,SCHED_OTHER,0,5.0000,340,4.3194
idle,ttlbox,SCHED_OTHER,0,5.0000,341,4.7111
idle,ttlbox,SCHED_OTHER,0,5.0000,342,4.1790
idle,ttlbox,SCHED_OTHER,0,5.0000,343,4.6632
idle,ttlbox,SCHED_OTHER,0,5.0000,344,4.1468
idle,ttlbox,SCHED_OTHER,0,5.0000,345,4.7838
idle,ttlbox,SCHED_OTHER,0,5.0000,346,4.2892
idle,ttlbox,SCHED_OTHER,0,5.0000,347,4.8054
idle,ttlbox,SCHED_OTHER,0,5.0000,348,4.3500
idle,ttlbox,SCHED_OTHER,0,5.0000,349,4.8033
idle,ttlbox,SCHED_OTHER,0,5.0000,350,4.2473
idle,ttlbox,SCHED_OTHER,0,5.0000,351,4.7679
idle,ttlbox,SCHED_OTHER,0,5.0000,352,4.1967
idle,ttlbox,SCHED_OTHER,0,5.0000,353,4.6636
idle,ttlbox,SCHED_OTHER,0,5.0000,354,4.1791
idle,ttlbox,SCHED_OTHER,0,5.0000,355,4.6198
idle,ttlbox,SCHED_OTHER,0,5.0000,356,3.9656
idle,ttlbox,SCHED_OTHER,0,5.0000,357,4.3924
idle,ttlbox,SCHED_OTHER,0,5.0000,358,5.0075
idle,ttlbox,SCHED_OTHER,0,5.0000,359,4.4679
idle,ttlbox,SCHED_OTHER,0,5.0000,360,4.9340
idle,ttlbox,SCHED_OTHER,0,5.0000,361,4.4865
idle,ttlbox,SCHED_OTHER,0,5.0000,362,4.9506
idle,ttlbox,SCHED_OTHER,0,5.0000,363,4.5400
idle,ttlbox,SCHED_OTHER,0,5.0000,364,4.9946
idle,ttlbox,SCHED_OTHER,0,5.0000,365,4.4865
idle,ttlbox,SCHED_OTHER,0,5.0000,366,5.0417
idle,ttlbox,SCHED_OTHER,0,5.0000,367,4.4160
idle,ttlbox,SCHED_OTHER,0,5.0000,368,4.8759
idle,ttlbox,SCHED_OTHER,0,5.0000,369,4.4541
idle,ttlbox,SCHED_OTHER,0,5.0000,370,4.9267
idle,ttlbox,SCHED_OTHER,0,5.0000,371,4.5166
idle,ttlbox,SCHED_OTHER,0,5.0000,372,5.0918
idle,ttlbox,SCHED_OTHER,0,5.0000,373,3.5657
idle,ttlbox,SCHED_OTHER,0,5.0000,374,5.0535
idle,ttlbox,SCHED_OTHER,0,5.0000,375,4.4481
idle,ttlbox,SCHED_OTHER,0,5.0000,376,5.0000
idle,ttlbox,SCHED_OTHER,0,5.0000,377,4.4107
idle,ttlbox,SCHED_OTHER,0,5.0000,378,4.9145
idle,ttlbox,SCHED_OTHER,0,5.0000,379,4.4785
idle,ttlbox,SCHED_OTHER,0,5.0000,380,5.0259
idle,ttlbox,SCHED_OTHER,0,5.0000,381,4.5452
idle,ttlbox,SCHED_OTHER,0,5.0000,382,4.1165
idle,ttlbox,SCHED_OTHER,0,5.0000,383,4.5708
idle,ttlbox,SCHED_OTHER,0,5.0000,384,5.1102
idle,ttlbox,SCHED_OTHER,0,5.0000,385,4.6064
idle,ttlbox,SCHED_OTHER,0,5.0000,386,4.1555
idle,ttlbox,SCHED_OTHER,0,5.0000,387,4.6859
idle,ttlbox,SCHED_OTHER,0,5.0000,388,4.2453
idle,ttlbox,SCHED_OTHER,0,5.0000,389,4.6579
idle,ttlbox,SCHED_OTHER,0,5.0000,390,3.2164
idle,ttlbox,SCHED_OTHER,0,5.0000,391,4.7302
idle,ttlbox,SCHED_OTHER,0,5.0000,392,4.2038
idle,ttlbox,SCHED_OTHER,0,5.0000,393,4.7040
idle,ttlbox,SCHED_OTHER,0,5.0000,394,4.2571
idle,ttlbox,SCHED_OTHER,0,5.0000,395,4.7910
idle,ttlbox,SCHED_OTHER,0,5.0000,396,4.3148
idle,ttlbox,SCHED_OTHER,0,5.0000,397,4.9203
idle,ttlbox,SCHED_OTHER,0,5.0000,398,4.4983
idle,ttlbox,SCHED_OTHER,0,5.0000,399,5.0537
idle,ttlbox,SCHED_OTHER,0,5.0000,400,4.4174
idle,ttlbox,SCHED_OTHER,0,5.0000,401,4.7908
idle,ttlbox,SCHED_OTHER,0,5.0000,402,3.3248
idle,ttlbox,SCHED_OTHER,0,5.0000,403,4.8459
idle,ttlbox,SCHED_OTHER,0,5.0000,404,4.2346
idle,ttlbox,SCHED_OTHER,0,5.0000,405,4.7414
idle,ttlbox,SCHED_OTHER,0,5.0000,406,4.3373
idle,ttlbox,SCHED_OTHER,0,5.0000,407,3.8949
idle,ttlbox,SCHED_OTHER,0,5.0000,408,4.2776
idle,ttlbox,SCHED_OTHER,0,5.0000,409,4.7056
idle,ttlbox,SCHED_OTHER,0,5.0000,410,4.1295
idle,ttlbox,SCHED_OTHER,0,5.0000,411,4.7531
idle,ttlbox,SCHED_OTHER,0,5.0000,412,4.2345
idle,ttlbox,SCHED_OTHER,0,5.0000,413,4.7910
idle,ttlbox,SCHED_OTHER,0,5.0000,414,4.3369
idle,ttlbox,SCHED_OTHER,0,5.0000,415,4.7747
idle,ttlbox,SCHED_OTHER,0,5.0000,416,4.2218
idle,ttlbox,SCHED_OTHER,0,5.0000,417,4.6504
idle,ttlbox,SCHED_OTHER,0,5.0000,418,4.1644
idle,ttlbox,SCHED_OTHER,0,5.0000,419,3.5825
idle,ttlbox,SCHED_OTHER,0,5.0000,420,5.1175
idle,ttlbox,SCHED_OTHER,0,5.0000,421,4.5470
idle,ttlbox,SCHED_OTHER,0,5.0000,422,5.0190
idle,ttlbox,SCHED_OTHER,0,5.0000,423,4.3731
idle,ttlbox,SCHED_OTHER,0,5.0000,424,3.8902
idle,ttlbox,SCHED_OTHER,0,5.0000,425,4.2469
idle,ttlbox,SCHED_OTHER,0,5.0000,426,4.6456
idle,ttlbox,SCHED_OTHER,0,5.0000,427,5.1175
idle,ttlbox,SCHED_OTHER,0,5.0000,428,4.5288
idle,ttlbox,SCHED_OTHER,0,5.0000,429,5.0139
idle,ttlbox,SCHED_OTHER,0,5.0000,430,4.6082
idle,ttlbox,SCHED_OTHER,0,5.0000,431,4.1409
idle,ttlbox,SCHED_OTHER,0,5.0000,432,4.5936
idle,ttlbox,SCHED_OTHER,0,5.0000,433,5.0912
idle,ttlbox,SCHED_OTHER,0,5.0000,434,4.5589
idle,ttlbox,SCHED_OTHER,0,5.0000,435,5.0615
idle,ttlbox,SCHED_OTHER,0,5.0000,436,4.5328
idle,ttlbox,SCHED_OTHER,0,5.0000,437,4.9514
idle,ttlbox,SCHED_OTHER,0,5.0000,438,4.3456
idle,ttlbox,SCHED_OTHER,0,5.0000,439,4.9693
idle,ttlbox,SCHED_OTHER,0,5.0000,440,4.5020
idle,ttlbox,SCHED_OTHER,0,5.0000,441,3.9021
idle,ttlbox,SCHED_OTHER,0,5.0000,442,4.4676
idle,ttlbox,SCHED_OTHER,0,5.0000,443,5.0567
idle,ttlbox,SCHED_OTHER,0,5.0000,444,4.4674
idle,ttlbox,SCHED_OTHER,0,5.0000,445,4.9873
idle,ttlbox,SCHED_OTHER,0,5.0000,446,4.5213
idle,ttlbox,SCHED_OTHER,0,5.0000,447,5.0929
idle,ttlbox,SCHED_OTHER,0,5.0000,448,4.4863
idle,ttlbox,SCHED_OTHER,0,5.0000,449,5.0374
idle,ttlbox,SCHED_OTHER,0,5.0000,450,4.3808
idle,ttlbox,SCHED_OTHER,0,5.0000,451,4.9874
idle,ttlbox,SCHED_OTHER,0,5.0000,452,4.5780
idle,ttlbox,SCHED_OTHER,0,5.0000,453,3.1439
idle,ttlbox,SCHED_OTHER,0,5.0000,454,4.5895
idle,ttlbox,SCHED_OTHER,0,5.0000,455,5.0748
idle,ttlbox,SCHED_OTHER,0,5.0000,456,4.5538
idle,ttlbox,SCHED_OTHER,0,5.0000,457,5.0180
idle,ttlbox,SCHED_OTHER,0,5.0000,458,3.5548
idle,ttlbox,SCHED_OTHER,0,5.0000,459,5.0619
idle,ttlbox,SCHED_OTHER,0,5.0000,460,4.5515
idle,ttlbox,SCHED_OTHER,0,5.0000,461,5.1154
idle,ttlbox,SCHED_OTHER,0,5.0000,462,4.7257
idle,ttlbox,SCHED_OTHER,0,5.0000,463,5.0913
idle,ttlbox,SCHED_OTHER,0,5.0000,464,4.5705
idle,ttlbox,SCHED_OTHER,0,5.0000,465,5.0924
idle,ttlbox,SCHED_OTHER,0,5.0000,466,4.5335
idle,ttlbox,SCHED_OTHER,0,5.0000,467,4.9999
idle,ttlbox,SCHED_OTHER,0,5.0000,468,4.4120
idle,ttlbox,SCHED_OTHER,0,5.0000,469,4.9505
idle,ttlbox,SCHED_OTHER,0,5.0000,470,3.4257
idle,ttlbox,SCHED_OTHER,0,5.0000,471,4.8594
idle,ttlbox,SCHED_OTHER,0,5.0000,472,4.3994
idle,ttlbox,SCHED_OTHER,0,5.0000,473,4.9999
idle,ttlbox,SCHED_OTHER,0,5.0000,474,4.4344
idle,ttlbox,SCHED_OTHER,0,5.0000,475,4.0015
idle,ttlbox,SCHED_OTHER,0,5.0000,476,4.4958
idle,ttlbox,SCHED_OTHER,0,5.0000,477,5.0247
idle,ttlbox,SCHED_OTHER,0,5.0000,478,4.4602
idle,ttlbox,SCHED_OTHER,0,5.0000,479,5.0183
idle,ttlbox,SCHED_OTHER,0,5.0000,480,4.6243
idle,ttlbox,SCHED_OTHER,0,5.0000,481,5.1279
idle,ttlbox,SCHED_OTHER,0,5.0000,482,4.7301
idle,ttlbox,SCHED_OTHER,0,5.0000,483,4.1159
idle,ttlbox,SCHED_OTHER,0,5.0000,484,4.5770
idle,ttlbox,SCHED_OTHER,0,5.0000,485,5.0914
idle,ttlbox,SCHED_OTHER,0,5.0000,486,4.5661
idle,ttlbox,SCHED_OTHER,0,5.0000,487,5.0255
idle,ttlbox,SCHED_OTHER,0,5.0000,488,4.5209
idle,ttlbox,SCHED_OTHER,0,5.0000,489,4.1157
idle,ttlbox,SCHED_OTHER,0,5.0000,490,4.6388
idle,ttlbox,SCHED_OTHER,0,5.0000,491,4.1650
idle,ttlbox,SCHED_OTHER,0,5.0000,492,3.6773
idle,ttlbox,SCHED_OTHER,0,5.0000,493,4.2441
idle,ttlbox,SCHED_OTHER,0,5.0000,494,4.6857
idle,ttlbox,SCHED_OTHER,0,5.0000,495,4.1343
idle,ttlbox,SCHED_OTHER,0,5.0000,496,4.5706
idle,ttlbox,SCHED_OTHER,0,5.0000,497,4.9694
idle,ttlbox,SCHED_OTHER,0,5.0000,498,4.5579
idle,ttlbox,SCHED_OTHER,0,5.0000,499,4.1675
idle,ttlbox,SCHED_OTHER,0,5.0000,500,4.5704
idle,ttlbox,SCHED_OTHER,0,5.0000,501,4.1291
idle,ttlbox,SCHED_OTHER,0,5.0000,502,4.4983
idle,ttlbox,SCHED_OTHER,0,5.0000,503,5.0043
idle,ttlbox,SCHED_OTHER,0,5.0000,504,3.3693
idle,ttlbox,SCHED_OTHER,0,5.0000,505,4.9999
idle,ttlbox,SCHED_OTHER,0,5.0000,506,4.4421
idle,ttlbox,SCHED_OTHER,0,5.0000,507,4.8463
idle,ttlbox,SCHED_OTHER,0,5.0000,508,4.4489
idle,ttlbox,SCHED_OTHER,0,5.0000,509,3.8062
idle,ttlbox,SCHED_OTHER,0,5.0000,510,4.2879
idle,ttlbox,SCHED_OTHER,0,5.0000,511,4.9249
idle,ttlbox,SCHED_OTHER,0,5.0000,512,4.2834
idle,ttlbox,SCHED_OTHER,0,5.0000,513,4.8466
idle,ttlbox,SCHED_OTHER,0,5.0000,514,4.3757
idle,ttlbox,SCHED_OTHER,0,5.0000,515,4.8758
idle,ttlbox,SCHED_OTHER,0,5.0000,516,4.3062
idle,ttlbox,SCHED_OTHER,0,5.0000,517,4.7166
idle,ttlbox,SCHED_OTHER,0,5.0000,518,4.2135
idle,ttlbox,SCHED_OTHER,0,5.0000,519,4.5894
idle,ttlbox,SCHED_OTHER,0,5.0000,520,5.1154
idle,ttlbox,SCHED_OTHER,0,5.0000,521,3.4737
idle,ttlbox,SCHED_OTHER,0,5.0000,522,5.0916
idle,ttlbox,SCHED_OTHER,0,5.0000,523,4.4050
idle,ttlbox,SCHED_OTHER,0,5.0000,524,4.9270
idle,ttlbox,SCHED_OTHER,0,5.0000,525,4.3804
idle,ttlbox,SCHED_OTHER,0,5.0000,526,3.9025
idle,ttlbox,SCHED_OTHER,0,5.0000,527,4.3810
idle,ttlbox,SCHED_OTHER,0,5.0000,528,5.0048
idle,ttlbox,SCHED_OTHER,0,5.0000,529,4.4652
idle,ttlbox,SCHED_OTHER,0,5.0000,530,4.9955
idle,ttlbox,SCHED_OTHER,0,5.0000,531,4.5841
idle,ttlbox,SCHED_OTHER,0,5.0000,532,5.0304
idle,ttlbox,SCHED_OTHER,0,5.0000,533,4.5531
idle,ttlbox,SCHED_OTHER,0,5.0000,534,5.0989
idle,ttlbox,SCHED_OTHER,0,5.0000,535,4.6740
idle,ttlbox,SCHED_OTHER,0,5.0000,536,4.1486
idle,ttlbox,SCHED_OTHER,0,5.0000,537,4.7490
idle,ttlbox,SCHED_OTHER,0,5.0000,538,3.0994
idle,ttlbox,SCHED_OTHER,0,5.0000,539,4.5936
idle,ttlbox,SCHED_OTHER,0,5.0000,540,4.1288
idle,ttlbox,SCHED_OTHER,0,5.0000,541,4.5767
idle,ttlbox,SCHED_OTHER,0,5.0000,542,5.1161
idle,ttlbox,SCHED_OTHER,0,5.0000,543,3.6811
idle,ttlbox,SCHED_OTHER,0,5.0000,544,5.0927
idle,ttlbox,SCHED_OTHER,0,5.0000,545,4.5755
idle,ttlbox,SCHED_OTHER,0,5.0000,546,4.1427
idle,ttlbox,SCHED_OTHER,0,5.0000,547,4.7370
idle,ttlbox,SCHED_OTHER,0,5.0000,548,4.2760
idle,ttlbox,SCHED_OTHER,0,5.0000,549,4.7561
idle,ttlbox,SCHED_OTHER,0,5.0000,550,5.1106
idle,ttlbox,SCHED_OTHER,0,5.0000,551,4.5532
idle,ttlbox,SCHED_OTHER,0,5.0000,552,5.0989
idle,ttlbox,SCHED_OTHER,0,5.0000,553,4.5150
idle,ttlbox,SCHED_OTHER,0,5.0000,554,4.9505
idle,ttlbox,SCHED_OTHER,0,5.0000,555,3.3203
idle,ttlbox,SCHED_OTHER,0,5.0000,556,4.8828
idle,ttlbox,SCHED_OTHER,0,5.0000,557,4.3637
idle,ttlbox,SCHED_OTHER,0,5.0000,558,4.9321
idle,ttlbox,SCHED_OTHER,0,5.0000,559,4.5146
idle,ttlbox,SCHED_OTHER,0,5.0000,560,3.8834
idle,ttlbox,SCHED_OTHER,0,5.0000,561,4.4677
idle,ttlbox,SCHED_OTHER,0,5.0000,562,5.0229
idle,ttlbox,SCHED_OTHER,0,5.0000,563,4.5753
idle,ttlbox,SCHED_OTHER,0,5.0000,564,4.9201
idle,ttlbox,SCHED_OTHER,0,5.0000,565,4.5097
idle,ttlbox,SCHED_OTHER,0,5.0000,566,5.0622
idle,ttlbox,SCHED_OTHER,0,5.0000,567,4.5335
idle,ttlbox,SCHED_OTHER,0,5.0000,568,5.0229
idle,ttlbox,SCHED_OTHER,0,5.0000,569,4.5171
idle,ttlbox,SCHED_OTHER,0,5.0000,570,4.9320
idle,ttlbox,SCHED_OTHER,0,5.0000,571,4.4535
idle,ttlbox,SCHED_OTHER,0,5.0000,572,3.8781
idle,ttlbox,SCHED_OTHER,0,5.0000,573,4.4866
idle,ttlbox,SCHED_OTHER,0,5.0000,574,5.1105
idle,ttlbox,SCHED_OTHER,0,5.0000,575,4.5884
idle,ttlbox,SCHED_OTHER,0,5.0000,576,5.0427
idle,ttlbox,SCHED_OTHER,0,5.0000,577,3.4261
idle,ttlbox,SCHED_OTHER,0,5.0000,578,4.9695
idle,ttlbox,SCHED_OTHER,0,5.0000,579,4.5451
idle,ttlbox,SCHED_OTHER,0,5.0000,580,4.1231
idle,ttlbox,SCHED_OTHER,0,5.0000,581,4.5581
idle,ttlbox,SCHED_OTHER,0,5.0000,582,4.1363
idle,ttlbox,SCHED_OTHER,0,5.0000,583,4.7608
idle,ttlbox,SCHED_OTHER,0,5.0000,584,4.2635
idle,ttlbox,SCHED_OTHER,0,5.0000,585,4.6693
idle,ttlbox,SCHED_OTHER,0,5.0000,586,4.1346
idle,ttlbox,SCHED_OTHER,0,5.0000,587,4.7478
idle,ttlbox,SCHED_OTHER,0,5.0000,588,4.1555
idle,ttlbox,SCHED_OTHER,0,5.0000,589,3.6512
idle,ttlbox,SCHED_OTHER,0,5.0000,590,5.1057
idle,ttlbox,SCHED_OTHER,0,5.0000,591,4.5709
idle,ttlbox,SCHED_OTHER,0,5.0000,592,5.0351
idle,ttlbox,SCHED_OTHER,0,5.0000,593,4.6242
idle,ttlbox,SCHED_OTHER,0,5.0000,594,4.0803
idle,ttlbox,SCHED_OTHER,0,5.0000,595,4.6682
idle,ttlbox,SCHED_OTHER,0,5.0000,596,4.2394
idle,ttlbox,SCHED_OTHER,0,5.0000,597,4.7532
idle,ttlbox,SCHED_OTHER,0,5.0000,598,4.1365
idle,ttlbox,SCHED_OTHER,0,5.0000,599,4.7429
idle,ttlbox,SCHED_OTHER,0,5.0000,600,4.1729
idle,ttlbox,SCHED_OTHER,0,5.0000,601,4.6857
idle,ttlbox,SCHED_OTHER,0,5.0000,602,4.2281
idle,ttlbox,SCHED_OTHER,0,5.0000,603,4.6389
idle,ttlbox,SCHED_OTHER,0,5.0000,604,5.1148
idle,ttlbox,SCHED_OTHER,0,5.0000,605,4.5159
idle,ttlbox,SCHED_OTHER,0,5.0000,606,3.8486
idle,ttlbox,SCHED_OTHER,0,5.0000,607,4.2831
idle,ttlbox,SCHED_OTHER,0,5.0000,608,4.6616
idle,ttlbox,SCHED_OTHER,0,5.0000,609,4.2158
idle,ttlbox,SCHED_OTHER,0,5.0000,610,4.8054
idle,ttlbox,SCHED_OTHER,0,5.0000,611,3.3391
idle,ttlbox,SCHED_OTHER,0,5.0000,612,4.8212
idle,ttlbox,SCHED_OTHER,0,5.0000,613,4.3917
idle,ttlbox,SCHED_OTHER,0,5.0000,614,4.7920
idle,ttlbox,SCHED_OTHER,0,5.0000,615,4.2702
idle,ttlbox,SCHED_OTHER,0,5.0000,616,4.7176
idle,ttlbox,SCHED_OTHER,0,5.0000,617,4.1978
idle,ttlbox,SCHED_OTHER,0,5.0000,618,4.6502
idle,ttlbox,SCHED_OTHER,0,5.0000,619,5.0249
idle,ttlbox,SCHED_OTHER,0,5.0000,620,4.4723
idle,ttlbox,SCHED_OTHER,0,5.0000,621,4.8475
idle,ttlbox,SCHED_OTHER,0,5.0000,622,4.2821
idle,ttlbox,SCHED_OTHER,0,5.0000,623,3.7449
idle,ttlbox,SCHED_OTHER,0,5.0000,624,4.3197
idle,ttlbox,SCHED_OTHER,0,5.0000,625,4.8174
idle,ttlbox,SCHED_OTHER,0,5.0000,626,4.1427
idle,ttlbox,SCHED_OTHER,0,5.0000,627,4.5884
idle,ttlbox,SCHED_OTHER,0,5.0000,628,3.9655
idle,ttlbox,SCHED_OTHER,0,5.0000,629,4.4185
idle,ttlbox,SCHED_OTHER,0,5.0000,630,5.0257
idle,ttlbox,SCHED_OTHER,0,5.0000,631,4.3927
idle,ttlbox,SCHED_OTHER,0,5.0000,632,4.9823
idle,ttlbox,SCHED_OTHER,0,5.0000,633,4.5585
idle,ttlbox,SCHED_OTHER,0,5.0000,634,5.0914
idle,ttlbox,SCHED_OTHER,0,5.0000,635,4.4487
idle,ttlbox,SCHED_OTHER,0,5.0000,636,4.8403
idle,ttlbox,SCHED_OTHER,0,5.0000,637,4.3568
idle,ttlbox,SCHED_OTHER,0,5.0000,638,4.8824
idle,ttlbox,SCHED_OTHER,0,5.0000,639,4.4170
idle,ttlbox,SCHED_OTHER,0,5.0000,640,4.9070
idle,ttlbox,SCHED_OTHER,0,5.0000,641,4.3730
idle,ttlbox,SCHED_OTHER,0,5.0000,642,4.8972
idle,ttlbox,SCHED_OTHER,0,5.0000,643,4.2213
idle,ttlbox,SCHED_OTHER,0,5.0000,644,4.8451
idle,ttlbox,SCHED_OTHER,0,5.0000,645,3.4241
idle,ttlbox,SCHED_OTHER,0,5.0000,646,4.8404
idle,ttlbox,SCHED_OTHER,0,5.0000,647,4.4298
idle,ttlbox,SCHED_OTHER,0,5.0000,648,4.9512
idle,ttlbox,SCHED_OTHER,0,5.0000,649,4.3384
idle,ttlbox,SCHED_OTHER,0,5.0000,650,4.8037
idle,ttlbox,SCHED_OTHER,0,5.0000,651,4.3743
idle,ttlbox,SCHED_OTHER,0,5.0000,652,4.8952
idle,ttlbox,SCHED_OTHER,0,5.0000,653,4.2398
idle,ttlbox,SCHED_OTHER,0,5.0000,654,4.7376
idle,ttlbox,SCHED_OTHER,0,5.0000,655,4.2395
idle,ttlbox,SCHED_OTHER,0,5.0000,656,4.8717
idle,ttlbox,SCHED_OTHER,0,5.0000,657,3.3314
idle,ttlbox,SCHED_OTHER,0,5.0000,658,4.9249
idle,ttlbox,SCHED_OTHER,0,5.0000,659,4.3193
idle,ttlbox,SCHED_OTHER,0,5.0000,660,4.8653
idle,ttlbox,SCHED_OTHER,0,5.0000,661,4.2573
idle,ttlbox,SCHED_OTHER,0,5.0000,662,3.8535
idle,ttlbox,SCHED_OTHER,0,5.0000,663,4.4780
idle,ttlbox,SCHED_OTHER,0,5.0000,664,5.0490
idle,ttlbox,SCHED_OTHER,0,5.0000,665,4.6503
idle,ttlbox,SCHED_OTHER,0,5.0000,666,5.0863
idle,ttlbox,SCHED_OTHER,0,5.0000,667,4.4664
idle,ttlbox,SCHED_OTHER,0,5.0000,668,4.9441
idle,ttlbox,SCHED_OTHER,0,5.0000,669,4.3239
idle,ttlbox,SCHED_OTHER,0,5.0000,670,4.7836
idle,ttlbox,SCHED_OTHER,0,5.0000,671,4.2702
idle,ttlbox,SCHED_OTHER,0,5.0000,672,4.7869
idle,ttlbox,SCHED_OTHER,0,5.0000,673,4.1600
idle,ttlbox,SCHED_OTHER,0,5.0000,674,3.5709
idle,ttlbox,SCHED_OTHER,0,5.0000,675,5.0230
idle,ttlbox,SCHED_OTHER,0,5.0000,676,4.3873
idle,ttlbox,SCHED_OTHER,0,5.0000,677,4.9254
idle,ttlbox,SCHED_OTHER,0,5.0000,678,4.3149
idle,ttlbox,SCHED_OTHER,0,5.0000,679,3.7557
idle,ttlbox,SCHED_OTHER,0,5.0000,680,4.3130
idle,ttlbox,SCHED_OTHER,0,5.0000,681,4.8897
idle,ttlbox,SCHED_OTHER,0,5.0000,682,4.4342
idle,ttlbox,SCHED_OTHER,0,5.0000,683,5.0565
idle,ttlbox,SCHED_OTHER,0,5.0000,684,4.6148
idle,ttlbox,SCHED_OTHER,0,5.0000,685,5.0983
idle,ttlbox,SCHED_OTHER,0,5.0000,686,4.6077
idle,ttlbox,SCHED_OTHER,0,5.0000,687,4.1248
idle,ttlbox,SCHED_OTHER,0,5.0000,688,4.5020
idle,ttlbox,SCHED_OTHER,0,5.0000,689,4.9887
idle,ttlbox,SCHED_OTHER,0,5.0000,690,4.4739
idle,ttlbox,SCHED_OTHER,0,5.0000,691,4.9554
idle,ttlbox,SCHED_OTHER,0,5.0000,692,4.4167
idle,ttlbox,SCHED_OTHER,0,5.0000,693,4.8350
idle,ttlbox,SCHED_OTHER,0,5.0000,694,4.3425
idle,ttlbox,SCHED_OTHER,0,5.0000,695,4.7838
idle,ttlbox,SCHED_OTHER,0,5.0000,696,3.1303
idle,ttlbox,SCHED_OTHER,0,5.0000,697,4.7488
idle,ttlbox,SCHED_OTHER,0,5.0000,698,4.2629
idle,ttlbox,SCHED_OTHER,0,5.0000,699,4.7719
idle,ttlbox,SCHED_OTHER,0,5.0000,700,4.2209
idle,ttlbox,SCHED_OTHER,0,5.0000,701,4.7259
idle,ttlbox,SCHED_OTHER,0,5.0000,702,4.2397
idle,ttlbox,SCHED_OTHER,0,5.0000,703,4.8273
idle,ttlbox,SCHED_OTHER,0,5.0000,704,4.2939
idle,ttlbox,SCHED_OTHER,0,5.0000,705,4.8099
idle,ttlbox,SCHED_OTHER,0,5.0000,706,4.2650
idle,ttlbox,SCHED_OTHER,0,5.0000,707,4.8335
idle,ttlbox,SCHED_OTHER,0,5.0000,708,3.3205
idle,ttlbox,SCHED_OTHER,0,5.0000,709,4.7606
idle,ttlbox,SCHED_OTHER,0,5.0000,710,4.2394
idle,ttlbox,SCHED_OTHER,0,5.0000,711,4.7604
idle,ttlbox,SCHED_OTHER,0,5.0000,712,4.1243
idle,ttlbox,SCHED_OTHER,0,5.0000,713,3.5763
idle,ttlbox,SCHED_OTHER,0,5.0000,714,5.0843
idle,ttlbox,SCHED_OTHER,0,5.0000,715,4.5895
idle,ttlbox,SCHED_OTHER,0,5.0000,716,5.0494
idle,ttlbox,SCHED_OTHER,0,5.0000,717,4.5451
idle,ttlbox,SCHED_OTHER,0,5.0000,718,4.1294
idle,ttlbox,SCHED_OTHER,0,5.0000,719,4.6062
idle,ttlbox,SCHED_OTHER,0,5.0000,720,5.0664
idle,ttlbox,SCHED_OTHER,0,5.0000,721,4.5325
idle,ttlbox,SCHED_OTHER,0,5.0000,722,5.0303
idle,ttlbox,SCHED_OTHER,0,5.0000,723,4.6387
idle,ttlbox,SCHED_OTHER,0,5.0000,724,4.1467
idle,ttlbox,SCHED_OTHER,0,5.0000,725,3.5178
idle,ttlbox,SCHED_OTHER,0,5.0000,726,5.1170
idle,ttlbox,SCHED_OTHER,0,5.0000,727,4.5139
idle,ttlbox,SCHED_OTHER,0,5.0000,728,4.1292
idle,ttlbox,SCHED_OTHER,0,5.0000,729,4.6579
idle,ttlbox,SCHED_OTHER,0,5.0000,730,3.2353
idle,ttlbox,SCHED_OTHER,0,5.0000,731,4.7437
idle,ttlbox,SCHED_OTHER,0,5.0000,732,5.1282
idle,ttlbox,SCHED_OTHER,0,5.0000,733,4.4914
idle,ttlbox,SCHED_OTHER,0,5.0000,734,5.0984
idle,ttlbox,SCHED_OTHER,0,5.0000,735,4.6579
idle,ttlbox,SCHED_OTHER,0,5.0000,736,5.1284
idle,ttlbox,SCHED_OTHER,0,5.0000,737,4.5969
idle,ttlbox,SCHED_OTHER,0,5.0000,738,4.1861
idle,ttlbox,SCHED_OTHER,0,5.0000,739,4.5823
idle,ttlbox,SCHED_OTHER,0,5.0000,740,4.1466
idle,ttlbox,SCHED_OTHER,0,5.0000,741,4.5274
idle,ttlbox,SCHED_OTHER,0,5.0000,742,5.0308
idle,ttlbox,SCHED_OTHER,0,5.0000,743,4.5523
idle,ttlbox,SCHED_OTHER,0,5.0000,744,4.9749
idle,ttlbox,SCHED_OTHER,0,5.0000,745,4.4742
idle,ttlbox,SCHED_OTHER,0,5.0000,746,4.9646
idle,ttlbox,SCHED_OTHER,0,5.0000,747,3.4357
idle,ttlbox,SCHED_OTHER,0,5.0000,748,5.0612
idle,ttlbox,SCHED_OTHER,0,5.0000,749,4.6197
idle,ttlbox,SCHED_OTHER,0,5.0000,750,5.0487
idle,ttlbox,SCHED_OTHER,0,5.0000,751,4.5402
idle,ttlbox,SCHED_OTHER,0,5.0000,752,5.1179
idle,ttlbox,SCHED_OTHER,0,5.0000,753,4.6616
idle,ttlbox,SCHED_OTHER,0,5.0000,754,4.2441
idle,ttlbox,SCHED_OTHER,0,5.0000,755,4.8404
idle,ttlbox,SCHED_OTHER,0,5.0000,756,4.1981
idle,ttlbox,SCHED_OTHER,0,5.0000,757,4.7348
idle,ttlbox,SCHED_OTHER,0,5.0000,758,5.1292
idle,ttlbox,SCHED_OTHER,0,5.0000,759,3.7004
idle,ttlbox,SCHED_OTHER,0,5.0000,760,4.1370
idle,ttlbox,SCHED_OTHER,0,5.0000,761,4.5896
idle,ttlbox,SCHED_OTHER,0,5.0000,762,5.0241
idle,ttlbox,SCHED_OTHER,0,5.0000,763,4.4222
idle,ttlbox,SCHED_OTHER,0,5.0000,764,3.9932
idle,ttlbox,SCHED_OTHER,0,5.0000,765,4.5533
idle,ttlbox,SCHED_OTHER,0,5.0000,766,4.1416
idle,ttlbox,SCHED_OTHER,0,5.0000,767,4.6332
idle,ttlbox,SCHED_OTHER,0,5.0000,768,4.1666
idle,ttlbox,SCHED_OTHER,0,5.0000,769,4.6816
idle,ttlbox,SCHED_OTHER,0,5.0000,770,4.2703
idle,ttlbox,SCHED_OTHER,0,5.0000,771,4.8099
idle,ttlbox,SCHED_OTHER,0,5.0000,772,4.2138
idle,ttlbox,SCHED_OTHER,0,5.0000,773,4.8098
idle,ttlbox,SCHED_OTHER,0,5.0000,774,4.1600
idle,ttlbox,SCHED_OTHER,0,5.0000,775,4.7532
idle,ttlbox,SCHED_OTHER,0,5.0000,776,3.2591
idle,ttlbox,SCHED_OTHER,0,5.0000,777,4.7258
idle,ttlbox,SCHED_OTHER,0,5.0000,778,4.3005
idle,ttlbox,SCHED_OTHER,0,5.0000,779,4.7183
idle,ttlbox,SCHED_OTHER,0,5.0000,780,5.1105
idle,ttlbox,SCHED_OTHER,0,5.0000,781,3.6768
idle,ttlbox,SCHED_OTHER,0,5.0000,782,4.1955
idle,ttlbox,SCHED_OTHER,0,5.0000,783,4.8099
idle,ttlbox,SCHED_OTHER,0,5.0000,784,4.2815
idle,ttlbox,SCHED_OTHER,0,5.0000,785,4.6680
idle,ttlbox,SCHED_OTHER,0,5.0000,786,4.2656
idle,ttlbox,SCHED_OTHER,0,5.0000,787,4.7348
idle,ttlbox,SCHED_OTHER,0,5.0000,788,5.0988
idle,ttlbox,SCHED_OTHER,0,5.0000,789,4.4833
idle,ttlbox,SCHED_OTHER,0,5.0000,790,5.0380
idle,ttlbox,SCHED_OTHER,0,5.0000,791,4.3806
idle,ttlbox,SCHED_OTHER,0,5.0000,792,4.9510
idle,ttlbox,SCHED_OTHER,0,5.0000,793,3.5241
idle,ttlbox,SCHED_OTHER,0,5.0000,794,5.0306
idle,ttlbox,SCHED_OTHER,0,5.0000,795,4.5400
idle,ttlbox,SCHED_OTHER,0,5.0000,796,5.1147
idle,ttlbox,SCHED_OTHER,0,5.0000,797,4.6820
idle,ttlbox,SCHED_OTHER,0,5.0000,798,3.1533
idle,ttlbox,SCHED_OTHER,0,5.0000,799,4.7129
idle,ttlbox,SCHED_OTHER,0,5.0000,800,5.1102
idle,ttlbox,SCHED_OTHER,0,5.0000,801,4.6448
idle,ttlbox,SCHED_OTHER,0,5.0000,802,4.2259
idle,ttlbox,SCHED_OTHER,0,5.0000,803,4.6681
idle,ttlbox,SCHED_OTHER,0,5.0000,804,5.0798
idle,ttlbox,SCHED_OTHER,0,5.0000,805,4.6629
idle,ttlbox,SCHED_OTHER,0,5.0000,806,4.1952
idle,ttlbox,SCHED_OTHER,0,5.0000,807,4.7491
idle,ttlbox,SCHED_OTHER,0,5.0000,808,4.3310
idle,ttlbox,SCHED_OTHER,0,5.0000,809,4.8235
idle,ttlbox,SCHED_OTHER,0,5.0000,810,3.3643
idle,ttlbox,SCHED_OTHER,0,5.0000,811,4.8156
idle,ttlbox,SCHED_OTHER,0,5.0000,812,4.3366
idle,ttlbox,SCHED_OTHER,0,5.0000,813,4.9578
idle,ttlbox,SCHED_OTHER,0,5.0000,814,4.5474
idle,ttlbox,SCHED_OTHER,0,5.0000,815,4.1488
idle,ttlbox,SCHED_OTHER,0,5.0000,816,4.6808
idle,ttlbox,SCHED_OTHER,0,5.0000,817,4.2635
idle,ttlbox,SCHED_OTHER,0,5.0000,818,4.7663
idle,ttlbox,SCHED_OTHER,0,5.0000,819,4.2530
idle,ttlbox,SCHED_OTHER,0,5.0000,820,4.8780
idle,ttlbox,SCHED_OTHER,0,5.0000,821,4.2321
idle,ttlbox,SCHED_OTHER,0,5.0000,822,4.8404
idle,ttlbox,SCHED_OTHER,0,5.0000,823,4.3387
idle,ttlbox,SCHED_OTHER,0,5.0000,824,4.8544
idle,ttlbox,SCHED_OTHER,0,5.0000,825,4.4559
idle,ttlbox,SCHED_OTHER,0,5.0000,826,4.9629
idle,ttlbox,SCHED_OTHER,0,5.0000,827,3.3558
idle,ttlbox,SCHED_OTHER,0,5.0000,828,4.7924
idle,ttlbox,SCHED_OTHER,0,5.0000,829,4.2820
idle,ttlbox,SCHED_OTHER,0,5.0000,830,4.8894
idle,ttlbox,SCHED_OTHER,0,5.0000,831,4.4740
idle,ttlbox,SCHED_OTHER,0,5.0000,832,5.0119
idle,ttlbox,SCHED_OTHER,0,5.0000,833,4.4983
idle,ttlbox,SCHED_OTHER,0,5.0000,834,5.0305
idle,ttlbox,SCHED_OTHER,0,5.0000,835,4.4527
idle,ttlbox,SCHED_OTHER,0,5.0000,836,4.9386
idle,ttlbox,SCHED_OTHER,0,5.0000,837,4.4067
idle,ttlbox,SCHED_OTHER,0,5.0000,838,4.8145
idle,ttlbox,SCHED_OTHER,0,5.0000,839,4.1788
idle,ttlbox,SCHED_OTHER,0,5.0000,840,4.6388
idle,ttlbox,SCHED_OTHER,0,5.0000,841,4.1600
idle,ttlbox,SCHED_OTHER,0,5.0000,842,4.5936
idle,ttlbox,SCHED_OTHER,0,5.0000,843,5.0177
idle,ttlbox,SCHED_OTHER,0,5.0000,844,3.5722
idle,ttlbox,SCHED_OTHER,0,5.0000,845,4.1788
idle,ttlbox,SCHED_OTHER,0,5.0000,846,4.7117
idle,ttlbox,SCHED_OTHER,0,5.0000,847,4.3123
idle,ttlbox,SCHED_OTHER,0,5.0000,848,4.7656
idle,ttlbox,SCHED_OTHER,0,5.0000,849,4.2965
idle,ttlbox,SCHED_OTHER,0,5.0000,850,4.8331
idle,ttlbox,SCHED_OTHER,0,5.0000,851,4.3197
idle,ttlbox,SCHED_OTHER,0,5.0000,852,4.8826
idle,ttlbox,SCHED_OTHER,0,5.0000,853,4.2352
idle,ttlbox,SCHED_OTHER,0,5.0000,854,4.7477
idle,ttlbox,SCHED_OTHER,0,5.0000,855,5.1102
idle,ttlbox,SCHED_OTHER,0,5.0000,856,4.5891
idle,ttlbox,SCHED_OTHER,0,5.0000,857,4.1726
idle,ttlbox,SCHED_OTHER,0,5.0000,858,4.7492
idle,ttlbox,SCHED_OTHER,0,5.0000,859,4.3131
idle,ttlbox,SCHED_OTHER,0,5.0000,860,4.6809
idle,ttlbox,SCHED_OTHER,0,5.0000,861,4.0315
idle,ttlbox,SCHED_OTHER,0,5.0000,862,4.5327
idle,ttlbox,SCHED_OTHER,0,5.0000,863,5.0685
idle,ttlbox,SCHED_OTHER,0,5.0000,864,4.6640
idle,ttlbox,SCHED_OTHER,0,5.0000,865,4.2094
idle,ttlbox,SCHED_OTHER,0,5.0000,866,4.6072
idle,ttlbox,SCHED_OTHER,0,5.0000,867,4.1600
idle,ttlbox,SCHED_OTHER,0,5.0000,868,4.7489
idle,ttlbox,SCHED_OTHER,0,5.0000,869,4.2213
idle,ttlbox,SCHED_OTHER,0,5.0000,870,4.7239
idle,ttlbox,SCHED_OTHER,0,5.0000,871,4.1717
idle,ttlbox,SCHED_OTHER,0,5.0000,872,4.7302
idle,ttlbox,SCHED_OTHER,0,5.0000,873,3.1839
idle,ttlbox,SCHED_OTHER,0,5.0000,874,4.6197
idle,ttlbox,SCHED_OTHER,0,5.0000,875,5.0930
idle,ttlbox,SCHED_OTHER,0,5.0000,876,4.6390
idle,ttlbox,SCHED_OTHER,0,5.0000,877,5.0046
idle,ttlbox,SCHED_OTHER,0,5.0000,878,3.3770
idle,ttlbox,SCHED_OTHER,0,5.0000,879,4.9067
idle,ttlbox,SCHED_OTHER,0,5.0000,880,4.2768
idle,ttlbox,SCHED_OTHER,0,5.0000,881,4.7439
idle,ttlbox,SCHED_OTHER,0,5.0000,882,4.2893
idle,ttlbox,SCHED_OTHER,0,5.0000,883,4.8954
idle,ttlbox,SCHED_OTHER,0,5.0000,884,4.4970
idle,ttlbox,SCHED_OTHER,0,5.0000,885,4.9507
idle,ttlbox,SCHED_OTHER,0,5.0000,886,4.3924
idle,ttlbox,SCHED_OTHER,0,5.0000,887,4.9158
idle,ttlbox,SCHED_OTHER,0,5.0000,888,4.3635
idle,ttlbox,SCHED_OTHER,0,5.0000,889,4.6557
idle,ttlbox,SCHED_OTHER,0,5.0000,890,4.1156
idle,ttlbox,SCHED_OTHER,0,5.0000,891,4.6312
idle,ttlbox,SCHED_OTHER,0,5.0000,892,5.0488
idle,ttlbox,SCHED_OTHER,0,5.0000,893,4.6198
idle,ttlbox,SCHED_OTHER,0,5.0000,894,5.1278
idle,ttlbox,SCHED_OTHER,0,5.0000,895,3.6086
idle,ttlbox,SCHED_OTHER,0,5.0000,896,5.0303
idle,ttlbox,SCHED_OTHER,0,5.0000,897,4.5758
idle,ttlbox,SCHED_OTHER,0,5.0000,898,5.0310
idle,ttlbox,SCHED_OTHER,0,5.0000,899,4.3880
idle,ttlbox,SCHED_OTHER,0,5.0000,900,3.9890
idle,ttlbox,SCHED_OTHER,0,5.0000,901,4.5772
idle,ttlbox,SCHED_OTHER,0,5.0000,902,4.9645
idle,ttlbox,SCHED_OTHER,0,5.0000,903,4.4418
idle,ttlbox,SCHED_OTHER,0,5.0000,904,4.9820
idle,ttlbox,SCHED_OTHER,0,5.0000,905,4.4433
idle,ttlbox,SCHED_OTHER,0,5.0000,906,5.0305
idle,ttlbox,SCHED_OTHER,0,5.0000,907,4.5632
idle,ttlbox,SCHED_OTHER,0,5.0000,908,4.1468
idle,ttlbox,SCHED_OTHER,0,5.0000,909,4.7718
idle,ttlbox,SCHED_OTHER,0,5.0000,910,4.2821
idle,ttlbox,SCHED_OTHER,0,5.0000,911,4.7554
idle,ttlbox,SCHED_OTHER,0,5.0000,912,3.1737
idle,ttlbox,SCHED_OTHER,0,5.0000,913,4.7127
idle,ttlbox,SCHED_OTHER,0,5.0000,914,4.2344
idle,ttlbox,SCHED_OTHER,0,5.0000,915,4.7662
idle,ttlbox,SCHED_OTHER,0,5.0000,916,4.3500
idle,ttlbox,SCHED_OTHER,0,5.0000,917,4.9090
idle,ttlbox,SCHED_OTHER,0,5.0000,918,4.3876
idle,ttlbox,SCHED_OTHER,0,5.0000,919,4.8716
idle,ttlbox,SCHED_OTHER,0,5.0000,920,4.3614
idle,ttlbox,SCHED_OTHER,0,5.0000,921,4.8523
idle,ttlbox,SCHED_OTHER,0,5.0000,922,4.3926
idle,ttlbox,SCHED_OTHER,0,5.0000,923,4.7736
idle,ttlbox,SCHED_OTHER,0,5.0000,924,3.1926
idle,ttlbox,SCHED_OTHER,0,5.0000,925,4.8361
idle,ttlbox,SCHED_OTHER,0,5.0000,926,4.3145
idle,ttlbox,SCHED_OTHER,0,5.0000,927,4.8403
idle,ttlbox,SCHED_OTHER,0,5.0000,928,4.2817
idle,ttlbox,SCHED_OTHER,0,5.0000,929,3.7685
idle,ttlbox,SCHED_OTHER,0,5.0000,930,4.3007
idle,ttlbox,SCHED_OTHER,0,5.0000,931,4.7169
idle,ttlbox,SCHED_OTHER,0,5.0000,932,4.1463
idle,ttlbox,SCHED_OTHER,0,5.0000,933,4.6129
idle,ttlbox,SCHED_OTHER,0,5.0000,934,4.1600
idle,ttlbox,SCHED_OTHER,0,5.0000,935,4.4853
idle,ttlbox,SCHED_OTHER,0,5.0000,936,4.9871
idle,ttlbox,SCHED_OTHER,0,5.0000,937,4.4344
idle,ttlbox,SCHED_OTHER,0,5.0000,938,4.9770
idle,ttlbox,SCHED_OTHER,0,5.0000,939,4.4469
idle,ttlbox,SCHED_OTHER,0,5.0000,940,5.0123
idle,ttlbox,SCHED_OTHER,0,5.0000,941,4.5705
idle,ttlbox,SCHED_OTHER,0,5.0000,942,5.0180
idle,ttlbox,SCHED_OTHER,0,5.0000,943,4.6124
idle,ttlbox,SCHED_OTHER,0,5.0000,944,4.1730
idle,ttlbox,SCHED_OTHER,0,5.0000,945,4.6069
idle,ttlbox,SCHED_OTHER,0,5.0000,946,4.0316
idle,ttlbox,SCHED_OTHER,0,5.0000,947,4.6332
idle,ttlbox,SCHED_OTHER,0,5.0000,948,4.1903
idle,ttlbox,SCHED_OTHER,0,5.0000,949,4.7840
idle,ttlbox,SCHED_OTHER,0,5.0000,950,4.1780
idle,ttlbox,SCHED_OTHER,0,5.0000,951,4.5593
idle,ttlbox,SCHED_OTHER,0,5.0000,952,4.9322
idle,ttlbox,SCHED_OTHER,0,5.0000,953,4.2964
idle,ttlbox,SCHED_OTHER,0,5.0000,954,4.7114
idle,ttlbox,SCHED_OTHER,0,5.0000,955,4.2569
idle,ttlbox,SCHED_OTHER,0,5.0000,956,4.8765
idle,ttlbox,SCHED_OTHER,0,5.0000,957,4.2945
idle,ttlbox,SCHED_OTHER,0,5.0000,958,4.7072
idle,ttlbox,SCHED_OTHER,0,5.0000,959,4.1485
idle,ttlbox,SCHED_OTHER,0,5.0000,960,4.5895
idle,ttlbox,SCHED_OTHER,0,5.0000,961,5.0924
idle,ttlbox,SCHED_OTHER,0,5.0000,962,4.5445
idle,ttlbox,SCHED_OTHER,0,5.0000,963,3.9211
idle,ttlbox,SCHED_OTHER,0,5.0000,964,4.4424
idle,ttlbox,SCHED_OTHER,0,5.0000,965,4.9432
idle,ttlbox,SCHED_OTHER,0,5.0000,966,4.4367
idle,ttlbox,SCHED_OTHER,0,5.0000,967,4.8404
idle,ttlbox,SCHED_OTHER,0,5.0000,968,3.2640
idle,ttlbox,SCHED_OTHER,0,5.0000,969,4.9019
idle,ttlbox,SCHED_OTHER,0,5.0000,970,4.4559
idle,ttlbox,SCHED_OTHER,0,5.0000,971,5.0432
idle,ttlbox,SCHED_OTHER,0,5.0000,972,4.5328
idle,ttlbox,SCHED_OTHER,0,5.0000,973,5.1294
idle,ttlbox,SCHED_OTHER,0,5.0000,974,4.7427
idle,ttlbox,SCHED_OTHER,0,5.0000,975,4.3377
idle,ttlbox,SCHED_OTHER,0,5.0000,976,4.8592
idle,ttlbox,SCHED_OTHER,0,5.0000,977,4.4059
idle,ttlbox,SCHED_OTHER,0,5.0000,978,4.9387
idle,ttlbox,SCHED_OTHER,0,5.0000,979,4.4431
idle,ttlbox,SCHED_OTHER,0,5.0000,980,3.8860
idle,ttlbox,SCHED_OTHER,0,5.0000,981,4.4979
idle,ttlbox,SCHED_OTHER,0,5.0000,982,5.0304
idle,ttlbox,SCHED_OTHER,0,5.0000,983,4.4227
idle,ttlbox,SCHED_OTHER,0,5.0000,984,4.8895
idle,ttlbox,SCHED_OTHER,0,5.0000,985,3.3887
idle,ttlbox,SCHED_OTHER,0,5.0000,986,4.1786
idle,ttlbox,SCHED_OTHER,0,5.0000,987,4.8029
idle,ttlbox,SCHED_OTHER,0,5.0000,988,4.2890
idle,ttlbox,SCHED_OTHER,0,5.0000,989,4.8098
idle,ttlbox,SCHED_OTHER,0,5.0000,990,4.2705
idle,ttlbox,SCHED_OTHER,0,5.0000,991,4.6991
idle,ttlbox,SCHED_OTHER,0,5.0000,992,5.1167
idle,ttlbox,SCHED_OTHER,0,5.0000,993,4.6882
idle,ttlbox,SCHED_OTHER,0,5.0000,994,4.1776
idle,ttlbox,SCHED_OTHER,0,5.0000,995,4.5591
idle,ttlbox,SCHED_OTHER,0,5.0000,996,5.0444
idle,ttlbox,SCHED_OTHER,0,5.0000,997,4.6457
idle,ttlbox,SCHED_OTHER,0,5.0000,998,5.0872
idle,ttlbox,SCHED_OTHER,0,5.0000,999,4.5756
idle,ttlbox,SCHED_OTHER,0,10.0000,0,9.8762
idle,ttlbox,SCHED_OTHER,0,10.0000,1,9.5984
idle,ttlbox,SCHED_OTHER,0,10.0000,2,8.3036
idle,ttlbox,SCHED_OTHER,0,10.0000,3,10.0780
idle,ttlbox,SCHED_OTHER,0,10.0000,4,9.7658
idle,ttlbox,SCHED_OTHER,0,10.0000,5,9.2986
idle,ttlbox,SCHED_OTHER,0,10.0000,6,9.7890
idle,ttlbox,SCHED_OTHER,0,10.0000,7,9.4016
idle,ttlbox,SCHED_OTHER,0,10.0000,8,10.0937
idle,ttlbox,SCHED_OTHER,0,10.0000,9,8.4139
idle,ttlbox,SCHED_OTHER,0,10.0000,10,10.0287
idle,ttlbox,SCHED_OTHER,0,10.0000,11,9.6155
idle,ttlbox,SCHED_OTHER,0,10.0000,12,8.2685
idle,ttlbox,SCHED_OTHER,0,10.0000,13,9.8140
idle,ttlbox,SCHED_OTHER,0,10.0000,14,9.5005
idle,ttlbox,SCHED_OTHER,0,10.0000,15,10.2113
idle,ttlbox,SCHED_OTHER,0,10.0000,16,8.8811
idle,ttlbox,SCHED_OTHER,0,10.0000,17,9.5310
idle,ttlbox,SCHED_OTHER,0,10.0000,18,10.2181
idle,ttlbox,SCHED_OTHER,0,10.0000,19,8.8320
idle,ttlbox,SCHED_OTHER,0,10.0000,20,9.4509
idle,ttlbox,SCHED_OTHER,0,10.0000,21,10.1197
idle,ttlbox,SCHED_OTHER,0,10.0000,22,9.8131
idle,ttlbox,SCHED_OTHER,0,10.0000,23,9.4164
idle,ttlbox,SCHED_OTHER,0,10.0000,24,10.0401
idle,ttlbox,SCHED_OTHER,0,10.0000,25,9.6472
idle,ttlbox,SCHED_OTHER,0,10.0000,26,8.2119
idle,ttlbox,SCHED_OTHER,0,10.0000,27,9.7397
idle,ttlbox,SCHED_OTHER,0,10.0000,28,9.3902
idle,ttlbox,SCHED_OTHER,0,10.0000,29,9.1015
idle,ttlbox,SCHED_OTHER,0,10.0000,30,9.7215
idle,ttlbox,SCHED_OTHER,0,10.0000,31,9.3177
idle,ttlbox,SCHED_OTHER,0,10.0000,32,9.9298
idle,ttlbox,SCHED_OTHER,0,10.0000,33,8.5009
idle,ttlbox,SCHED_OTHER,0,10.0000,34,10.1813
idle,ttlbox,SCHED_OTHER,0,10.0000,35,9.8259
idle,ttlbox,SCHED_OTHER,0,10.0000,36,8.3295
idle,ttlbox,SCHED_OTHER,0,10.0000,37,9.9981
idle,ttlbox,SCHED_OTHER,0,10.0000,38,9.6860
idle,ttlbox,SCHED_OTHER,0,10.0000,39,9.3034
idle,ttlbox,SCHED_OTHER,0,10.0000,40,9.8987
idle,ttlbox,SCHED_OTHER,0,10.0000,41,9.4886
idle,ttlbox,SCHED_OTHER,0,10.0000,42,10.0592
idle,ttlbox,SCHED_OTHER,0,10.0000,43,8.7099
idle,ttlbox,SCHED_OTHER,0,10.0000,44,9.2429
idle,ttlbox,SCHED_OTHER,0,10.0000,45,9.7648
idle,ttlbox,SCHED_OTHER,0,10.0000,46,8.4529
idle,ttlbox,SCHED_OTHER,0,10.0000,47,10.1199
idle,ttlbox,SCHED_OTHER,0,10.0000,48,9.7958
idle,ttlbox,SCHED_OTHER,0,10.0000,49,9.4018
idle,ttlbox,SCHED_OTHER,0,10.0000,50,8.8392
idle,ttlbox,SCHED_OTHER,0,10.0000,51,9.3972
idle,ttlbox,SCHED_OTHER,0,10.0000,52,10.0514
idle,ttlbox,SCHED_OTHER,0,10.0000,53,8.6349
idle,ttlbox,SCHED_OTHER,0,10.0000,54,9.3836
idle,ttlbox,SCHED_OTHER,0,10.0000,55,9.8917
idle,ttlbox,SCHED_OTHER,0,10.0000,56,9.5801
idle,ttlbox,SCHED_OTHER,0,10.0000,57,10.1946
idle,ttlbox,SCHED_OTHER,0,10.0000,58,9.9163
idle,ttlbox,SCHED_OTHER,0,10.0000,59,9.5494
idle,ttlbox,SCHED_OTHER,0,10.0000,60,9.1394
idle,ttlbox,SCHED_OTHER,0,10.0000,61,9.6791
idle,ttlbox,SCHED_OTHER,0,10.0000,62,10.1620
idle,ttlbox,SCHED_OTHER,0,10.0000,63,8.7290
idle,ttlbox,SCHED_OTHER,0,10.0000,64,9.4761
idle,ttlbox,SCHED_OTHER,0,10.0000,65,10.1199
idle,ttlbox,SCHED_OTHER,0,10.0000,66,9.6105
idle,ttlbox,SCHED_OTHER,0,10.0000,67,9.1695
idle,ttlbox,SCHED_OTHER,0,10.0000,68,9.7521
idle,ttlbox,SCHED_OTHER,0,10.0000,69,9.3596
idle,ttlbox,SCHED_OTHER,0,10.0000,70,9.0170
idle,ttlbox,SCHED_OTHER,0,10.0000,71,9.6162
idle,ttlbox,SCHED_OTHER,0,10.0000,72,10.1322
idle,ttlbox,SCHED_OTHER,0,10.0000,73,9.6114
idle,ttlbox,SCHED_OTHER,0,10.0000,74,9.3408
idle,ttlbox,SCHED_OTHER,0,10.0000,75,10.0229
idle,ttlbox,SCHED_OTHER,0,10.0000,76,9.7146
idle,ttlbox,SCHED_OTHER,0,10.0000,77,8.3248
idle,ttlbox,SCHED_OTHER,0,10.0000,78,9.7755
idle,ttlbox,SCHED_OTHER,0,10.0000,79,9.3953
idle,ttlbox,SCHED_OTHER,0,10.0000,80,8.9989
idle,ttlbox,SCHED_OTHER,0,10.0000,81,9.6713
idle,ttlbox,SCHED_OTHER,0,10.0000,82,9.3715
idle,ttlbox,SCHED_OTHER,0,10.0000,83,9.9739
idle,ttlbox,SCHED_OTHER,0,10.0000,84,9.5991
idle,ttlbox,SCHED_OTHER,0,10.0000,85,10.1642
idle,ttlbox,SCHED_OTHER,0,10.0000,86,9.7214
idle,ttlbox,SCHED_OTHER,0,10.0000,87,8.3424
idle,ttlbox,SCHED_OTHER,0,10.0000,88,9.9119
idle,ttlbox,SCHED_OTHER,0,10.0000,89,9.5192
idle,ttlbox,SCHED_OTHER,0,10.0000,90,10.1429
idle,ttlbox,SCHED_OTHER,0,10.0000,91,9.7397
idle,ttlbox,SCHED_OTHER,0,10.0000,92,9.3150
idle,ttlbox,SCHED_OTHER,0,10.0000,93,9.8687
idle,ttlbox,SCHED_OTHER,0,10.0000,94,8.3481
idle,ttlbox,SCHED_OTHER,0,10.0000,95,9.9790
idle,ttlbox,SCHED_OTHER,0,10.0000,96,9.6735
idle,ttlbox,SCHED_OTHER,0,10.0000,97,8.2615
idle,ttlbox,SCHED_OTHER,0,10.0000,98,10.0219
idle,ttlbox,SCHED_OTHER,0,10.0000,99,9.7568
idle,ttlbox,SCHED_OTHER,0,10.0000,100,9.3406
idle,ttlbox,SCHED_OTHER,0,10.0000,101,9.9254
idle,ttlbox,SCHED_OTHER,0,10.0000,102,9.4743
idle,ttlbox,SCHED_OTHER,0,10.0000,103,10.2177
idle,ttlbox,SCHED_OTHER,0,10.0000,104,8.7667
idle,ttlbox,SCHED_OTHER,0,10.0000,105,9.3174
idle,ttlbox,SCHED_OTHER,0,10.0000,106,9.9222
idle,ttlbox,SCHED_OTHER,0,10.0000,107,8.5616
idle,ttlbox,SCHED_OTHER,0,10.0000,108,9.2422
idle,ttlbox,SCHED_OTHER,0,10.0000,109,9.9715
idle,ttlbox,SCHED_OTHER,0,10.0000,110,9.5385
idle,ttlbox,SCHED_OTHER,0,10.0000,111,9.1812
idle,ttlbox,SCHED_OTHER,0,10.0000,112,9.7092
idle,ttlbox,SCHED_OTHER,0,10.0000,113,9.3333
idle,ttlbox,SCHED_OTHER,0,10.0000,114,8.7851
idle,ttlbox,SCHED_OTHER,0,10.0000,115,9.5310
idle,ttlbox,SCHED_OTHER,0,10.0000,116,10.1503
idle,ttlbox,SCHED_OTHER,0,10.0000,117,9.8674
idle,ttlbox,SCHED_OTHER,0,10.0000,118,9.3666
idle,ttlbox,SCHED_OTHER,0,10.0000,119,10.0768
idle,ttlbox,SCHED_OTHER,0,10.0000,120,9.7161
idle,ttlbox,SCHED_OTHER,0,10.0000,121,8.3489
idle,ttlbox,SCHED_OTHER,0,10.0000,122,10.0653
idle,ttlbox,SCHED_OTHER,0,10.0000,123,9.6173
idle,ttlbox,SCHED_OTHER,0,10.0000,124,9.1452
idle,ttlbox,SCHED_OTHER,0,10.0000,125,9.8632
idle,ttlbox,SCHED_OTHER,0,10.0000,126,9.4822
idle,ttlbox,SCHED_OTHER,0,10.0000,127,10.1314
idle,ttlbox,SCHED_OTHER,0,10.0000,128,8.7051
idle,ttlbox,SCHED_OTHER,0,10.0000,129,9.3293
idle,ttlbox,SCHED_OTHER,0,10.0000,130,9.8763
idle,ttlbox,SCHED_OTHER,0,10.0000,131,8.4227
idle,ttlbox,SCHED_OTHER,0,10.0000,132,9.9726
idle,ttlbox,SCHED_OTHER,0,10.0000,133,9.6293
idle,ttlbox,SCHED_OTHER,0,10.0000,134,10.2364
idle,ttlbox,SCHED_OTHER,0,10.0000,135,9.7964
idle,ttlbox,SCHED_OTHER,0,10.0000,136,9.5009
idle,ttlbox,SCHED_OTHER,0,10.0000,137,10.2434
idle,ttlbox,SCHED_OTHER,0,10.0000,138,8.8464
idle,ttlbox,SCHED_OTHER,0,10.0000,139,9.4949
idle,ttlbox,SCHED_OTHER,0,10.0000,140,10.1320
idle,ttlbox,SCHED_OTHER,0,10.0000,141,8.6487
idle,ttlbox,SCHED_OTHER,0,10.0000,142,9.3520
idle,ttlbox,SCHED_OTHER,0,10.0000,143,9.9961
idle,ttlbox,SCHED_OTHER,0,10.0000,144,9.6835
idle,ttlbox,SCHED_OTHER,0,10.0000,145,9.2318
idle,ttlbox,SCHED_OTHER,0,10.0000,146,9.9865
idle,ttlbox,SCHED_OTHER,0,10.0000,147,9.6963
idle,ttlbox,SCHED_OTHER,0,10.0000,148,8.2425
idle,ttlbox,SCHED_OTHER,0,10.0000,149,9.8309
idle,ttlbox,SCHED_OTHER,0,10.0000,150,9.4254
idle,ttlbox,SCHED_OTHER,0,10.0000,151,10.0457
idle,ttlbox,SCHED_OTHER,0,10.0000,152,9.6231
idle,ttlbox,SCHED_OTHER,0,10.0000,153,9.2933
idle,ttlbox,SCHED_OTHER,0,10.0000,154,10.0401
idle,ttlbox,SCHED_OTHER,0,10.0000,155,8.6435
idle,ttlbox,SCHED_OTHER,0,10.0000,156,10.2303
idle,ttlbox,SCHED_OTHER,0,10.0000,157,9.7934
idle,ttlbox,SCHED_OTHER,0,10.0000,158,8.2993
idle,ttlbox,SCHED_OTHER,0,10.0000,159,9.9296
idle,ttlbox,SCHED_OTHER,0,10.0000,160,9.6476
idle,ttlbox,SCHED_OTHER,0,10.0000,161,10.2375
idle,ttlbox,SCHED_OTHER,0,10.0000,162,9.9119
idle,ttlbox,SCHED_OTHER,0,10.0000,163,9.4698
idle,ttlbox,SCHED_OTHER,0,10.0000,164,10.1085
idle,ttlbox,SCHED_OTHER,0,10.0000,165,8.6791
idle,ttlbox,SCHED_OTHER,0,10.0000,166,9.2799
idle,ttlbox,SCHED_OTHER,0,10.0000,167,9.7935
idle,ttlbox,SCHED_OTHER,0,10.0000,168,8.3956
idle,ttlbox,SCHED_OTHER,0,10.0000,169,10.1381
idle,ttlbox,SCHED_OTHER,0,10.0000,170,9.8012
idle,ttlbox,SCHED_OTHER,0,10.0000,171,9.4464
idle,ttlbox,SCHED_OTHER,0,10.0000,172,8.9986
idle,ttlbox,SCHED_OTHER,0,10.0000,173,9.6967
idle,ttlbox,SCHED_OTHER,0,10.0000,174,9.4140
idle,ttlbox,SCHED_OTHER,0,10.0000,175,9.0596
idle,ttlbox,SCHED_OTHER,0,10.0000,176,9.6600
idle,ttlbox,SCHED_OTHER,0,10.0000,177,9.2671
idle,ttlbox,SCHED_OTHER,0,10.0000,178,9.8576
idle,ttlbox,SCHED_OTHER,0,10.0000,179,9.5311
idle,ttlbox,SCHED_OTHER,0,10.0000,180,10.2414
idle,ttlbox,SCHED_OTHER,0,10.0000,181,9.8617
idle,ttlbox,SCHED_OTHER,0,10.0000,182,8.5318
idle,ttlbox,SCHED_OTHER,0,10.0000,183,10.2180
idle,ttlbox,SCHED_OTHER,0,10.0000,184,9.8432
idle,ttlbox,SCHED_OTHER,0,10.0000,185,8.5243
idle,ttlbox,SCHED_OTHER,0,10.0000,186,10.2050
idle,ttlbox,SCHED_OTHER,0,10.0000,187,9.7956
idle,ttlbox,SCHED_OTHER,0,10.0000,188,9.4814
idle,ttlbox,SCHED_OTHER,0,10.0000,189,8.9798
idle,ttlbox,SCHED_OTHER,0,10.0000,190,9.7352
idle,ttlbox,SCHED_OTHER,0,10.0000,191,9.3849
idle,ttlbox,SCHED_OTHER,0,10.0000,192,8.7472
idle,ttlbox,SCHED_OTHER,0,10.0000,193,9.3043
idle,ttlbox,SCHED_OTHER,0,10.0000,194,9.9553
idle,ttlbox,SCHED_OTHER,0,10.0000,195,9.5682
idle,ttlbox,SCHED_OTHER,0,10.0000,196,10.0818
idle,ttlbox,SCHED_OTHER,0,10.0000,197,9.7568
idle,ttlbox,SCHED_OTHER,0,10.0000,198,9.4623
idle,ttlbox,SCHED_OTHER,0,10.0000,199,9.1014
idle,ttlbox,SCHED_OTHER,0,10.0000,200,9.7823
idle,ttlbox,SCHED_OTHER,0,10.0000,201,9.3292
idle,ttlbox,SCHED_OTHER,0,10.0000,202,9.0529
idle,ttlbox,SCHED_OTHER,0,10.0000,203,9.7017
idle,ttlbox,SCHED_OTHER,0,10.0000,204,9.4395
idle,ttlbox,SCHED_OTHER,0,10.0000,205,10.0329
idle,ttlbox,SCHED_OTHER,0,10.0000,206,9.6237
idle,ttlbox,SCHED_OTHER,0,10.0000,207,10.1577
idle,ttlbox,SCHED_OTHER,0,10.0000,208,9.7394
idle,ttlbox,SCHED_OTHER,0,10.0000,209,8.3116
idle,ttlbox,SCHED_OTHER,0,10.0000,210,10.0663
idle,ttlbox,SCHED_OTHER,0,10.0000,211,9.6833
idle,ttlbox,SCHED_OTHER,0,10.0000,212,9.4210
idle,ttlbox,SCHED_OTHER,0,10.0000,213,10.1740
idle,ttlbox,SCHED_OTHER,0,10.0000,214,9.7398
idle,ttlbox,SCHED_OTHER,0,10.0000,215,9.3109
idle,ttlbox,SCHED_OTHER,0,10.0000,216,8.8447
idle,ttlbox,SCHED_OTHER,0,10.0000,217,9.6033
idle,ttlbox,SCHED_OTHER,0,10.0000,218,9.3238
idle,ttlbox,SCHED_OTHER,0,10.0000,219,8.9417
idle,ttlbox,SCHED_OTHER,0,10.0000,220,9.5977
idle,ttlbox,SCHED_OTHER,0,10.0000,221,10.2416
idle,ttlbox,SCHED_OTHER,0,10.0000,222,9.9113
idle,ttlbox,SCHED_OTHER,0,10.0000,223,9.4525
idle,ttlbox,SCHED_OTHER,0,10.0000,224,10.0029
idle,ttlbox,SCHED_OTHER,0,10.0000,225,9.4836
idle,ttlbox,SCHED_OTHER,0,10.0000,226,9.2125
idle,ttlbox,SCHED_OTHER,0,10.0000,227,9.8852
idle,ttlbox,SCHED_OTHER,0,10.0000,228,9.3903
idle,ttlbox,SCHED_OTHER,0,10.0000,229,9.9792
idle,ttlbox,SCHED_OTHER,0,10.0000,230,9.5448
idle,ttlbox,SCHED_OTHER,0,10.0000,231,10.1017
idle,ttlbox,SCHED_OTHER,0,10.0000,232,9.6524
idle,ttlbox,SCHED_OTHER,0,10.0000,233,9.2182
idle,ttlbox,SCHED_OTHER,0,10.0000,234,9.7398
idle,ttlbox,SCHED_OTHER,0,10.0000,235,9.2562
idle,ttlbox,SCHED_OTHER,0,10.0000,236,8.8083
idle,ttlbox,SCHED_OTHER,0,10.0000,237,9.4131
idle,ttlbox,SCHED_OTHER,0,10.0000,238,10.0287
idle,ttlbox,SCHED_OTHER,0,10.0000,239,9.5925
idle,ttlbox,SCHED_OTHER,0,10.0000,240,10.1504
idle,ttlbox,SCHED_OTHER,0,10.0000,241,9.6782
idle,ttlbox,SCHED_OTHER,0,10.0000,242,10.2432
idle,ttlbox,SCHED_OTHER,0,10.0000,243,8.7479
idle,ttlbox,SCHED_OTHER,0,10.0000,244,9.4938
idle,ttlbox,SCHED_OTHER,0,10.0000,245,10.0938
idle,ttlbox,SCHED_OTHER,0,10.0000,246,9.5990
idle,ttlbox,SCHED_OTHER,0,10.0000,247,10.2303
idle,ttlbox,SCHED_OTHER,0,10.0000,248,9.8196
idle,ttlbox,SCHED_OTHER,0,10.0000,249,9.4039
idle,ttlbox,SCHED_OTHER,0,10.0000,250,8.9842
idle,ttlbox,SCHED_OTHER,0,10.0000,251,9.7352
idle,ttlbox,SCHED_OTHER,0,10.0000,252,9.2677
idle,ttlbox,SCHED_OTHER,0,10.0000,253,8.9794
idle,ttlbox,SCHED_OTHER,0,10.0000,254,9.7024
idle,ttlbox,SCHED_OTHER,0,10.0000,255,9.3457
idle,ttlbox,SCHED_OTHER,0,10.0000,256,9.9357
idle,ttlbox,SCHED_OTHER,0,10.0000,257,9.5667
idle,ttlbox,SCHED_OTHER,0,10.0000,258,10.0942
idle,ttlbox,SCHED_OTHER,0,10.0000,259,9.7935
idle,ttlbox,SCHED_OTHER,0,10.0000,260,8.5009
idle,ttlbox,SCHED_OTHER,0,10.0000,261,10.2486
idle,ttlbox,SCHED_OTHER,0,10.0000,262,9.7398
idle,ttlbox,SCHED_OTHER,0,10.0000,263,8.4448
idle,ttlbox,SCHED_OTHER,0,10.0000,264,10.0327
idle,ttlbox,SCHED_OTHER,0,10.0000,265,9.6910
idle,ttlbox,SCHED_OTHER,0,10.0000,266,9.2610
idle,ttlbox,SCHED_OTHER,0,10.0000,267,8.9303
idle,ttlbox,SCHED_OTHER,0,10.0000,268,9.5560
idle,ttlbox,SCHED_OTHER,0,10.0000,269,10.1997
idle,ttlbox,SCHED_OTHER,0,10.0000,270,8.7535
idle,ttlbox,SCHED_OTHER,0,10.0000,271,9.3597
idle,ttlbox,SCHED_OTHER,0,10.0000,272,9.6904
idle,ttlbox,SCHED_OTHER,0,10.0000,273,9.3409
idle,ttlbox,SCHED_OTHER,0,10.0000,274,10.0704
idle,ttlbox,SCHED_OTHER,0,10.0000,275,9.7135
idle,ttlbox,SCHED_OTHER,0,10.0000,276,9.4206
idle,ttlbox,SCHED_OTHER,0,10.0000,277,9.1334
idle,ttlbox,SCHED_OTHER,0,10.0000,278,9.7888
idle,ttlbox,SCHED_OTHER,0,10.0000,279,9.5120
idle,ttlbox,SCHED_OTHER,0,10.0000,280,8.9797
idle,ttlbox,SCHED_OTHER,0,10.0000,281,9.7210
idle,ttlbox,SCHED_OTHER,0,10.0000,282,9.3465
idle,ttlbox,SCHED_OTHER,0,10.0000,283,10.0895
idle,ttlbox,SCHED_OTHER,0,10.0000,284,8.6792
idle,ttlbox,SCHED_OTHER,0,10.0000,285,9.2872
idle,ttlbox,SCHED_OTHER,0,10.0000,286,9.8679
idle,ttlbox,SCHED_OTHER,0,10.0000,287,8.5071
idle,ttlbox,SCHED_OTHER,0,10.0000,288,10.1313
idle,ttlbox,SCHED_OTHER,0,10.0000,289,9.8121
idle,ttlbox,SCHED_OTHER,0,10.0000,290,9.3407
idle,ttlbox,SCHED_OTHER,0,10.0000,291,10.0775
idle,ttlbox,SCHED_OTHER,0,10.0000,292,9.7151
idle,ttlbox,SCHED_OTHER,0,10.0000,293,9.4209
idle,ttlbox,SCHED_OTHER,0,10.0000,294,8.9924
idle,ttlbox,SCHED_OTHER,0,10.0000,295,9.6370
idle,ttlbox,SCHED_OTHER,0,10.0000,296,10.2563
idle,ttlbox,SCHED_OTHER,0,10.0000,297,8.8083
idle,ttlbox,SCHED_OTHER,0,10.0000,298,9.3221
idle,ttlbox,SCHED_OTHER,0,10.0000,299,9.9527
idle,ttlbox,SCHED_OTHER,0,10.0000,300,9.6039
idle,ttlbox,SCHED_OTHER,0,10.0000,301,9.2079
idle,ttlbox,SCHED_OTHER,0,10.0000,302,9.7959
idle,ttlbox,SCHED_OTHER,0,10.0000,303,9.2797
idle,ttlbox,SCHED_OTHER,0,10.0000,304,8.8808
idle,ttlbox,SCHED_OTHER,0,10.0000,305,9.6182
idle,ttlbox,SCHED_OTHER,0,10.0000,306,9.3105
idle,ttlbox,SCHED_OTHER,0,10.0000,307,9.8576
idle,ttlbox,SCHED_OTHER,0,10.0000,308,9.3595
idle,ttlbox,SCHED_OTHER,0,10.0000,309,10.0939
idle,ttlbox,SCHED_OTHER,0,10.0000,310,9.6167
idle,ttlbox,SCHED_OTHER,0,10.0000,311,8.2556
idle,ttlbox,SCHED_OTHER,0,10.0000,312,9.8549
idle,ttlbox,SCHED_OTHER,0,10.0000,313,9.3711
idle,ttlbox,SCHED_OTHER,0,10.0000,314,9.0027
idle,ttlbox,SCHED_OTHER,0,10.0000,315,9.7397
idle,ttlbox,SCHED_OTHER,0,10.0000,316,9.3767
idle,ttlbox,SCHED_OTHER,0,10.0000,317,10.1386
idle,ttlbox,SCHED_OTHER,0,10.0000,318,9.8198
idle,ttlbox,SCHED_OTHER,0,10.0000,319,9.4137
idle,ttlbox,SCHED_OTHER,0,10.0000,320,10.0589
idle,ttlbox,SCHED_OTHER,0,10.0000,321,8.5876
idle,ttlbox,SCHED_OTHER,0,10.0000,322,10.1267
idle,ttlbox,SCHED_OTHER,0,10.0000,323,9.7516
idle,ttlbox,SCHED_OTHER,0,10.0000,324,10.2607
idle,ttlbox,SCHED_OTHER,0,10.0000,325,9.8555
idle,ttlbox,SCHED_OTHER,0,10.0000,326,9.3535
idle,ttlbox,SCHED_OTHER,0,10.0000,327,9.9675
idle,ttlbox,SCHED_OTHER,0,10.0000,328,8.4211
idle,ttlbox,SCHED_OTHER,0,10.0000,329,9.9650
idle,ttlbox,SCHED_OTHER,0,10.0000,330,9.5802
idle,ttlbox,SCHED_OTHER,0,10.0000,331,9.1510
idle,ttlbox,SCHED_OTHER,0,10.0000,332,9.7284
idle,ttlbox,SCHED_OTHER,0,10.0000,333,9.3457
idle,ttlbox,SCHED_OTHER,0,10.0000,334,10.0959
idle,ttlbox,SCHED_OTHER,0,10.0000,335,9.7444
idle,ttlbox,SCHED_OTHER,0,10.0000,336,9.4086
idle,ttlbox,SCHED_OTHER,0,10.0000,337,10.1063
idle,ttlbox,SCHED_OTHER,0,10.0000,338,8.5633
idle,ttlbox,SCHED_OTHER,0,10.0000,339,10.2437
idle,ttlbox,SCHED_OTHER,0,10.0000,340,9.7285
idle,ttlbox,SCHED_OTHER,0,10.0000,341,8.2452
idle,ttlbox,SCHED_OTHER,0,10.0000,342,9.9675
idle,ttlbox,SCHED_OTHER,0,10.0000,343,9.4764
idle,ttlbox,SCHED_OTHER,0,10.0000,344,10.2173
idle,ttlbox,SCHED_OTHER,0,10.0000,345,8.6915
idle,ttlbox,SCHED_OTHER,0,10.0000,346,9.3591
idle,ttlbox,SCHED_OTHER,0,10.0000,347,10.0171
idle,ttlbox,SCHED_OTHER,0,10.0000,348,8.5807
idle,ttlbox,SCHED_OTHER,0,10.0000,349,10.1550
idle,ttlbox,SCHED_OTHER,0,10.0000,350,9.8008
idle,ttlbox,SCHED_OTHER,0,10.0000,351,9.4522
idle,ttlbox,SCHED_OTHER,0,10.0000,352,10.1149
idle,ttlbox,SCHED_OTHER,0,10.0000,353,9.7447
idle,ttlbox,SCHED_OTHER,0,10.0000,354,9.3472
idle,ttlbox,SCHED_OTHER,0,10.0000,355,8.9430
idle,ttlbox,SCHED_OTHER,0,10.0000,356,9.6174
idle,ttlbox,SCHED_OTHER,0,10.0000,357,9.2536
idle,ttlbox,SCHED_OTHER,0,10.0000,358,8.8827
idle,ttlbox,SCHED_OTHER,0,10.0000,359,9.6412
idle,ttlbox,SCHED_OTHER,0,10.0000,360,10.1505
idle,ttlbox,SCHED_OTHER,0,10.0000,361,9.7346
idle,ttlbox,SCHED_OTHER,0,10.0000,362,8.4517
idle,ttlbox,SCHED_OTHER,0,10.0000,363,10.0959
idle,ttlbox,SCHED_OTHER,0,10.0000,364,9.6554
idle,ttlbox,SCHED_OTHER,0,10.0000,365,8.3245
idle,ttlbox,SCHED_OTHER,0,10.0000,366,10.0402
idle,ttlbox,SCHED_OTHER,0,10.0000,367,9.5074
idle,ttlbox,SCHED_OTHER,0,10.0000,368,10.1428
idle,ttlbox,SCHED_OTHER,0,10.0000,369,9.7641
idle,ttlbox,SCHED_OTHER,0,10.0000,370,9.2490
idle,ttlbox,SCHED_OTHER,0,10.0000,371,9.9780
idle,ttlbox,SCHED_OTHER,0,10.0000,372,8.6794
idle,ttlbox,SCHED_OTHER,0,10.0000,373,9.2569
idle,ttlbox,SCHED_OTHER,0,10.0000,374,9.8263
idle,ttlbox,SCHED_OTHER,0,10.0000,375,8.4097
idle,ttlbox,SCHED_OTHER,0,10.0000,376,10.0171
idle,ttlbox,SCHED_OTHER,0,10.0000,377,9.6791
idle,ttlbox,SCHED_OTHER,0,10.0000,378,9.2912
idle,ttlbox,SCHED_OTHER,0,10.0000,379,9.0413
idle,ttlbox,SCHED_OTHER,0,10.0000,380,9.7706
idle,ttlbox,SCHED_OTHER,0,10.0000,381,9.4086
idle,ttlbox,SCHED_OTHER,0,10.0000,382,9.0165
idle,ttlbox,SCHED_OTHER,0,10.0000,383,9.7091
idle,ttlbox,SCHED_OTHER,0,10.0000,384,9.3105
idle,ttlbox,SCHED_OTHER,0,10.0000,385,9.9913
idle,ttlbox,SCHED_OTHER,0,10.0000,386,9.6412
idle,ttlbox,SCHED_OTHER,0,10.0000,387,9.3549
idle,ttlbox,SCHED_OTHER,0,10.0000,388,9.8871
idle,ttlbox,SCHED_OTHER,0,10.0000,389,8.3742
idle,ttlbox,SCHED_OTHER,0,10.0000,390,9.9605
idle,ttlbox,SCHED_OTHER,0,10.0000,391,9.5987
idle,ttlbox,SCHED_OTHER,0,10.0000,392,9.2003
idle,ttlbox,SCHED_OTHER,0,10.0000,393,9.7656
idle,ttlbox,SCHED_OTHER,0,10.0000,394,9.3825
idle,ttlbox,SCHED_OTHER,0,10.0000,395,9.8990
idle,ttlbox,SCHED_OTHER,0,10.0000,396,9.6298
idle,ttlbox,SCHED_OTHER,0,10.0000,397,10.2489
idle,ttlbox,SCHED_OTHER,0,10.0000,398,9.8575
idle,ttlbox,SCHED_OTHER,0,10.0000,399,8.4705
idle,ttlbox,SCHED_OTHER,0,10.0000,400,10.0474
idle,ttlbox,SCHED_OTHER,0,10.0000,401,9.5424
idle,ttlbox,SCHED_OTHER,0,10.0000,402,10.2039
idle,ttlbox,SCHED_OTHER,0,10.0000,403,9.6910
idle,ttlbox,SCHED_OTHER,0,10.0000,404,9.3825
idle,ttlbox,SCHED_OTHER,0,10.0000,405,10.0271
idle,ttlbox,SCHED_OTHER,0,10.0000,406,8.7144
idle,ttlbox,SCHED_OTHER,0,10.0000,407,9.3421
idle,ttlbox,SCHED_OTHER,0,10.0000,408,9.8500
idle,ttlbox,SCHED_OTHER,0,10.0000,409,8.4893
idle,ttlbox,SCHED_OTHER,0,10.0000,410,10.2051
idle,ttlbox,SCHED_OTHER,0,10.0000,411,9.8922
idle,ttlbox,SCHED_OTHER,0,10.0000,412,9.5307
idle,ttlbox,SCHED_OTHER,0,10.0000,413,10.2183
idle,ttlbox,SCHED_OTHER,0,10.0000,414,9.7631
idle,ttlbox,SCHED_OTHER,0,10.0000,415,9.4890
idle,ttlbox,SCHED_OTHER,0,10.0000,416,9.0969
idle,ttlbox,SCHED_OTHER,0,10.0000,417,9.8267
idle,ttlbox,SCHED_OTHER,0,10.0000,418,9.5628
idle,ttlbox,SCHED_OTHER,0,10.0000,419,9.2307
idle,ttlbox,SCHED_OTHER,0,10.0000,420,9.8613
idle,ttlbox,SCHED_OTHER,0,10.0000,421,9.5498
idle,ttlbox,SCHED_OTHER,0,10.0000,422,9.2675
idle,ttlbox,SCHED_OTHER,0,10.0000,423,8.9674
idle,ttlbox,SCHED_OTHER,0,10.0000,424,9.4771
idle,ttlbox,SCHED_OTHER,0,10.0000,425,10.2301
idle,ttlbox,SCHED_OTHER,0,10.0000,426,8.8275
idle,ttlbox,SCHED_OTHER,0,10.0000,427,9.4319
idle,ttlbox,SCHED_OTHER,0,10.0000,428,10.0710
idle,ttlbox,SCHED_OTHER,0,10.0000,429,9.6600
idle,ttlbox,SCHED_OTHER,0,10.0000,430,9.3717
idle,ttlbox,SCHED_OTHER,0,10.0000,431,9.8878
idle,ttlbox,SCHED_OTHER,0,10.0000,432,9.4873
idle,ttlbox,SCHED_OTHER,0,10.0000,433,9.0596
idle,ttlbox,SCHED_OTHER,0,10.0000,434,9.7965
idle,ttlbox,SCHED_OTHER,0,10.0000,435,9.3284
idle,ttlbox,SCHED_OTHER,0,10.0000,436,9.0285
idle,ttlbox,SCHED_OTHER,0,10.0000,437,9.5545
idle,ttlbox,SCHED_OTHER,0,10.0000,438,10.1429
idle,ttlbox,SCHED_OTHER,0,10.0000,439,9.7092
idle,ttlbox,SCHED_OTHER,0,10.0000,440,9.3665
idle,ttlbox,SCHED_OTHER,0,10.0000,441,9.8567
idle,ttlbox,SCHED_OTHER,0,10.0000,442,9.4743
idle,ttlbox,SCHED_OTHER,0,10.0000,443,9.0597
idle,ttlbox,SCHED_OTHER,0,10.0000,444,9.6730
idle,ttlbox,SCHED_OTHER,0,10.0000,445,10.2346
idle,ttlbox,SCHED_OTHER,0,10.0000,446,9.9111
idle,ttlbox,SCHED_OTHER,0,10.0000,447,9.4817
idle,ttlbox,SCHED_OTHER,0,10.0000,448,10.1568
idle,ttlbox,SCHED_OTHER,0,10.0000,449,9.8194
idle,ttlbox,SCHED_OTHER,0,10.0000,450,8.4781
idle,ttlbox,SCHED_OTHER,0,10.0000,451,9.2492
idle,ttlbox,SCHED_OTHER,0,10.0000,452,9.9057
idle,ttlbox,SCHED_OTHER,0,10.0000,453,8.3851
idle,ttlbox,SCHED_OTHER,0,10.0000,454,10.0818
idle,ttlbox,SCHED_OTHER,0,10.0000,455,9.6600
idle,ttlbox,SCHED_OTHER,0,10.0000,456,9.3361
idle,ttlbox,SCHED_OTHER,0,10.0000,457,9.8686
idle,ttlbox,SCHED_OTHER,0,10.0000,458,9.4699
idle,ttlbox,SCHED_OTHER,0,10.0000,459,10.1198
idle,ttlbox,SCHED_OTHER,0,10.0000,460,8.8086
idle,ttlbox,SCHED_OTHER,0,10.0000,461,9.3532
idle,ttlbox,SCHED_OTHER,0,10.0000,462,9.9480
idle,ttlbox,SCHED_OTHER,0,10.0000,463,9.6537
idle,ttlbox,SCHED_OTHER,0,10.0000,464,10.2414
idle,ttlbox,SCHED_OTHER,0,10.0000,465,9.9228
idle,ttlbox,SCHED_OTHER,0,10.0000,466,9.5076
idle,ttlbox,SCHED_OTHER,0,10.0000,467,9.1088
idle,ttlbox,SCHED_OTHER,0,10.0000,468,9.8387
idle,ttlbox,SCHED_OTHER,0,10.0000,469,9.3543
idle,ttlbox,SCHED_OTHER,0,10.0000,470,9.0764
idle,ttlbox,SCHED_OTHER,0,10.0000,471,9.5803
idle,ttlbox,SCHED_OTHER,0,10.0000,472,9.2869
idle,ttlbox,SCHED_OTHER,0,10.0000,473,9.9664
idle,ttlbox,SCHED_OTHER,0,10.0000,474,9.6476
idle,ttlbox,SCHED_OTHER,0,10.0000,475,10.1458
idle,ttlbox,SCHED_OTHER,0,10.0000,476,9.6952
idle,ttlbox,SCHED_OTHER,0,10.0000,477,8.3368
idle,ttlbox,SCHED_OTHER,0,10.0000,478,9.8876
idle,ttlbox,SCHED_OTHER,0,10.0000,479,9.4624
idle,ttlbox,SCHED_OTHER,0,10.0000,480,10.0891
idle,ttlbox,SCHED_OTHER,0,10.0000,481,9.7652
idle,ttlbox,SCHED_OTHER,0,10.0000,482,9.4648
idle,ttlbox,SCHED_OTHER,0,10.0000,483,9.7658
idle,ttlbox,SCHED_OTHER,0,10.0000,484,8.4282
idle,ttlbox,SCHED_OTHER,0,10.0000,485,10.1389
idle,ttlbox,SCHED_OTHER,0,10.0000,486,9.6221
idle,ttlbox,SCHED_OTHER,0,10.0000,487,9.2124
idle,ttlbox,SCHED_OTHER,0,10.0000,488,9.8575
idle,ttlbox,SCHED_OTHER,0,10.0000,489,9.5497
idle,ttlbox,SCHED_OTHER,0,10.0000,490,10.2416
idle,ttlbox,SCHED_OTHER,0,10.0000,491,9.8928
idle,ttlbox,SCHED_OTHER,0,10.0000,492,9.5938
idle,ttlbox,SCHED_OTHER,0,10.0000,493,10.1995
idle,ttlbox,SCHED_OTHER,0,10.0000,494,8.8809
idle,ttlbox,SCHED_OTHER,0,10.0000,495,9.4511
idle,ttlbox,SCHED_OTHER,0,10.0000,496,9.9907
idle,ttlbox,SCHED_OTHER,0,10.0000,497,8.6608
idle,ttlbox,SCHED_OTHER,0,10.0000,498,9.3237
idle,ttlbox,SCHED_OTHER,0,10.0000,499,10.0401
idle,ttlbox,SCHED_OTHER,0,10.0000,500,9.6527
idle,ttlbox,SCHED_OTHER,0,10.0000,501,9.1698
idle,ttlbox,SCHED_OTHER,0,10.0000,502,9.8369
idle,ttlbox,SCHED_OTHER,0,10.0000,503,9.4698
idle,ttlbox,SCHED_OTHER,0,10.0000,504,8.9842
idle,ttlbox,SCHED_OTHER,0,10.0000,505,9.6105
idle,ttlbox,SCHED_OTHER,0,10.0000,506,10.2489
idle,ttlbox,SCHED_OTHER,0,10.0000,507,9.7766
idle,ttlbox,SCHED_OTHER,0,10.0000,508,9.3784
idle,ttlbox,SCHED_OTHER,0,10.0000,509,9.9295
idle,ttlbox,SCHED_OTHER,0,10.0000,510,9.5573
idle,ttlbox,SCHED_OTHER,0,10.0000,511,9.1760
idle,ttlbox,SCHED_OTHER,0,10.0000,512,9.8881
idle,ttlbox,SCHED_OTHER,0,10.0000,513,9.5008
idle,ttlbox,SCHED_OTHER,0,10.0000,514,9.1927
idle,ttlbox,SCHED_OTHER,0,10.0000,515,9.6837
idle,ttlbox,SCHED_OTHER,0,10.0000,516,9.3719
idle,ttlbox,SCHED_OTHER,0,10.0000,517,10.0708
idle,ttlbox,SCHED_OTHER,0,10.0000,518,8.7405
idle,ttlbox,SCHED_OTHER,0,10.0000,519,9.2986
idle,ttlbox,SCHED_OTHER,0,10.0000,520,9.9066
idle,ttlbox,SCHED_OTHER,0,10.0000,521,8.6040
idle,ttlbox,SCHED_OTHER,0,10.0000,522,9.2378
idle,ttlbox,SCHED_OTHER,0,10.0000,523,9.7887
idle,ttlbox,SCHED_OTHER,0,10.0000,524,9.4207
idle,ttlbox,SCHED_OTHER,0,10.0000,525,10.1505
idle,ttlbox,SCHED_OTHER,0,10.0000,526,9.8271
idle,ttlbox,SCHED_OTHER,0,10.0000,527,9.3290
idle,ttlbox,SCHED_OTHER,0,10.0000,528,8.9988
idle,ttlbox,SCHED_OTHER,0,10.0000,529,9.5924
idle,ttlbox,SCHED_OTHER,0,10.0000,530,10.1503
idle,ttlbox,SCHED_OTHER,0,10.0000,531,8.8126
idle,ttlbox,SCHED_OTHER,0,10.0000,532,9.3901
idle,ttlbox,SCHED_OTHER,0,10.0000,533,10.0894
idle,ttlbox,SCHED_OTHER,0,10.0000,534,9.6906
idle,ttlbox,SCHED_OTHER,0,10.0000,535,9.2925
idle,ttlbox,SCHED_OTHER,0,10.0000,536,9.9171
idle,ttlbox,SCHED_OTHER,0,10.0000,537,9.5737
idle,ttlbox,SCHED_OTHER,0,10.0000,538,9.1014
idle,ttlbox,SCHED_OTHER,0,10.0000,539,9.8500
idle,ttlbox,SCHED_OTHER,0,10.0000,540,9.4887
idle,ttlbox,SCHED_OTHER,0,10.0000,541,10.0845
idle,ttlbox,SCHED_OTHER,0,10.0000,542,9.5426
idle,ttlbox,SCHED_OTHER,0,10.0000,543,10.0827
idle,ttlbox,SCHED_OTHER,0,10.0000,544,9.7093
idle,ttlbox,SCHED_OTHER,0,10.0000,545,8.2620
idle,ttlbox,SCHED_OTHER,0,10.0000,546,9.8083
idle,ttlbox,SCHED_OTHER,0,10.0000,547,9.3227
idle,ttlbox,SCHED_OTHER,0,10.0000,548,8.9989
idle,ttlbox,SCHED_OTHER,0,10.0000,549,9.7442
idle,ttlbox,SCHED_OTHER,0,10.0000,550,9.4699
idle,ttlbox,SCHED_OTHER,0,10.0000,551,10.0213
idle,ttlbox,SCHED_OTHER,0,10.0000,552,9.7020
idle,ttlbox,SCHED_OTHER,0,10.0000,553,9.3340
idle,ttlbox,SCHED_OTHER,0,10.0000,554,10.0588
idle,ttlbox,SCHED_OTHER,0,10.0000,555,8.6724
idle,ttlbox,SCHED_OTHER,0,10.0000,556,9.2608
idle,ttlbox,SCHED_OTHER,0,10.0000,557,9.8450
idle,ttlbox,SCHED_OTHER,0,10.0000,558,8.4705
idle,ttlbox,SCHED_OTHER,0,10.0000,559,10.2427
idle,ttlbox,SCHED_OTHER,0,10.0000,560,9.8055
idle,ttlbox,SCHED_OTHER,0,10.0000,561,9.3407
idle,ttlbox,SCHED_OTHER,0,10.0000,562,8.8505
idle,ttlbox,SCHED_OTHER,0,10.0000,563,9.5801
idle,ttlbox,SCHED_OTHER,0,10.0000,564,10.1815
idle,ttlbox,SCHED_OTHER,0,10.0000,565,8.7594
idle,ttlbox,SCHED_OTHER,0,10.0000,566,9.4826
idle,ttlbox,SCHED_OTHER,0,10.0000,567,10.0938
idle,ttlbox,SCHED_OTHER,0,10.0000,568,9.7329
idle,ttlbox,SCHED_OTHER,0,10.0000,569,10.2427
idle,ttlbox,SCHED_OTHER,0,10.0000,570,9.8242
idle,ttlbox,SCHED_OTHER,0,10.0000,571,9.5307
idle,ttlbox,SCHED_OTHER,0,10.0000,572,9.2188
idle,ttlbox,SCHED_OTHER,0,10.0000,573,9.8245
idle,ttlbox,SCHED_OTHER,0,10.0000,574,9.5372
idle,ttlbox,SCHED_OTHER,0,10.0000,575,8.2255
idle,ttlbox,SCHED_OTHER,0,10.0000,576,9.9792
idle,ttlbox,SCHED_OTHER,0,10.0000,577,9.5265
idle,ttlbox,SCHED_OTHER,0,10.0000,578,10.1073
idle,ttlbox,SCHED_OTHER,0,10.0000,579,8.6414
idle,ttlbox,SCHED_OTHER,0,10.0000,580,10.1877
idle,ttlbox,SCHED_OTHER,0,10.0000,581,9.6713
idle,ttlbox,SCHED_OTHER,0,10.0000,582,8.2557
idle,ttlbox,SCHED_OTHER,0,10.0000,583,10.0027
idle,ttlbox,SCHED_OTHER,0,10.0000,584,9.5496
idle,ttlbox,SCHED_OTHER,0,10.0000,585,10.2563
idle,ttlbox,SCHED_OTHER,0,10.0000,586,9.9036
idle,ttlbox,SCHED_OTHER,0,10.0000,587,9.5144
idle,ttlbox,SCHED_OTHER,0,10.0000,588,10.1431
idle,ttlbox,SCHED_OTHER,0,10.0000,589,8.6416
idle,ttlbox,SCHED_OTHER,0,10.0000,590,9.2918
idle,ttlbox,SCHED_OTHER,0,10.0000,591,9.8994
idle,ttlbox,SCHED_OTHER,0,10.0000,592,8.3979
idle,ttlbox,SCHED_OTHER,0,10.0000,593,10.0513
idle,ttlbox,SCHED_OTHER,0,10.0000,594,9.6829
idle,ttlbox,SCHED_OTHER,0,10.0000,595,10.2360
idle,ttlbox,SCHED_OTHER,0,10.0000,596,8.7033
idle,ttlbox,SCHED_OTHER,0,10.0000,597,9.2672
idle,ttlbox,SCHED_OTHER,0,10.0000,598,9.8689
idle,ttlbox,SCHED_OTHER,0,10.0000,599,8.4212
idle,ttlbox,SCHED_OTHER,0,10.0000,600,9.9787
idle,ttlbox,SCHED_OTHER,0,10.0000,601,9.5054
idle,ttlbox,SCHED_OTHER,0,10.0000,602,10.0459
idle,ttlbox,SCHED_OTHER,0,10.0000,603,9.5877
idle,ttlbox,SCHED_OTHER,0,10.0000,604,10.1199
idle,ttlbox,SCHED_OTHER,0,10.0000,605,9.7269
idle,ttlbox,SCHED_OTHER,0,10.0000,606,8.2439
idle,ttlbox,SCHED_OTHER,0,10.0000,607,9.9906
idle,ttlbox,SCHED_OTHER,0,10.0000,608,9.6408
idle,ttlbox,SCHED_OTHER,0,10.0000,609,8.2432
idle,ttlbox,SCHED_OTHER,0,10.0000,610,9.9249
idle,ttlbox,SCHED_OTHER,0,10.0000,611,9.4388
idle,ttlbox,SCHED_OTHER,0,10.0000,612,10.1148
idle,ttlbox,SCHED_OTHER,0,10.0000,613,8.5933
idle,ttlbox,SCHED_OTHER,0,10.0000,614,10.1199
idle,ttlbox,SCHED_OTHER,0,10.0000,615,9.7083
idle,ttlbox,SCHED_OTHER,0,10.0000,616,9.1013
idle,ttlbox,SCHED_OTHER,0,10.0000,617,9.6338
idle,ttlbox,SCHED_OTHER,0,10.0000,618,9.2554
idle,ttlbox,SCHED_OTHER,0,10.0000,619,9.8195
idle,ttlbox,SCHED_OTHER,0,10.0000,620,9.5052
idle,ttlbox,SCHED_OTHER,0,10.0000,621,10.0454
idle,ttlbox,SCHED_OTHER,0,10.0000,622,9.6465
idle,ttlbox,SCHED_OTHER,0,10.0000,623,9.2263
idle,ttlbox,SCHED_OTHER,0,10.0000,624,9.8565
idle,ttlbox,SCHED_OTHER,0,10.0000,625,9.4131
idle,ttlbox,SCHED_OTHER,0,10.0000,626,8.9417
idle,ttlbox,SCHED_OTHER,0,10.0000,627,9.6791
idle,ttlbox,SCHED_OTHER,0,10.0000,628,10.2066
idle,ttlbox,SCHED_OTHER,0,10.0000,629,9.7473
idle,ttlbox,SCHED_OTHER,0,10.0000,630,8.3856
idle,ttlbox,SCHED_OTHER,0,10.0000,631,9.9859
idle,ttlbox,SCHED_OTHER,0,10.0000,632,9.6295
idle,ttlbox,SCHED_OTHER,0,10.0000,633,8.2120
idle,ttlbox,SCHED_OTHER,0,10.0000,634,9.9679
idle,ttlbox,SCHED_OTHER,0,10.0000,635,9.4830
idle,ttlbox,SCHED_OTHER,0,10.0000,636,10.1013
idle,ttlbox,SCHED_OTHER,0,10.0000,637,9.6600
idle,ttlbox,SCHED_OTHER,0,10.0000,638,9.2541
idle,ttlbox,SCHED_OTHER,0,10.0000,639,9.8881
idle,ttlbox,SCHED_OTHER,0,10.0000,640,8.5875
idle,ttlbox,SCHED_OTHER,0,10.0000,641,10.2365
idle,ttlbox,SCHED_OTHER,0,10.0000,642,9.7702
idle,ttlbox,SCHED_OTHER,0,10.0000,643,8.4038
idle,ttlbox,SCHED_OTHER,0,10.0000,644,10.1086
idle,ttlbox,SCHED_OTHER,0,10.0000,645,9.7087
idle,ttlbox,SCHED_OTHER,0,10.0000,646,9.3294
idle,ttlbox,SCHED_OTHER,0,10.0000,647,8.8201
idle,ttlbox,SCHED_OTHER,0,10.0000,648,9.5569
idle,ttlbox,SCHED_OTHER,0,10.0000,649,10.1738
idle,ttlbox,SCHED_OTHER,0,10.0000,650,8.6908
idle,ttlbox,SCHED_OTHER,0,10.0000,651,9.2975
idle,ttlbox,SCHED_OTHER,0,10.0000,652,9.8730
idle,ttlbox,SCHED_OTHER,0,10.0000,653,9.4654
idle,ttlbox,SCHED_OTHER,0,10.0000,654,10.0348
idle,ttlbox,SCHED_OTHER,0,10.0000,655,9.7575
idle,ttlbox,SCHED_OTHER,0,10.0000,656,9.2990
idle,ttlbox,SCHED_OTHER,0,10.0000,657,8.8999
idle,ttlbox,SCHED_OTHER,0,10.0000,658,9.6034
idle,ttlbox,SCHED_OTHER,0,10.0000,659,9.2675
idle,ttlbox,SCHED_OTHER,0,10.0000,660,8.8582
idle,ttlbox,SCHED_OTHER,0,10.0000,661,9.4818
idle,ttlbox,SCHED_OTHER,0,10.0000,662,10.2230
idle,ttlbox,SCHED_OTHER,0,10.0000,663,9.7962
idle,ttlbox,SCHED_OTHER,0,10.0000,664,9.4088
idle,ttlbox,SCHED_OTHER,0,10.0000,665,10.1076
idle,ttlbox,SCHED_OTHER,0,10.0000,666,9.7568
idle,ttlbox,SCHED_OTHER,0,10.0000,667,8.4328
idle,ttlbox,SCHED_OTHER,0,10.0000,668,10.0210
idle,ttlbox,SCHED_OTHER,0,10.0000,669,9.5802
idle,ttlbox,SCHED_OTHER,0,10.0000,670,10.1198
idle,ttlbox,SCHED_OTHER,0,10.0000,671,9.8256
idle,ttlbox,SCHED_OTHER,0,10.0000,672,9.4939
idle,ttlbox,SCHED_OTHER,0,10.0000,673,10.1082
idle,ttlbox,SCHED_OTHER,0,10.0000,674,8.7031
idle,ttlbox,SCHED_OTHER,0,10.0000,675,9.3768
idle,ttlbox,SCHED_OTHER,0,10.0000,676,10.0281
idle,ttlbox,SCHED_OTHER,0,10.0000,677,8.5921
idle,ttlbox,SCHED_OTHER,0,10.0000,678,10.2561
idle,ttlbox,SCHED_OTHER,0,10.0000,679,9.8554
idle,ttlbox,SCHED_OTHER,0,10.0000,680,9.4457
idle,ttlbox,SCHED_OTHER,0,10.0000,681,10.1685
idle,ttlbox,SCHED_OTHER,0,10.0000,682,9.7021
idle,ttlbox,SCHED_OTHER,0,10.0000,683,9.3592
idle,ttlbox,SCHED_OTHER,0,10.0000,684,8.9380
idle,ttlbox,SCHED_OTHER,0,10.0000,685,9.5261
idle,ttlbox,SCHED_OTHER,0,10.0000,686,10.1694
idle,ttlbox,SCHED_OTHER,0,10.0000,687,8.6795
idle,ttlbox,SCHED_OTHER,0,10.0000,688,10.2492
idle,ttlbox,SCHED_OTHER,0,10.0000,689,9.8190
idle,ttlbox,SCHED_OTHER,0,10.0000,690,9.4209
idle,ttlbox,SCHED_OTHER,0,10.0000,691,8.9309
idle,ttlbox,SCHED_OTHER,0,10.0000,692,9.6600
idle,ttlbox,SCHED_OTHER,0,10.0000,693,9.3768
idle,ttlbox,SCHED_OTHER,0,10.0000,694,8.9865
idle,ttlbox,SCHED_OTHER,0,10.0000,695,9.7039
idle,ttlbox,SCHED_OTHER,0,10.0000,696,9.2430
idle,ttlbox,SCHED_OTHER,0,10.0000,697,9.9604
idle,ttlbox,SCHED_OTHER,0,10.0000,698,9.5976
idle,ttlbox,SCHED_OTHER,0,10.0000,699,9.3103
idle,ttlbox,SCHED_OTHER,0,10.0000,700,9.8613
idle,ttlbox,SCHED_OTHER,0,10.0000,701,8.3223
idle,ttlbox,SCHED_OTHER,0,10.0000,702,9.9181
idle,ttlbox,SCHED_OTHER,0,10.0000,703,9.4014
idle,ttlbox,SCHED_OTHER,0,10.0000,704,9.1281
idle,ttlbox,SCHED_OTHER,0,10.0000,705,9.8760
idle,ttlbox,SCHED_OTHER,0,10.0000,706,9.4038
idle,ttlbox,SCHED_OTHER,0,10.0000,707,10.0474
idle,ttlbox,SCHED_OTHER,0,10.0000,708,8.6414
idle,ttlbox,SCHED_OTHER,0,10.0000,709,10.2419
idle,ttlbox,SCHED_OTHER,0,10.0000,710,9.7585
idle,ttlbox,SCHED_OTHER,0,10.0000,711,8.2384
idle,ttlbox,SCHED_OTHER,0,10.0000,712,9.8995
idle,ttlbox,SCHED_OTHER,0,10.0000,713,9.4086
idle,ttlbox,SCHED_OTHER,0,10.0000,714,9.9482
idle,ttlbox,SCHED_OTHER,0,10.0000,715,9.4586
idle,ttlbox,SCHED_OTHER,0,10.0000,716,10.1884
idle,ttlbox,SCHED_OTHER,0,10.0000,717,9.6600
idle,ttlbox,SCHED_OTHER,0,10.0000,718,8.2146
idle,ttlbox,SCHED_OTHER,0,10.0000,719,9.8018
idle,ttlbox,SCHED_OTHER,0,10.0000,720,9.4928
idle,ttlbox,SCHED_OTHER,0,10.0000,721,9.0286
idle,ttlbox,SCHED_OTHER,0,10.0000,722,9.7588
idle,ttlbox,SCHED_OTHER,0,10.0000,723,9.3421
idle,ttlbox,SCHED_OTHER,0,10.0000,724,9.8854
idle,ttlbox,SCHED_OTHER,0,10.0000,725,8.5869
idle,ttlbox,SCHED_OTHER,0,10.0000,726,10.1617
idle,ttlbox,SCHED_OTHER,0,10.0000,727,9.8379
idle,ttlbox,SCHED_OTHER,0,10.0000,728,8.3675
idle,ttlbox,SCHED_OTHER,0,10.0000,729,9.9604
idle,ttlbox,SCHED_OTHER,0,10.0000,730,9.5990
idle,ttlbox,SCHED_OTHER,0,10.0000,731,10.1752
idle,ttlbox,SCHED_OTHER,0,10.0000,732,9.8923
idle,ttlbox,SCHED_OTHER,0,10.0000,733,9.3777
idle,ttlbox,SCHED_OTHER,0,10.0000,734,10.0759
idle,ttlbox,SCHED_OTHER,0,10.0000,735,8.7098
idle,ttlbox,SCHED_OTHER,0,10.0000,736,9.2984
idle,ttlbox,SCHED_OTHER,0,10.0000,737,9.9295
idle,ttlbox,SCHED_OTHER,0,10.0000,738,8.4043
idle,ttlbox,SCHED_OTHER,0,10.0000,739,10.1334
idle,ttlbox,SCHED_OTHER,0,10.0000,740,9.6540
idle,ttlbox,SCHED_OTHER,0,10.0000,741,9.3780
idle,ttlbox,SCHED_OTHER,0,10.0000,742,9.1088
idle,ttlbox,SCHED_OTHER,0,10.0000,743,9.7828
idle,ttlbox,SCHED_OTHER,0,10.0000,744,9.3479
idle,ttlbox,SCHED_OTHER,0,10.0000,745,8.8648
idle,ttlbox,SCHED_OTHER,0,10.0000,746,9.5566
idle,ttlbox,SCHED_OTHER,0,10.0000,747,9.2665
idle,ttlbox,SCHED_OTHER,0,10.0000,748,9.7877
idle,ttlbox,SCHED_OTHER,0,10.0000,749,9.2683
idle,ttlbox,SCHED_OTHER,0,10.0000,750,10.0138
idle,ttlbox,SCHED_OTHER,0,10.0000,751,9.5689
idle,ttlbox,SCHED_OTHER,0,10.0000,752,9.0828
idle,ttlbox,SCHED_OTHER,0,10.0000,753,9.6105
idle,ttlbox,SCHED_OTHER,0,10.0000,754,10.2416
idle,ttlbox,SCHED_OTHER,0,10.0000,755,8.8326
idle,ttlbox,SCHED_OTHER,0,10.0000,756,9.4387
idle,ttlbox,SCHED_OTHER,0,10.0000,757,10.0846
idle,ttlbox,SCHED_OTHER,0,10.0000,758,9.7762
idle,ttlbox,SCHED_OTHER,0,10.0000,759,9.3790
idle,ttlbox,SCHED_OTHER,0,10.0000,760,10.1075
idle,ttlbox,SCHED_OTHER,0,10.0000,761,9.5993
idle,ttlbox,SCHED_OTHER,0,10.0000,762,9.2116
idle,ttlbox,SCHED_OTHER,0,10.0000,763,9.7702
idle,ttlbox,SCHED_OTHER,0,10.0000,764,9.4511
idle,ttlbox,SCHED_OTHER,0,10.0000,765,10.0170
idle,ttlbox,SCHED_OTHER,0,10.0000,766,9.6481
idle,ttlbox,SCHED_OTHER,0,10.0000,767,9.3849
idle,ttlbox,SCHED_OTHER,0,10.0000,768,10.0342
idle,ttlbox,SCHED_OTHER,0,10.0000,769,8.7173
idle,ttlbox,SCHED_OTHER,0,10.0000,770,9.4341
idle,ttlbox,SCHED_OTHER,0,10.0000,771,10.1635
idle,ttlbox,SCHED_OTHER,0,10.0000,772,8.8574
idle,ttlbox,SCHED_OTHER,0,10.0000,773,9.4956
idle,ttlbox,SCHED_OTHER,0,10.0000,774,10.1692
idle,ttlbox,SCHED_OTHER,0,10.0000,775,9.7089
idle,ttlbox,SCHED_OTHER,0,10.0000,776,9.4075
idle,ttlbox,SCHED_OTHER,0,10.0000,777,10.1248
idle,ttlbox,SCHED_OTHER,0,10.0000,778,9.6167
idle,ttlbox,SCHED_OTHER,0,10.0000,779,8.2195
idle,ttlbox,SCHED_OTHER,0,10.0000,780,9.8013
idle,ttlbox,SCHED_OTHER,0,10.0000,781,9.4939
idle,ttlbox,SCHED_OTHER,0,10.0000,782,10.1749
idle,ttlbox,SCHED_OTHER,0,10.0000,783,9.7324
idle,ttlbox,SCHED_OTHER,0,10.0000,784,9.3730
idle,ttlbox,SCHED_OTHER,0,10.0000,785,9.9983
idle,ttlbox,SCHED_OTHER,0,10.0000,786,8.4778
idle,ttlbox,SCHED_OTHER,0,10.0000,787,10.1551
idle,ttlbox,SCHED_OTHER,0,10.0000,788,9.8613
idle,ttlbox,SCHED_OTHER,0,10.0000,789,8.3865
idle,ttlbox,SCHED_OTHER,0,10.0000,790,9.9419
idle,ttlbox,SCHED_OTHER,0,10.0000,791,9.4941
idle,ttlbox,SCHED_OTHER,0,10.0000,792,10.0818
idle,ttlbox,SCHED_OTHER,0,10.0000,793,9.6736
idle,ttlbox,SCHED_OTHER,0,10.0000,794,9.3946
idle,ttlbox,SCHED_OTHER,0,10.0000,795,10.0660
idle,ttlbox,SCHED_OTHER,0,10.0000,796,8.7774
idle,ttlbox,SCHED_OTHER,0,10.0000,797,9.3672
idle,ttlbox,SCHED_OTHER,0,10.0000,798,10.0096
idle,ttlbox,SCHED_OTHER,0,10.0000,799,8.6302
idle,ttlbox,SCHED_OTHER,0,10.0000,800,9.3409
idle,ttlbox,SCHED_OTHER,0,10.0000,801,9.9790
idle,ttlbox,SCHED_OTHER,0,10.0000,802,9.5614
idle,ttlbox,SCHED_OTHER,0,10.0000,803,9.2317
idle,ttlbox,SCHED_OTHER,0,10.0000,804,9.9483
idle,ttlbox,SCHED_OTHER,0,10.0000,805,9.6105
idle,ttlbox,SCHED_OTHER,0,10.0000,806,9.2141
idle,ttlbox,SCHED_OTHER,0,10.0000,807,9.8500
idle,ttlbox,SCHED_OTHER,0,10.0000,808,9.3714
idle,ttlbox,SCHED_OTHER,0,10.0000,809,10.1017
idle,ttlbox,SCHED_OTHER,0,10.0000,810,9.6063
idle,ttlbox,SCHED_OTHER,0,10.0000,811,10.1625
idle,ttlbox,SCHED_OTHER,0,10.0000,812,9.8921
idle,ttlbox,SCHED_OTHER,0,10.0000,813,8.5073
idle,ttlbox,SCHED_OTHER,0,10.0000,814,10.0580
idle,ttlbox,SCHED_OTHER,0,10.0000,815,9.7270
idle,ttlbox,SCHED_OTHER,0,10.0000,816,8.3042
idle,ttlbox,SCHED_OTHER,0,10.0000,817,10.0590
idle,ttlbox,SCHED_OTHER,0,10.0000,818,9.5758
idle,ttlbox,SCHED_OTHER,0,10.0000,819,9.2742
idle,ttlbox,SCHED_OTHER,0,10.0000,820,8.9125
idle,ttlbox,SCHED_OTHER,0,10.0000,821,9.5010
idle,ttlbox,SCHED_OTHER,0,10.0000,822,10.0152
idle,ttlbox,SCHED_OTHER,0,10.0000,823,8.5616
idle,ttlbox,SCHED_OTHER,0,10.0000,824,10.2303
idle,ttlbox,SCHED_OTHER,0,10.0000,825,9.7517
idle,ttlbox,SCHED_OTHER,0,10.0000,826,9.3903
idle,ttlbox,SCHED_OTHER,0,10.0000,827,9.9430
idle,ttlbox,SCHED_OTHER,0,10.0000,828,9.5437
idle,ttlbox,SCHED_OTHER,0,10.0000,829,10.1152
idle,ttlbox,SCHED_OTHER,0,10.0000,830,8.6657
idle,ttlbox,SCHED_OTHER,0,10.0000,831,10.2168
idle,ttlbox,SCHED_OTHER,0,10.0000,832,9.9169
idle,ttlbox,SCHED_OTHER,0,10.0000,833,8.4773
idle,ttlbox,SCHED_OTHER,0,10.0000,834,10.0936
idle,ttlbox,SCHED_OTHER,0,10.0000,835,9.8120
idle,ttlbox,SCHED_OTHER,0,10.0000,836,9.4156
idle,ttlbox,SCHED_OTHER,0,10.0000,837,8.9722
idle,ttlbox,SCHED_OTHER,0,10.0000,838,9.6113
idle,ttlbox,SCHED_OTHER,0,10.0000,839,9.2670
idle,ttlbox,SCHED_OTHER,0,10.0000,840,8.8887
idle,ttlbox,SCHED_OTHER,0,10.0000,841,9.4653
idle,ttlbox,SCHED_OTHER,0,10.0000,842,10.1008
idle,ttlbox,SCHED_OTHER,0,10.0000,843,9.6367
idle,ttlbox,SCHED_OTHER,0,10.0000,844,10.1626
idle,ttlbox,SCHED_OTHER,0,10.0000,845,9.8197
idle,ttlbox,SCHED_OTHER,0,10.0000,846,9.4758
idle,ttlbox,SCHED_OTHER,0,10.0000,847,9.1698
idle,ttlbox,SCHED_OTHER,0,10.0000,848,9.9118
idle,ttlbox,SCHED_OTHER,0,10.0000,849,9.4207
idle,ttlbox,SCHED_OTHER,0,10.0000,850,8.9969
idle,ttlbox,SCHED_OTHER,0,10.0000,851,9.5872
idle,ttlbox,SCHED_OTHER,0,10.0000,852,9.3104
idle,ttlbox,SCHED_OTHER,0,10.0000,853,9.9716
idle,ttlbox,SCHED_OTHER,0,10.0000,854,9.5543
idle,ttlbox,SCHED_OTHER,0,10.0000,855,10.1503
idle,ttlbox,SCHED_OTHER,0,10.0000,856,9.7568
idle,ttlbox,SCHED_OTHER,0,10.0000,857,8.2148
idle,ttlbox,SCHED_OTHER,0,10.0000,858,9.8613
idle,ttlbox,SCHED_OTHER,0,10.0000,859,9.4750
idle,ttlbox,SCHED_OTHER,0,10.0000,860,10.1274
idle,ttlbox,SCHED_OTHER,0,10.0000,861,9.7207
idle,ttlbox,SCHED_OTHER,0,10.0000,862,9.4327
idle,ttlbox,SCHED_OTHER,0,10.0000,863,10.1452
idle,ttlbox,SCHED_OTHER,0,10.0000,864,8.8022
idle,ttlbox,SCHED_OTHER,0,10.0000,865,9.3364
idle,ttlbox,SCHED_OTHER,0,10.0000,866,9.9232
idle,ttlbox,SCHED_OTHER,0,10.0000,867,8.4769
idle,ttlbox,SCHED_OTHER,0,10.0000,868,10.1018
idle,ttlbox,SCHED_OTHER,0,10.0000,869,9.8249
idle,ttlbox,SCHED_OTHER,0,10.0000,870,9.3410
idle,ttlbox,SCHED_OTHER,0,10.0000,871,10.0269
idle,ttlbox,SCHED_OTHER,0,10.0000,872,9.6478
idle,ttlbox,SCHED_OTHER,0,10.0000,873,9.3714
idle,ttlbox,SCHED_OTHER,0,10.0000,874,9.0240
idle,ttlbox,SCHED_OTHER,0,10.0000,875,9.7260
idle,ttlbox,SCHED_OTHER,0,10.0000,876,9.3669
idle,ttlbox,SCHED_OTHER,0,10.0000,877,9.0660
idle,ttlbox,SCHED_OTHER,0,10.0000,878,9.7754
idle,ttlbox,SCHED_OTHER,0,10.0000,879,9.4210
idle,ttlbox,SCHED_OTHER,0,10.0000,880,10.1509
idle,ttlbox,SCHED_OTHER,0,10.0000,881,8.7667
idle,ttlbox,SCHED_OTHER,0,10.0000,882,9.3966
idle,ttlbox,SCHED_OTHER,0,10.0000,883,9.9111
idle,ttlbox,SCHED_OTHER,0,10.0000,884,8.4592
idle,ttlbox,SCHED_OTHER,0,10.0000,885,10.0401
idle,ttlbox,SCHED_OTHER,0,10.0000,886,9.5743
idle,ttlbox,SCHED_OTHER,0,10.0000,887,9.2919
idle,ttlbox,SCHED_OTHER,0,10.0000,888,9.9907
idle,ttlbox,SCHED_OTHER,0,10.0000,889,9.4929
idle,ttlbox,SCHED_OTHER,0,10.0000,890,10.0773
idle,ttlbox,SCHED_OTHER,0,10.0000,891,8.6794
idle,ttlbox,SCHED_OTHER,0,10.0000,892,9.7959
idle,ttlbox,SCHED_OTHER,0,10.0000,893,9.4017
idle,ttlbox,SCHED_OTHER,0,10.0000,894,8.9871
idle,ttlbox,SCHED_OTHER,0,10.0000,895,9.5446
idle,ttlbox,SCHED_OTHER,0,10.0000,896,10.1503
idle,ttlbox,SCHED_OTHER,0,10.0000,897,9.7935
idle,ttlbox,SCHED_OTHER,0,10.0000,898,8.3602
idle,ttlbox,SCHED_OTHER,0,10.0000,899,10.0139
idle,ttlbox,SCHED_OTHER,0,10.0000,900,9.4339
idle,ttlbox,SCHED_OTHER,0,10.0000,901,9.0841
idle,ttlbox,SCHED_OTHER,0,10.0000,902,9.7822
idle,ttlbox,SCHED_OTHER,0,10.0000,903,9.4085
idle,ttlbox,SCHED_OTHER,0,10.0000,904,10.0472
idle,ttlbox,SCHED_OTHER,0,10.0000,905,9.5079
idle,ttlbox,SCHED_OTHER,0,10.0000,906,10.1503
idle,ttlbox,SCHED_OTHER,0,10.0000,907,9.8563
idle,ttlbox,SCHED_OTHER,0,10.0000,908,8.3039
idle,ttlbox,SCHED_OTHER,0,10.0000,909,9.9740
idle,ttlbox,SCHED_OTHER,0,10.0000,910,9.6246
idle,ttlbox,SCHED_OTHER,0,10.0000,911,9.1207
idle,ttlbox,SCHED_OTHER,0,10.0000,912,9.8674
idle,ttlbox,SCHED_OTHER,0,10.0000,913,9.4318
idle,ttlbox,SCHED_OTHER,0,10.0000,914,10.1620
idle,ttlbox,SCHED_OTHER,0,10.0000,915,8.7217
idle,ttlbox,SCHED_OTHER,0,10.0000,916,9.3666
idle,ttlbox,SCHED_OTHER,0,10.0000,917,9.9653
idle,ttlbox,SCHED_OTHER,0,10.0000,918,8.6487
idle,ttlbox,SCHED_OTHER,0,10.0000,919,9.3837
idle,ttlbox,SCHED_OTHER,0,10.0000,920,10.0963
idle,ttlbox,SCHED_OTHER,0,10.0000,921,9.6422
idle,ttlbox,SCHED_OTHER,0,10.0000,922,10.1818
idle,ttlbox,SCHED_OTHER,0,10.0000,923,9.8005
idle,ttlbox,SCHED_OTHER,0,10.0000,924,9.3727
idle,ttlbox,SCHED_OTHER,0,10.0000,925,8.9727
idle,ttlbox,SCHED_OTHER,0,10.0000,926,9.5741
idle,ttlbox,SCHED_OTHER,0,10.0000,927,10.2254
idle,ttlbox,SCHED_OTHER,0,10.0000,928,8.7717
idle,ttlbox,SCHED_OTHER,0,10.0000,929,9.4652
idle,ttlbox,SCHED_OTHER,0,10.0000,930,10.0277
idle,ttlbox,SCHED_OTHER,0,10.0000,931,9.6412
idle,ttlbox,SCHED_OTHER,0,10.0000,932,9.2609
idle,ttlbox,SCHED_OTHER,0,10.0000,933,9.9716
idle,ttlbox,SCHED_OTHER,0,10.0000,934,9.4633
idle,ttlbox,SCHED_OTHER,0,10.0000,935,9.1698
idle,ttlbox,SCHED_OTHER,0,10.0000,936,9.7933
idle,ttlbox,SCHED_OTHER,0,10.0000,937,9.4215
idle,ttlbox,SCHED_OTHER,0,10.0000,938,10.0660
idle,ttlbox,SCHED_OTHER,0,10.0000,939,9.7282
idle,ttlbox,SCHED_OTHER,0,10.0000,940,10.2476
idle,ttlbox,SCHED_OTHER,0,10.0000,941,9.8011
idle,ttlbox,SCHED_OTHER,0,10.0000,942,8.4891
idle,ttlbox,SCHED_OTHER,0,10.0000,943,9.9906
idle,ttlbox,SCHED_OTHER,0,10.0000,944,9.5005
idle,ttlbox,SCHED_OTHER,0,10.0000,945,9.2189
idle,ttlbox,SCHED_OTHER,0,10.0000,946,9.7216
idle,ttlbox,SCHED_OTHER,0,10.0000,947,9.4162
idle,ttlbox,SCHED_OTHER,0,10.0000,948,10.1331
idle,ttlbox,SCHED_OTHER,0,10.0000,949,9.7844
idle,ttlbox,SCHED_OTHER,0,10.0000,950,9.3710
idle,ttlbox,SCHED_OTHER,0,10.0000,951,9.9411
idle,ttlbox,SCHED_OTHER,0,10.0000,952,8.4584
idle,ttlbox,SCHED_OTHER,0,10.0000,953,10.1123
idle,ttlbox,SCHED_OTHER,0,10.0000,954,9.7568
idle,ttlbox,SCHED_OTHER,0,10.0000,955,8.2734
idle,ttlbox,SCHED_OTHER,0,10.0000,956,9.8806
idle,ttlbox,SCHED_OTHER,0,10.0000,957,9.4038
idle,ttlbox,SCHED_OTHER,0,10.0000,958,9.8995
idle,ttlbox,SCHED_OTHER,0,10.0000,959,8.5199
idle,ttlbox,SCHED_OTHER,0,10.0000,960,10.0969
idle,ttlbox,SCHED_OTHER,0,10.0000,961,9.7259
idle,ttlbox,SCHED_OTHER,0,10.0000,962,8.3475
idle,ttlbox,SCHED_OTHER,0,10.0000,963,10.1011
idle,ttlbox,SCHED_OTHER,0,10.0000,964,9.6600
idle,ttlbox,SCHED_OTHER,0,10.0000,965,9.2427
idle,ttlbox,SCHED_OTHER,0,10.0000,966,9.8246
idle,ttlbox,SCHED_OTHER,0,10.0000,967,9.5444
idle,ttlbox,SCHED_OTHER,0,10.0000,968,10.2182
idle,ttlbox,SCHED_OTHER,0,10.0000,969,8.7591
idle,ttlbox,SCHED_OTHER,0,10.0000,970,9.3105
idle,ttlbox,SCHED_OTHER,0,10.0000,971,9.8567
idle,ttlbox,SCHED_OTHER,0,10.0000,972,8.4355
idle,ttlbox,SCHED_OTHER,0,10.0000,973,10.2069
idle,ttlbox,SCHED_OTHER,0,10.0000,974,9.7888
idle,ttlbox,SCHED_OTHER,0,10.0000,975,9.3103
idle,ttlbox,SCHED_OTHER,0,10.0000,976,8.9610
idle,ttlbox,SCHED_OTHER,0,10.0000,977,9.6042
idle,ttlbox,SCHED_OTHER,0,10.0000,978,9.2977
idle,ttlbox,SCHED_OTHER,0,10.0000,979,8.8619
idle,ttlbox,SCHED_OTHER,0,10.0000,980,9.6109
idle,ttlbox,SCHED_OTHER,0,10.0000,981,9.2686
idle,ttlbox,SCHED_OTHER,0,10.0000,982,9.8147
idle,ttlbox,SCHED_OTHER,0,10.0000,983,9.4131
idle,ttlbox,SCHED_OTHER,0,10.0000,984,10.0401
idle,ttlbox,SCHED_OTHER,0,10.0000,985,9.6714
idle,ttlbox,SCHED_OTHER,0,10.0000,986,9.2079
idle,ttlbox,SCHED_OTHER,0,10.0000,987,9.8994
idle,ttlbox,SCHED_OTHER,0,10.0000,988,9.5379
idle,ttlbox,SCHED_OTHER,0,10.0000,989,9.0900
idle,ttlbox,SCHED_OTHER,0,10.0000,990,9.8192
idle,ttlbox,SCHED_OTHER,0,10.0000,991,9.3958
idle,ttlbox,SCHED_OTHER,0,10.0000,992,10.1641
idle,ttlbox,SCHED_OTHER,0,10.0000,993,8.6607
idle,ttlbox,SCHED_OTHER,0,10.0000,994,9.3596
idle,ttlbox,SCHED_OTHER,0,10.0000,995,9.9651
idle,ttlbox,SCHED_OTHER,0,10.0000,996,8.6111
idle,ttlbox,SCHED_OTHER,0,10.0000,997,9.2485
idle,ttlbox,SCHED_OTHER,0,10.0000,998,9.9110
idle,ttlbox,SCHED_OTHER,0,10.0000,999,9.6179
idle,ttlbox,SCHED_OTHER,0,20.0000,0,19.3602
idle,ttlbox,SCHED_OTHER,0,20.0000,1,19.3107
idle,ttlbox,SCHED_OTHER,0,20.0000,2,20.2263
idle,ttlbox,SCHED_OTHER,0,20.0000,3,20.1076
idle,ttlbox,SCHED_OTHER,0,20.0000,4,19.9532
idle,ttlbox,SCHED_OTHER,0,20.0000,5,19.7231
idle,ttlbox,SCHED_OTHER,0,20.0000,6,19.5368
idle,ttlbox,SCHED_OTHER,0,20.0000,7,20.4822
idle,ttlbox,SCHED_OTHER,0,20.0000,8,20.3103
idle,ttlbox,SCHED_OTHER,0,20.0000,9,20.1277
idle,ttlbox,SCHED_OTHER,0,20.0000,10,19.9609
idle,ttlbox,SCHED_OTHER,0,20.0000,11,18.8393
idle,ttlbox,SCHED_OTHER,0,20.0000,12,18.6487
idle,ttlbox,SCHED_OTHER,0,20.0000,13,19.4586
idle,ttlbox,SCHED_OTHER,0,20.0000,14,19.3906
idle,ttlbox,SCHED_OTHER,0,20.0000,15,19.2197
idle,ttlbox,SCHED_OTHER,0,20.0000,16,19.1767
idle,ttlbox,SCHED_OTHER,0,20.0000,17,19.0179
idle,ttlbox,SCHED_OTHER,0,20.0000,18,19.8247
idle,ttlbox,SCHED_OTHER,0,20.0000,19,19.7665
idle,ttlbox,SCHED_OTHER,0,20.0000,20,19.6299
idle,ttlbox,SCHED_OTHER,0,20.0000,21,20.4886
idle,ttlbox,SCHED_OTHER,0,20.0000,22,20.4075
idle,ttlbox,SCHED_OTHER,0,20.0000,23,20.3858
idle,ttlbox,SCHED_OTHER,0,20.0000,24,20.2623
idle,ttlbox,SCHED_OTHER,0,20.0000,25,20.2260
idle,ttlbox,SCHED_OTHER,0,20.0000,26,20.2071
idle,ttlbox,SCHED_OTHER,0,20.0000,27,19.0527
idle,ttlbox,SCHED_OTHER,0,20.0000,28,19.0165
idle,ttlbox,SCHED_OTHER,0,20.0000,29,18.7028
idle,ttlbox,SCHED_OTHER,0,20.0000,30,18.6137
idle,ttlbox,SCHED_OTHER,0,20.0000,31,19.4781
idle,ttlbox,SCHED_OTHER,0,20.0000,32,19.2989
idle,ttlbox,SCHED_OTHER,0,20.0000,33,19.2690
idle,ttlbox,SCHED_OTHER,0,20.0000,34,20.1697
idle,ttlbox,SCHED_OTHER,0,20.0000,35,19.9259
idle,ttlbox,SCHED_OTHER,0,20.0000,36,19.7849
idle,ttlbox,SCHED_OTHER,0,20.0000,37,19.5692
idle,ttlbox,SCHED_OTHER,0,20.0000,38,20.3457
idle,ttlbox,SCHED_OTHER,0,20.0000,39,20.1925
idle,ttlbox,SCHED_OTHER,0,20.0000,40,20.1382
idle,ttlbox,SCHED_OTHER,0,20.0000,41,19.9176
idle,ttlbox,SCHED_OTHER,0,20.0000,42,19.8391
idle,ttlbox,SCHED_OTHER,0,20.0000,43,18.6495
idle,ttlbox,SCHED_OTHER,0,20.0000,44,19.3979
idle,ttlbox,SCHED_OTHER,0,20.0000,45,19.2189
idle,ttlbox,SCHED_OTHER,0,20.0000,46,19.0600
idle,ttlbox,SCHED_OTHER,0,20.0000,47,19.0352
idle,ttlbox,SCHED_OTHER,0,20.0000,48,18.7597
idle,ttlbox,SCHED_OTHER,0,20.0000,49,18.7333
idle,ttlbox,SCHED_OTHER,0,20.0000,50,18.6077
idle,ttlbox,SCHED_OTHER,0,20.0000,51,20.5007
idle,ttlbox,SCHED_OTHER,0,20.0000,52,20.4699
idle,ttlbox,SCHED_OTHER,0,20.0000,53,20.3241
idle,ttlbox,SCHED_OTHER,0,20.0000,54,20.1690
idle,ttlbox,SCHED_OTHER,0,20.0000,55,20.1458
idle,ttlbox,SCHED_OTHER,0,20.0000,56,20.0595
idle,ttlbox,SCHED_OTHER,0,20.0000,57,19.8200
idle,ttlbox,SCHED_OTHER,0,20.0000,58,19.7215
idle,ttlbox,SCHED_OTHER,0,20.0000,59,19.5067
idle,ttlbox,SCHED_OTHER,0,20.0000,60,19.2813
idle,ttlbox,SCHED_OTHER,0,20.0000,61,19.2455
idle,ttlbox,SCHED_OTHER,0,20.0000,62,19.1087
idle,ttlbox,SCHED_OTHER,0,20.0000,63,19.0412
idle,ttlbox,SCHED_OTHER,0,20.0000,64,18.7964
idle,ttlbox,SCHED_OTHER,0,20.0000,65,18.6610
idle,ttlbox,SCHED_OTHER,0,20.0000,66,18.4974
idle,ttlbox,SCHED_OTHER,0,20.0000,67,19.3108
idle,ttlbox,SCHED_OTHER,0,20.0000,68,20.2309
idle,ttlbox,SCHED_OTHER,0,20.0000,69,20.0282
idle,ttlbox,SCHED_OTHER,0,20.0000,70,19.9987
idle,ttlbox,SCHED_OTHER,0,20.0000,71,19.8508
idle,ttlbox,SCHED_OTHER,0,20.0000,72,19.6866
idle,ttlbox,SCHED_OTHER,0,20.0000,73,20.4932
idle,ttlbox,SCHED_OTHER,0,20.0000,74,20.3665
idle,ttlbox,SCHED_OTHER,0,20.0000,75,20.2546
idle,ttlbox,SCHED_OTHER,0,20.0000,76,19.0529
idle,ttlbox,SCHED_OTHER,0,20.0000,77,18.8330
idle,ttlbox,SCHED_OTHER,0,20.0000,78,18.7903
idle,ttlbox,SCHED_OTHER,0,20.0000,79,18.7729
idle,ttlbox,SCHED_OTHER,0,20.0000,80,18.6799
idle,ttlbox,SCHED_OTHER,0,20.0000,81,18.4967
idle,ttlbox,SCHED_OTHER,0,20.0000,82,19.4168
idle,ttlbox,SCHED_OTHER,0,20.0000,83,19.2552
idle,ttlbox,SCHED_OTHER,0,20.0000,84,20.2075
idle,ttlbox,SCHED_OTHER,0,20.0000,85,20.0100
idle,ttlbox,SCHED_OTHER,0,20.0000,86,19.8265
idle,ttlbox,SCHED_OTHER,0,20.0000,87,19.6532
idle,ttlbox,SCHED_OTHER,0,20.0000,88,20.4744
idle,ttlbox,SCHED_OTHER,0,20.0000,89,20.4625
idle,ttlbox,SCHED_OTHER,0,20.0000,90,20.3294
idle,ttlbox,SCHED_OTHER,0,20.0000,91,20.1317
idle,ttlbox,SCHED_OTHER,0,20.0000,92,19.8859
idle,ttlbox,SCHED_OTHER,0,20.0000,93,18.7036
idle,ttlbox,SCHED_OTHER,0,20.0000,94,18.4955
idle,ttlbox,SCHED_OTHER,0,20.0000,95,19.4400
idle,ttlbox,SCHED_OTHER,0,20.0000,96,19.3604
idle,ttlbox,SCHED_OTHER,0,20.0000,97,19.2426
idle,ttlbox,SCHED_OTHER,0,20.0000,98,19.0294
idle,ttlbox,SCHED_OTHER,0,20.0000,99,18.9495
idle,ttlbox,SCHED_OTHER,0,20.0000,100,19.8933
idle,ttlbox,SCHED_OTHER,0,20.0000,101,19.7401
idle,ttlbox,SCHED_OTHER,0,20.0000,102,20.5004
idle,ttlbox,SCHED_OTHER,0,20.0000,103,20.3410
idle,ttlbox,SCHED_OTHER,0,20.0000,104,20.2001
idle,ttlbox,SCHED_OTHER,0,20.0000,105,20.0709
idle,ttlbox,SCHED_OTHER,0,20.0000,106,19.8810
idle,ttlbox,SCHED_OTHER,0,20.0000,107,19.8250
idle,ttlbox,SCHED_OTHER,0,20.0000,108,19.7937
idle,ttlbox,SCHED_OTHER,0,20.0000,109,18.6611
idle,ttlbox,SCHED_OTHER,0,20.0000,110,19.4711
idle,ttlbox,SCHED_OTHER,0,20.0000,111,19.2730
idle,ttlbox,SCHED_OTHER,0,20.0000,112,19.0182
idle,ttlbox,SCHED_OTHER,0,20.0000,113,18.7970
idle,ttlbox,SCHED_OTHER,0,20.0000,114,18.6491
idle,ttlbox,SCHED_OTHER,0,20.0000,115,18.5755
idle,ttlbox,SCHED_OTHER,0,20.0000,116,19.3485
idle,ttlbox,SCHED_OTHER,0,20.0000,117,20.2610
idle,ttlbox,SCHED_OTHER,0,20.0000,118,20.1087
idle,ttlbox,SCHED_OTHER,0,20.0000,119,20.0100
idle,ttlbox,SCHED_OTHER,0,20.0000,120,19.8260
idle,ttlbox,SCHED_OTHER,0,20.0000,121,19.5807
idle,ttlbox,SCHED_OTHER,0,20.0000,122,20.3594
idle,ttlbox,SCHED_OTHER,0,20.0000,123,20.3279
idle,ttlbox,SCHED_OTHER,0,20.0000,124,20.0404
idle,ttlbox,SCHED_OTHER,0,20.0000,125,19.8691
idle,ttlbox,SCHED_OTHER,0,20.0000,126,18.7665
idle,ttlbox,SCHED_OTHER,0,20.0000,127,18.6002
idle,ttlbox,SCHED_OTHER,0,20.0000,128,18.4779
idle,ttlbox,SCHED_OTHER,0,20.0000,129,19.3411
idle,ttlbox,SCHED_OTHER,0,20.0000,130,19.2627
idle,ttlbox,SCHED_OTHER,0,20.0000,131,19.1511
idle,ttlbox,SCHED_OTHER,0,20.0000,132,19.0778
idle,ttlbox,SCHED_OTHER,0,20.0000,133,19.9798
idle,ttlbox,SCHED_OTHER,0,20.0000,134,19.8578
idle,ttlbox,SCHED_OTHER,0,20.0000,135,19.6174
idle,ttlbox,SCHED_OTHER,0,20.0000,136,20.4039
idle,ttlbox,SCHED_OTHER,0,20.0000,137,20.2001
idle,ttlbox,SCHED_OTHER,0,20.0000,138,20.0237
idle,ttlbox,SCHED_OTHER,0,20.0000,139,19.8014
idle,ttlbox,SCHED_OTHER,0,20.0000,140,19.6299
idle,ttlbox,SCHED_OTHER,0,20.0000,141,19.4966
idle,ttlbox,SCHED_OTHER,0,20.0000,142,20.4204
idle,ttlbox,SCHED_OTHER,0,20.0000,143,19.1825
idle,ttlbox,SCHED_OTHER,0,20.0000,144,19.1570
idle,ttlbox,SCHED_OTHER,0,20.0000,145,18.9849
idle,ttlbox,SCHED_OTHER,0,20.0000,146,18.7665
idle,ttlbox,SCHED_OTHER,0,20.0000,147,18.5645
idle,ttlbox,SCHED_OTHER,0,20.0000,148,19.4044
idle,ttlbox,SCHED_OTHER,0,20.0000,149,19.3170
idle,ttlbox,SCHED_OTHER,0,20.0000,150,20.2623
idle,ttlbox,SCHED_OTHER,0,20.0000,151,20.1254
idle,ttlbox,SCHED_OTHER,0,20.0000,152,20.0542
idle,ttlbox,SCHED_OTHER,0,20.0000,153,19.8820
idle,ttlbox,SCHED_OTHER,0,20.0000,154,19.8200
idle,ttlbox,SCHED_OTHER,0,20.0000,155,19.7172
idle,ttlbox,SCHED_OTHER,0,20.0000,156,19.6039
idle,ttlbox,SCHED_OTHER,0,20.0000,157,19.5146
idle,ttlbox,SCHED_OTHER,0,20.0000,158,20.3778
idle,ttlbox,SCHED_OTHER,0,20.0000,159,19.2427
idle,ttlbox,SCHED_OTHER,0,20.0000,160,19.1589
idle,ttlbox,SCHED_OTHER,0,20.0000,161,18.9758
idle,ttlbox,SCHED_OTHER,0,20.0000,162,18.8437
idle,ttlbox,SCHED_OTHER,0,20.0000,163,18.7667
idle,ttlbox,SCHED_OTHER,0,20.0000,164,18.6001
idle,ttlbox,SCHED_OTHER,0,20.0000,165,18.4830
idle,ttlbox,SCHED_OTHER,0,20.0000,166,19.3527
idle,ttlbox,SCHED_OTHER,0,20.0000,167,20.2798
idle,ttlbox,SCHED_OTHER,0,20.0000,168,20.0707
idle,ttlbox,SCHED_OTHER,0,20.0000,169,19.9303
idle,ttlbox,SCHED_OTHER,0,20.0000,170,19.8621
idle,ttlbox,SCHED_OTHER,0,20.0000,171,19.7716
idle,ttlbox,SCHED_OTHER,0,20.0000,172,19.6126
idle,ttlbox,SCHED_OTHER,0,20.0000,173,19.5007
idle,ttlbox,SCHED_OTHER,0,20.0000,174,20.3529
idle,ttlbox,SCHED_OTHER,0,20.0000,175,19.2254
idle,ttlbox,SCHED_OTHER,0,20.0000,176,19.1702
idle,ttlbox,SCHED_OTHER,0,20.0000,177,19.1090
idle,ttlbox,SCHED_OTHER,0,20.0000,178,19.0463
idle,ttlbox,SCHED_OTHER,0,20.0000,179,18.8526
idle,ttlbox,SCHED_OTHER,0,20.0000,180,18.7107
idle,ttlbox,SCHED_OTHER,0,20.0000,181,18.5928
idle,ttlbox,SCHED_OTHER,0,20.0000,182,19.4591
idle,ttlbox,SCHED_OTHER,0,20.0000,183,20.2799
idle,ttlbox,SCHED_OTHER,0,20.0000,184,20.1508
idle,ttlbox,SCHED_OTHER,0,20.0000,185,20.0274
idle,ttlbox,SCHED_OTHER,0,20.0000,186,19.9679
idle,ttlbox,SCHED_OTHER,0,20.0000,187,19.7401
idle,ttlbox,SCHED_OTHER,0,20.0000,188,19.6070
idle,ttlbox,SCHED_OTHER,0,20.0000,189,19.5432
idle,ttlbox,SCHED_OTHER,0,20.0000,190,20.4205
idle,ttlbox,SCHED_OTHER,0,20.0000,191,20.3154
idle,ttlbox,SCHED_OTHER,0,20.0000,192,19.0862
idle,ttlbox,SCHED_OTHER,0,20.0000,193,18.9010
idle,ttlbox,SCHED_OTHER,0,20.0000,194,18.7769
idle,ttlbox,SCHED_OTHER,0,20.0000,195,18.6608
idle,ttlbox,SCHED_OTHER,0,20.0000,196,18.5466
idle,ttlbox,SCHED_OTHER,0,20.0000,197,19.3738
idle,ttlbox,SCHED_OTHER,0,20.0000,198,19.1324
idle,ttlbox,SCHED_OTHER,0,20.0000,199,20.0947
idle,ttlbox,SCHED_OTHER,0,20.0000,200,20.0761
idle,ttlbox,SCHED_OTHER,0,20.0000,201,19.8086
idle,ttlbox,SCHED_OTHER,0,20.0000,202,19.6967
idle,ttlbox,SCHED_OTHER,0,20.0000,203,19.5805
idle,ttlbox,SCHED_OTHER,0,20.0000,204,19.5014
idle,ttlbox,SCHED_OTHER,0,20.0000,205,20.4020
idle,ttlbox,SCHED_OTHER,0,20.0000,206,20.3288
idle,ttlbox,SCHED_OTHER,0,20.0000,207,20.1927
idle,ttlbox,SCHED_OTHER,0,20.0000,208,19.1397
idle,ttlbox,SCHED_OTHER,0,20.0000,209,18.8769
idle,ttlbox,SCHED_OTHER,0,20.0000,210,18.8446
idle,ttlbox,SCHED_OTHER,0,20.0000,211,18.7536
idle,ttlbox,SCHED_OTHER,0,20.0000,212,18.6493
idle,ttlbox,SCHED_OTHER,0,20.0000,213,19.4643
idle,ttlbox,SCHED_OTHER,0,20.0000,214,19.4226
idle,ttlbox,SCHED_OTHER,0,20.0000,215,19.2677
idle,ttlbox,SCHED_OTHER,0,20.0000,216,20.2364
idle,ttlbox,SCHED_OTHER,0,20.0000,217,20.1323
idle,ttlbox,SCHED_OTHER,0,20.0000,218,19.8811
idle,ttlbox,SCHED_OTHER,0,20.0000,219,19.6415
idle,ttlbox,SCHED_OTHER,0,20.0000,220,19.5150
idle,ttlbox,SCHED_OTHER,0,20.0000,221,20.2985
idle,ttlbox,SCHED_OTHER,0,20.0000,222,20.2135
idle,ttlbox,SCHED_OTHER,0,20.0000,223,19.9797
idle,ttlbox,SCHED_OTHER,0,20.0000,224,19.9112
idle,ttlbox,SCHED_OTHER,0,20.0000,225,18.7292
idle,ttlbox,SCHED_OTHER,0,20.0000,226,18.5770
idle,ttlbox,SCHED_OTHER,0,20.0000,227,19.3721
idle,ttlbox,SCHED_OTHER,0,20.0000,228,19.1575
idle,ttlbox,SCHED_OTHER,0,20.0000,229,19.0219
idle,ttlbox,SCHED_OTHER,0,20.0000,230,18.8635
idle,ttlbox,SCHED_OTHER,0,20.0000,231,18.5127
idle,ttlbox,SCHED_OTHER,0,20.0000,232,20.4585
idle,ttlbox,SCHED_OTHER,0,20.0000,233,20.1927
idle,ttlbox,SCHED_OTHER,0,20.0000,234,20.0144
idle,ttlbox,SCHED_OTHER,0,20.0000,235,19.8998
idle,ttlbox,SCHED_OTHER,0,20.0000,236,19.6850
idle,ttlbox,SCHED_OTHER,0,20.0000,237,19.5125
idle,ttlbox,SCHED_OTHER,0,20.0000,238,20.4023
idle,ttlbox,SCHED_OTHER,0,20.0000,239,20.3217
idle,ttlbox,SCHED_OTHER,0,20.0000,240,20.1813
idle,ttlbox,SCHED_OTHER,0,20.0000,241,18.9686
idle,ttlbox,SCHED_OTHER,0,20.0000,242,18.7153
idle,ttlbox,SCHED_OTHER,0,20.0000,243,18.4898
idle,ttlbox,SCHED_OTHER,0,20.0000,244,19.3415
idle,ttlbox,SCHED_OTHER,0,20.0000,245,19.1777
idle,ttlbox,SCHED_OTHER,0,20.0000,246,18.9236
idle,ttlbox,SCHED_OTHER,0,20.0000,247,18.9002
idle,ttlbox,SCHED_OTHER,0,20.0000,248,18.7478
idle,ttlbox,SCHED_OTHER,0,20.0000,249,19.6743
idle,ttlbox,SCHED_OTHER,0,20.0000,250,19.6254
idle,ttlbox,SCHED_OTHER,0,20.0000,251,20.3961
idle,ttlbox,SCHED_OTHER,0,20.0000,252,20.2120
idle,ttlbox,SCHED_OTHER,0,20.0000,253,20.1642
idle,ttlbox,SCHED_OTHER,0,20.0000,254,20.0458
idle,ttlbox,SCHED_OTHER,0,20.0000,255,20.0031
idle,ttlbox,SCHED_OTHER,0,20.0000,256,19.9478
idle,ttlbox,SCHED_OTHER,0,20.0000,257,19.8808
idle,ttlbox,SCHED_OTHER,0,20.0000,258,18.6730
idle,ttlbox,SCHED_OTHER,0,20.0000,259,18.5279
idle,ttlbox,SCHED_OTHER,0,20.0000,260,19.3413
idle,ttlbox,SCHED_OTHER,0,20.0000,261,19.1963
idle,ttlbox,SCHED_OTHER,0,20.0000,262,18.9874
idle,ttlbox,SCHED_OTHER,0,20.0000,263,18.8872
idle,ttlbox,SCHED_OTHER,0,20.0000,264,18.6685
idle,ttlbox,SCHED_OTHER,0,20.0000,265,19.4400
idle,ttlbox,SCHED_OTHER,0,20.0000,266,20.3102
idle,ttlbox,SCHED_OTHER,0,20.0000,267,20.0896
idle,ttlbox,SCHED_OTHER,0,20.0000,268,19.9051
idle,ttlbox,SCHED_OTHER,0,20.0000,269,19.6675
idle,ttlbox,SCHED_OTHER,0,20.0000,270,19.6240
idle,ttlbox,SCHED_OTHER,0,20.0000,271,20.4772
idle,ttlbox,SCHED_OTHER,0,20.0000,272,20.4649
idle,ttlbox,SCHED_OTHER,0,20.0000,273,20.3290
idle,ttlbox,SCHED_OTHER,0,20.0000,274,19.1747
idle,ttlbox,SCHED_OTHER,0,20.0000,275,18.9267
idle,ttlbox,SCHED_OTHER,0,20.0000,276,18.7780
idle,ttlbox,SCHED_OTHER,0,20.0000,277,18.5466
idle,ttlbox,SCHED_OTHER,0,20.0000,278,18.4711
idle,ttlbox,SCHED_OTHER,0,20.0000,279,19.3049
idle,ttlbox,SCHED_OTHER,0,20.0000,280,19.2680
idle,ttlbox,SCHED_OTHER,0,20.0000,281,19.1144
idle,ttlbox,SCHED_OTHER,0,20.0000,282,20.0027
idle,ttlbox,SCHED_OTHER,0,20.0000,283,19.8884
idle,ttlbox,SCHED_OTHER,0,20.0000,284,19.7096
idle,ttlbox,SCHED_OTHER,0,20.0000,285,19.5862
idle,ttlbox,SCHED_OTHER,0,20.0000,286,20.3975
idle,ttlbox,SCHED_OTHER,0,20.0000,287,20.3161
idle,ttlbox,SCHED_OTHER,0,20.0000,288,20.1455
idle,ttlbox,SCHED_OTHER,0,20.0000,289,19.9795
idle,ttlbox,SCHED_OTHER,0,20.0000,290,19.9302
idle,ttlbox,SCHED_OTHER,0,20.0000,291,18.8274
idle,ttlbox,SCHED_OTHER,0,20.0000,292,18.7711
idle,ttlbox,SCHED_OTHER,0,20.0000,293,18.6730
idle,ttlbox,SCHED_OTHER,0,20.0000,294,18.6258
idle,ttlbox,SCHED_OTHER,0,20.0000,295,18.5084
idle,ttlbox,SCHED_OTHER,0,20.0000,296,18.4763
idle,ttlbox,SCHED_OTHER,0,20.0000,297,19.2500
idle,ttlbox,SCHED_OTHER,0,20.0000,298,20.0713
idle,ttlbox,SCHED_OTHER,0,20.0000,299,20.0288
idle,ttlbox,SCHED_OTHER,0,20.0000,300,19.8946
idle,ttlbox,SCHED_OTHER,0,20.0000,301,19.8556
idle,ttlbox,SCHED_OTHER,0,20.0000,302,19.8072
idle,ttlbox,SCHED_OTHER,0,20.0000,303,19.5637
idle,ttlbox,SCHED_OTHER,0,20.0000,304,19.5311
idle,ttlbox,SCHED_OTHER,0,20.0000,305,20.1697
idle,ttlbox,SCHED_OTHER,0,20.0000,306,19.9676
idle,ttlbox,SCHED_OTHER,0,20.0000,307,18.8583
idle,ttlbox,SCHED_OTHER,0,20.0000,308,18.7109
idle,ttlbox,SCHED_OTHER,0,20.0000,309,18.5024
idle,ttlbox,SCHED_OTHER,0,20.0000,310,19.3297
idle,ttlbox,SCHED_OTHER,0,20.0000,311,19.2424
idle,ttlbox,SCHED_OTHER,0,20.0000,312,19.0412
idle,ttlbox,SCHED_OTHER,0,20.0000,313,18.9498
idle,ttlbox,SCHED_OTHER,0,20.0000,314,18.9194
idle,ttlbox,SCHED_OTHER,0,20.0000,315,19.8922
idle,ttlbox,SCHED_OTHER,0,20.0000,316,19.7842
idle,ttlbox,SCHED_OTHER,0,20.0000,317,19.7591
idle,ttlbox,SCHED_OTHER,0,20.0000,318,19.7022
idle,ttlbox,SCHED_OTHER,0,20.0000,319,19.6605
idle,ttlbox,SCHED_OTHER,0,20.0000,320,19.6048
idle,ttlbox,SCHED_OTHER,0,20.0000,321,19.5764
idle,ttlbox,SCHED_OTHER,0,20.0000,322,20.3901
idle,ttlbox,SCHED_OTHER,0,20.0000,323,20.3291
idle,ttlbox,SCHED_OTHER,0,20.0000,324,19.2269
idle,ttlbox,SCHED_OTHER,0,20.0000,325,18.9853
idle,ttlbox,SCHED_OTHER,0,20.0000,326,18.8940
idle,ttlbox,SCHED_OTHER,0,20.0000,327,18.8524
idle,ttlbox,SCHED_OTHER,0,20.0000,328,18.8090
idle,ttlbox,SCHED_OTHER,0,20.0000,329,18.6493
idle,ttlbox,SCHED_OTHER,0,20.0000,330,19.4705
idle,ttlbox,SCHED_OTHER,0,20.0000,331,20.4253
idle,ttlbox,SCHED_OTHER,0,20.0000,332,20.2121
idle,ttlbox,SCHED_OTHER,0,20.0000,333,20.1389
idle,ttlbox,SCHED_OTHER,0,20.0000,334,19.9866
idle,ttlbox,SCHED_OTHER,0,20.0000,335,19.8155
idle,ttlbox,SCHED_OTHER,0,20.0000,336,19.6960
idle,ttlbox,SCHED_OTHER,0,20.0000,337,19.5617
idle,ttlbox,SCHED_OTHER,0,20.0000,338,20.4699
idle,ttlbox,SCHED_OTHER,0,20.0000,339,20.2867
idle,ttlbox,SCHED_OTHER,0,20.0000,340,19.0673
idle,ttlbox,SCHED_OTHER,0,20.0000,341,18.9493
idle,ttlbox,SCHED_OTHER,0,20.0000,342,18.8818
idle,ttlbox,SCHED_OTHER,0,20.0000,343,18.6187
idle,ttlbox,SCHED_OTHER,0,20.0000,344,18.4837
idle,ttlbox,SCHED_OTHER,0,20.0000,345,19.3677
idle,ttlbox,SCHED_OTHER,0,20.0000,346,19.2076
idle,ttlbox,SCHED_OTHER,0,20.0000,347,20.0901
idle,ttlbox,SCHED_OTHER,0,20.0000,348,19.9418
idle,ttlbox,SCHED_OTHER,0,20.0000,349,19.7954
idle,ttlbox,SCHED_OTHER,0,20.0000,350,19.5681
idle,ttlbox,SCHED_OTHER,0,20.0000,351,20.4582
idle,ttlbox,SCHED_OTHER,0,20.0000,352,20.1696
idle,ttlbox,SCHED_OTHER,0,20.0000,353,19.9745
idle,ttlbox,SCHED_OTHER,0,20.0000,354,19.8332
idle,ttlbox,SCHED_OTHER,0,20.0000,355,19.8087
idle,ttlbox,SCHED_OTHER,0,20.0000,356,18.7216
idle,ttlbox,SCHED_OTHER,0,20.0000,357,18.6431
idle,ttlbox,SCHED_OTHER,0,20.0000,358,18.4897
idle,ttlbox,SCHED_OTHER,0,20.0000,359,19.3651
idle,ttlbox,SCHED_OTHER,0,20.0000,360,19.1163
idle,ttlbox,SCHED_OTHER,0,20.0000,361,18.9631
idle,ttlbox,SCHED_OTHER,0,20.0000,362,18.8824
idle,ttlbox,SCHED_OTHER,0,20.0000,363,18.6990
idle,ttlbox,SCHED_OTHER,0,20.0000,364,19.6299
idle,ttlbox,SCHED_OTHER,0,20.0000,365,19.4890
idle,ttlbox,SCHED_OTHER,0,20.0000,366,20.4345
idle,ttlbox,SCHED_OTHER,0,20.0000,367,20.3525
idle,ttlbox,SCHED_OTHER,0,20.0000,368,20.2377
idle,ttlbox,SCHED_OTHER,0,20.0000,369,20.1507
idle,ttlbox,SCHED_OTHER,0,20.0000,370,19.8872
idle,ttlbox,SCHED_OTHER,0,20.0000,371,19.7095
idle,ttlbox,SCHED_OTHER,0,20.0000,372,19.5856
idle,ttlbox,SCHED_OTHER,0,20.0000,373,19.3478
idle,ttlbox,SCHED_OTHER,0,20.0000,374,19.2918
idle,ttlbox,SCHED_OTHER,0,20.0000,375,19.1095
idle,ttlbox,SCHED_OTHER,0,20.0000,376,18.9118
idle,ttlbox,SCHED_OTHER,0,20.0000,377,18.8447
idle,ttlbox,SCHED_OTHER,0,20.0000,378,18.5770
idle,ttlbox,SCHED_OTHER,0,20.0000,379,19.4531
idle,ttlbox,SCHED_OTHER,0,20.0000,380,19.3123
idle,ttlbox,SCHED_OTHER,0,20.0000,381,20.2798
idle,ttlbox,SCHED_OTHER,0,20.0000,382,20.1739
idle,ttlbox,SCHED_OTHER,0,20.0000,383,19.9615
idle,ttlbox,SCHED_OTHER,0,20.0000,384,19.7021
idle,ttlbox,SCHED_OTHER,0,20.0000,385,19.5993
idle,ttlbox,SCHED_OTHER,0,20.0000,386,20.4749
idle,ttlbox,SCHED_OTHER,0,20.0000,387,20.3852
idle,ttlbox,SCHED_OTHER,0,20.0000,388,20.1744
idle,ttlbox,SCHED_OTHER,0,20.0000,389,19.1262
idle,ttlbox,SCHED_OTHER,0,20.0000,390,18.9543
idle,ttlbox,SCHED_OTHER,0,20.0000,391,18.7718
idle,ttlbox,SCHED_OTHER,0,20.0000,392,18.5563
idle,ttlbox,SCHED_OTHER,0,20.0000,393,18.5157
idle,ttlbox,SCHED_OTHER,0,20.0000,394,19.2857
idle,ttlbox,SCHED_OTHER,0,20.0000,395,19.1658
idle,ttlbox,SCHED_OTHER,0,20.0000,396,18.9939
idle,ttlbox,SCHED_OTHER,0,20.0000,397,19.8688
idle,ttlbox,SCHED_OTHER,0,20.0000,398,19.7143
idle,ttlbox,SCHED_OTHER,0,20.0000,399,19.6560
idle,ttlbox,SCHED_OTHER,0,20.0000,400,19.5369
idle,ttlbox,SCHED_OTHER,0,20.0000,401,20.3544
idle,ttlbox,SCHED_OTHER,0,20.0000,402,20.1867
idle,ttlbox,SCHED_OTHER,0,20.0000,403,19.8807
idle,ttlbox,SCHED_OTHER,0,20.0000,404,19.8334
idle,ttlbox,SCHED_OTHER,0,20.0000,405,19.6782
idle,ttlbox,SCHED_OTHER,0,20.0000,406,18.5317
idle,ttlbox,SCHED_OTHER,0,20.0000,407,19.4095
idle,ttlbox,SCHED_OTHER,0,20.0000,408,19.3486
idle,ttlbox,SCHED_OTHER,0,20.0000,409,19.3298
idle,ttlbox,SCHED_OTHER,0,20.0000,410,19.1511
idle,ttlbox,SCHED_OTHER,0,20.0000,411,18.9430
idle,ttlbox,SCHED_OTHER,0,20.0000,412,18.8699
idle,ttlbox,SCHED_OTHER,0,20.0000,413,19.6605
idle,ttlbox,SCHED_OTHER,0,20.0000,414,20.4456
idle,ttlbox,SCHED_OTHER,0,20.0000,415,20.3029
idle,ttlbox,SCHED_OTHER,0,20.0000,416,20.2536
idle,ttlbox,SCHED_OTHER,0,20.0000,417,20.1013
idle,ttlbox,SCHED_OTHER,0,20.0000,418,19.8457
idle,ttlbox,SCHED_OTHER,0,20.0000,419,19.6489
idle,ttlbox,SCHED_OTHER,0,20.0000,420,19.5327
idle,ttlbox,SCHED_OTHER,0,20.0000,421,20.4321
idle,ttlbox,SCHED_OTHER,0,20.0000,422,20.3060
idle,ttlbox,SCHED_OTHER,0,20.0000,423,19.0978
idle,ttlbox,SCHED_OTHER,0,20.0000,424,18.9735
idle,ttlbox,SCHED_OTHER,0,20.0000,425,18.7294
idle,ttlbox,SCHED_OTHER,0,20.0000,426,18.6001
idle,ttlbox,SCHED_OTHER,0,20.0000,427,18.5131
idle,ttlbox,SCHED_OTHER,0,20.0000,428,19.3842
idle,ttlbox,SCHED_OTHER,0,20.0000,429,19.1044
idle,ttlbox,SCHED_OTHER,0,20.0000,430,19.9726
idle,ttlbox,SCHED_OTHER,0,20.0000,431,19.8761
idle,ttlbox,SCHED_OTHER,0,20.0000,432,19.7098
idle,ttlbox,SCHED_OTHER,0,20.0000,433,19.5007
idle,ttlbox,SCHED_OTHER,0,20.0000,434,20.3901
idle,ttlbox,SCHED_OTHER,0,20.0000,435,20.1507
idle,ttlbox,SCHED_OTHER,0,20.0000,436,20.0966
idle,ttlbox,SCHED_OTHER,0,20.0000,437,19.9231
idle,ttlbox,SCHED_OTHER,0,20.0000,438,19.7576
idle,ttlbox,SCHED_OTHER,0,20.0000,439,18.6686
idle,ttlbox,SCHED_OTHER,0,20.0000,440,18.4713
idle,ttlbox,SCHED_OTHER,0,20.0000,441,19.4094
idle,ttlbox,SCHED_OTHER,0,20.0000,442,19.2691
idle,ttlbox,SCHED_OTHER,0,20.0000,443,19.0971
idle,ttlbox,SCHED_OTHER,0,20.0000,444,18.9940
idle,ttlbox,SCHED_OTHER,0,20.0000,445,18.7856
idle,ttlbox,SCHED_OTHER,0,20.0000,446,19.6787
idle,ttlbox,SCHED_OTHER,0,20.0000,447,19.6367
idle,ttlbox,SCHED_OTHER,0,20.0000,448,19.5372
idle,ttlbox,SCHED_OTHER,0,20.0000,449,20.3779
idle,ttlbox,SCHED_OTHER,0,20.0000,450,20.2981
idle,ttlbox,SCHED_OTHER,0,20.0000,451,20.2754
idle,ttlbox,SCHED_OTHER,0,20.0000,452,20.1205
idle,ttlbox,SCHED_OTHER,0,20.0000,453,20.0214
idle,ttlbox,SCHED_OTHER,0,20.0000,454,19.7540
idle,ttlbox,SCHED_OTHER,0,20.0000,455,18.7060
idle,ttlbox,SCHED_OTHER,0,20.0000,456,18.5742
idle,ttlbox,SCHED_OTHER,0,20.0000,457,19.3603
idle,ttlbox,SCHED_OTHER,0,20.0000,458,19.1702
idle,ttlbox,SCHED_OTHER,0,20.0000,459,19.1472
idle,ttlbox,SCHED_OTHER,0,20.0000,460,19.0781
idle,ttlbox,SCHED_OTHER,0,20.0000,461,18.9802
idle,ttlbox,SCHED_OTHER,0,20.0000,462,18.8276
idle,ttlbox,SCHED_OTHER,0,20.0000,463,19.8009
idle,ttlbox,SCHED_OTHER,0,20.0000,464,19.5687
idle,ttlbox,SCHED_OTHER,0,20.0000,465,20.4586
idle,ttlbox,SCHED_OTHER,0,20.0000,466,20.2747
idle,ttlbox,SCHED_OTHER,0,20.0000,467,20.0710
idle,ttlbox,SCHED_OTHER,0,20.0000,468,20.0279
idle,ttlbox,SCHED_OTHER,0,20.0000,469,19.9111
idle,ttlbox,SCHED_OTHER,0,20.0000,470,19.6972
idle,ttlbox,SCHED_OTHER,0,20.0000,471,19.5426
idle,ttlbox,SCHED_OTHER,0,20.0000,472,18.5084
idle,ttlbox,SCHED_OTHER,0,20.0000,473,19.4706
idle,ttlbox,SCHED_OTHER,0,20.0000,474,19.2851
idle,ttlbox,SCHED_OTHER,0,20.0000,475,19.1019
idle,ttlbox,SCHED_OTHER,0,20.0000,476,19.0675
idle,ttlbox,SCHED_OTHER,0,20.0000,477,18.8835
idle,ttlbox,SCHED_OTHER,0,20.0000,478,18.6798
idle,ttlbox,SCHED_OTHER,0,20.0000,479,19.5451
idle,ttlbox,SCHED_OTHER,0,20.0000,480,19.5133
idle,ttlbox,SCHED_OTHER,0,20.0000,481,20.3482
idle,ttlbox,SCHED_OTHER,0,20.0000,482,20.3218
idle,ttlbox,SCHED_OTHER,0,20.0000,483,20.2536
idle,ttlbox,SCHED_OTHER,0,20.0000,484,20.1450
idle,ttlbox,SCHED_OTHER,0,20.0000,485,20.0452
idle,ttlbox,SCHED_OTHER,0,20.0000,486,19.9985
idle,ttlbox,SCHED_OTHER,0,20.0000,487,19.8460
idle,ttlbox,SCHED_OTHER,0,20.0000,488,18.7176
idle,ttlbox,SCHED_OTHER,0,20.0000,489,18.5506
idle,ttlbox,SCHED_OTHER,0,20.0000,490,19.4032
idle,ttlbox,SCHED_OTHER,0,20.0000,491,19.1443
idle,ttlbox,SCHED_OTHER,0,20.0000,492,18.9985
idle,ttlbox,SCHED_OTHER,0,20.0000,493,18.8818
idle,ttlbox,SCHED_OTHER,0,20.0000,494,18.7594
idle,ttlbox,SCHED_OTHER,0,20.0000,495,18.5647
idle,ttlbox,SCHED_OTHER,0,20.0000,496,20.4016
idle,ttlbox,SCHED_OTHER,0,20.0000,497,20.2569
idle,ttlbox,SCHED_OTHER,0,20.0000,498,20.0165
idle,ttlbox,SCHED_OTHER,0,20.0000,499,19.8937
idle,ttlbox,SCHED_OTHER,0,20.0000,500,19.7712
idle,ttlbox,SCHED_OTHER,0,20.0000,501,19.7528
idle,ttlbox,SCHED_OTHER,0,20.0000,502,19.6913
idle,ttlbox,SCHED_OTHER,0,20.0000,503,19.5806
idle,ttlbox,SCHED_OTHER,0,20.0000,504,20.2986
idle,ttlbox,SCHED_OTHER,0,20.0000,505,19.1208
idle,ttlbox,SCHED_OTHER,0,20.0000,506,19.0600
idle,ttlbox,SCHED_OTHER,0,20.0000,507,18.9983
idle,ttlbox,SCHED_OTHER,0,20.0000,508,18.7977
idle,ttlbox,SCHED_OTHER,0,20.0000,509,18.6844
idle,ttlbox,SCHED_OTHER,0,20.0000,510,18.5012
idle,ttlbox,SCHED_OTHER,0,20.0000,511,19.3649
idle,ttlbox,SCHED_OTHER,0,20.0000,512,20.2926
idle,ttlbox,SCHED_OTHER,0,20.0000,513,20.2495
idle,ttlbox,SCHED_OTHER,0,20.0000,514,20.1456
idle,ttlbox,SCHED_OTHER,0,20.0000,515,19.9243
idle,ttlbox,SCHED_OTHER,0,20.0000,516,19.8315
idle,ttlbox,SCHED_OTHER,0,20.0000,517,19.6064
idle,ttlbox,SCHED_OTHER,0,20.0000,518,19.5124
idle,ttlbox,SCHED_OTHER,0,20.0000,519,20.4876
idle,ttlbox,SCHED_OTHER,0,20.0000,520,20.4207
idle,ttlbox,SCHED_OTHER,0,20.0000,521,19.1830
idle,ttlbox,SCHED_OTHER,0,20.0000,522,19.0652
idle,ttlbox,SCHED_OTHER,0,20.0000,523,18.9138
idle,ttlbox,SCHED_OTHER,0,20.0000,524,18.7525
idle,ttlbox,SCHED_OTHER,0,20.0000,525,18.6440
idle,ttlbox,SCHED_OTHER,0,20.0000,526,19.4660
idle,ttlbox,SCHED_OTHER,0,20.0000,527,19.4476
idle,ttlbox,SCHED_OTHER,0,20.0000,528,19.4211
idle,ttlbox,SCHED_OTHER,0,20.0000,529,20.4261
idle,ttlbox,SCHED_OTHER,0,20.0000,530,20.2494
idle,ttlbox,SCHED_OTHER,0,20.0000,531,20.1015
idle,ttlbox,SCHED_OTHER,0,20.0000,532,20.0330
idle,ttlbox,SCHED_OTHER,0,20.0000,533,19.8327
idle,ttlbox,SCHED_OTHER,0,20.0000,534,19.7327
idle,ttlbox,SCHED_OTHER,0,20.0000,535,19.5992
idle,ttlbox,SCHED_OTHER,0,20.0000,536,19.5251
idle,ttlbox,SCHED_OTHER,0,20.0000,537,20.2260
idle,ttlbox,SCHED_OTHER,0,20.0000,538,19.0296
idle,ttlbox,SCHED_OTHER,0,20.0000,539,18.8271
idle,ttlbox,SCHED_OTHER,0,20.0000,540,18.7825
idle,ttlbox,SCHED_OTHER,0,20.0000,541,18.6799
idle,ttlbox,SCHED_OTHER,0,20.0000,542,18.5206
idle,ttlbox,SCHED_OTHER,0,20.0000,543,19.4401
idle,ttlbox,SCHED_OTHER,0,20.0000,544,19.3730
idle,ttlbox,SCHED_OTHER,0,20.0000,545,20.2486
idle,ttlbox,SCHED_OTHER,0,20.0000,546,20.0826
idle,ttlbox,SCHED_OTHER,0,20.0000,547,19.9871
idle,ttlbox,SCHED_OTHER,0,20.0000,548,19.7772
idle,ttlbox,SCHED_OTHER,0,20.0000,549,19.5328
idle,ttlbox,SCHED_OTHER,0,20.0000,550,20.3833
idle,ttlbox,SCHED_OTHER,0,20.0000,551,20.1950
idle,ttlbox,SCHED_OTHER,0,20.0000,552,20.1332
idle,ttlbox,SCHED_OTHER,0,20.0000,553,20.1090
idle,ttlbox,SCHED_OTHER,0,20.0000,554,18.8623
idle,ttlbox,SCHED_OTHER,0,20.0000,555,18.8395
idle,ttlbox,SCHED_OTHER,0,20.0000,556,18.6848
idle,ttlbox,SCHED_OTHER,0,20.0000,557,19.4401
idle,ttlbox,SCHED_OTHER,0,20.0000,558,19.2319
idle,ttlbox,SCHED_OTHER,0,20.0000,559,19.1335
idle,ttlbox,SCHED_OTHER,0,20.0000,560,18.9004
idle,ttlbox,SCHED_OTHER,0,20.0000,561,19.8953
idle,ttlbox,SCHED_OTHER,0,20.0000,562,19.7716
idle,ttlbox,SCHED_OTHER,0,20.0000,563,19.6414
idle,ttlbox,SCHED_OTHER,0,20.0000,564,20.4748
idle,ttlbox,SCHED_OTHER,0,20.0000,565,20.3664
idle,ttlbox,SCHED_OTHER,0,20.0000,566,20.1814
idle,ttlbox,SCHED_OTHER,0,20.0000,567,19.9605
idle,ttlbox,SCHED_OTHER,0,20.0000,568,19.6557
idle,ttlbox,SCHED_OTHER,0,20.0000,569,19.5437
idle,ttlbox,SCHED_OTHER,0,20.0000,570,20.3350
idle,ttlbox,SCHED_OTHER,0,20.0000,571,19.2366
idle,ttlbox,SCHED_OTHER,0,20.0000,572,19.0830
idle,ttlbox,SCHED_OTHER,0,20.0000,573,18.8216
idle,ttlbox,SCHED_OTHER,0,20.0000,574,18.6548
idle,ttlbox,SCHED_OTHER,0,20.0000,575,19.4347
idle,ttlbox,SCHED_OTHER,0,20.0000,576,19.3527
idle,ttlbox,SCHED_OTHER,0,20.0000,577,19.0978
idle,ttlbox,SCHED_OTHER,0,20.0000,578,20.0900
idle,ttlbox,SCHED_OTHER,0,20.0000,579,19.8552
idle,ttlbox,SCHED_OTHER,0,20.0000,580,19.7021
idle,ttlbox,SCHED_OTHER,0,20.0000,581,19.5881
idle,ttlbox,SCHED_OTHER,0,20.0000,582,19.5124
idle,ttlbox,SCHED_OTHER,0,20.0000,583,20.2753
idle,ttlbox,SCHED_OTHER,0,20.0000,584,20.0897
idle,ttlbox,SCHED_OTHER,0,20.0000,585,20.0478
idle,ttlbox,SCHED_OTHER,0,20.0000,586,19.7890
idle,ttlbox,SCHED_OTHER,0,20.0000,587,18.6562
idle,ttlbox,SCHED_OTHER,0,20.0000,588,19.4265
idle,ttlbox,SCHED_OTHER,0,20.0000,589,19.2500
idle,ttlbox,SCHED_OTHER,0,20.0000,590,19.2318
idle,ttlbox,SCHED_OTHER,0,20.0000,591,19.1879
idle,ttlbox,SCHED_OTHER,0,20.0000,592,19.0525
idle,ttlbox,SCHED_OTHER,0,20.0000,593,19.0248
idle,ttlbox,SCHED_OTHER,0,20.0000,594,18.8882
idle,ttlbox,SCHED_OTHER,0,20.0000,595,19.7151
idle,ttlbox,SCHED_OTHER,0,20.0000,596,20.5003
idle,ttlbox,SCHED_OTHER,0,20.0000,597,20.2985
idle,ttlbox,SCHED_OTHER,0,20.0000,598,20.0636
idle,ttlbox,SCHED_OTHER,0,20.0000,599,19.8689
idle,ttlbox,SCHED_OTHER,0,20.0000,600,19.7021
idle,ttlbox,SCHED_OTHER,0,20.0000,601,19.6529
idle,ttlbox,SCHED_OTHER,0,20.0000,602,20.1813
idle,ttlbox,SCHED_OTHER,0,20.0000,603,19.9617
idle,ttlbox,SCHED_OTHER,0,20.0000,604,18.7902
idle,ttlbox,SCHED_OTHER,0,20.0000,605,18.5695
idle,ttlbox,SCHED_OTHER,0,20.0000,606,19.4575
idle,ttlbox,SCHED_OTHER,0,20.0000,607,19.2549
idle,ttlbox,SCHED_OTHER,0,20.0000,608,19.0482
idle,ttlbox,SCHED_OTHER,0,20.0000,609,18.8281
idle,ttlbox,SCHED_OTHER,0,20.0000,610,18.6115
idle,ttlbox,SCHED_OTHER,0,20.0000,611,19.5329
idle,ttlbox,SCHED_OTHER,0,20.0000,612,20.4566
idle,ttlbox,SCHED_OTHER,0,20.0000,613,20.3294
idle,ttlbox,SCHED_OTHER,0,20.0000,614,20.2257
idle,ttlbox,SCHED_OTHER,0,20.0000,615,20.1819
idle,ttlbox,SCHED_OTHER,0,20.0000,616,20.0100
idle,ttlbox,SCHED_OTHER,0,20.0000,617,19.9681
idle,ttlbox,SCHED_OTHER,0,20.0000,618,19.8512
idle,ttlbox,SCHED_OTHER,0,20.0000,619,19.6911
idle,ttlbox,SCHED_OTHER,0,20.0000,620,18.5391
idle,ttlbox,SCHED_OTHER,0,20.0000,621,19.3602
idle,ttlbox,SCHED_OTHER,0,20.0000,622,19.3114
idle,ttlbox,SCHED_OTHER,0,20.0000,623,19.1954
idle,ttlbox,SCHED_OTHER,0,20.0000,624,18.9495
idle,ttlbox,SCHED_OTHER,0,20.0000,625,18.6798
idle,ttlbox,SCHED_OTHER,0,20.0000,626,18.5324
idle,ttlbox,SCHED_OTHER,0,20.0000,627,19.3673
idle,ttlbox,SCHED_OTHER,0,20.0000,628,20.3152
idle,ttlbox,SCHED_OTHER,0,20.0000,629,20.2000
idle,ttlbox,SCHED_OTHER,0,20.0000,630,19.9728
idle,ttlbox,SCHED_OTHER,0,20.0000,631,19.9352
idle,ttlbox,SCHED_OTHER,0,20.0000,632,19.7170
idle,ttlbox,SCHED_OTHER,0,20.0000,633,19.5809
idle,ttlbox,SCHED_OTHER,0,20.0000,634,20.4086
idle,ttlbox,SCHED_OTHER,0,20.0000,635,20.1392
idle,ttlbox,SCHED_OTHER,0,20.0000,636,20.0461
idle,ttlbox,SCHED_OTHER,0,20.0000,637,18.8447
idle,ttlbox,SCHED_OTHER,0,20.0000,638,18.6493
idle,ttlbox,SCHED_OTHER,0,20.0000,639,18.4714
idle,ttlbox,SCHED_OTHER,0,20.0000,640,19.2374
idle,ttlbox,SCHED_OTHER,0,20.0000,641,19.0463
idle,ttlbox,SCHED_OTHER,0,20.0000,642,18.8626
idle,ttlbox,SCHED_OTHER,0,20.0000,643,18.5952
idle,ttlbox,SCHED_OTHER,0,20.0000,644,19.5379
idle,ttlbox,SCHED_OTHER,0,20.0000,645,20.4652
idle,ttlbox,SCHED_OTHER,0,20.0000,646,20.2798
idle,ttlbox,SCHED_OTHER,0,20.0000,647,20.1739
idle,ttlbox,SCHED_OTHER,0,20.0000,648,19.9743
idle,ttlbox,SCHED_OTHER,0,20.0000,649,19.7153
idle,ttlbox,SCHED_OTHER,0,20.0000,650,19.5007
idle,ttlbox,SCHED_OTHER,0,20.0000,651,20.2679
idle,ttlbox,SCHED_OTHER,0,20.0000,652,20.0852
idle,ttlbox,SCHED_OTHER,0,20.0000,653,20.0164
idle,ttlbox,SCHED_OTHER,0,20.0000,654,18.9732
idle,ttlbox,SCHED_OTHER,0,20.0000,655,18.8395
idle,ttlbox,SCHED_OTHER,0,20.0000,656,18.7787
idle,ttlbox,SCHED_OTHER,0,20.0000,657,18.7152
idle,ttlbox,SCHED_OTHER,0,20.0000,658,18.5249
idle,ttlbox,SCHED_OTHER,0,20.0000,659,19.1703
idle,ttlbox,SCHED_OTHER,0,20.0000,660,18.9802
idle,ttlbox,SCHED_OTHER,0,20.0000,661,19.8088
idle,ttlbox,SCHED_OTHER,0,20.0000,662,19.7454
idle,ttlbox,SCHED_OTHER,0,20.0000,663,19.5245
idle,ttlbox,SCHED_OTHER,0,20.0000,664,20.4319
idle,ttlbox,SCHED_OTHER,0,20.0000,665,20.2727
idle,ttlbox,SCHED_OTHER,0,20.0000,666,20.1945
idle,ttlbox,SCHED_OTHER,0,20.0000,667,20.1204
idle,ttlbox,SCHED_OTHER,0,20.0000,668,19.9843
idle,ttlbox,SCHED_OTHER,0,20.0000,669,19.7474
idle,ttlbox,SCHED_OTHER,0,20.0000,670,18.5394
idle,ttlbox,SCHED_OTHER,0,20.0000,671,18.4771
idle,ttlbox,SCHED_OTHER,0,20.0000,672,19.4710
idle,ttlbox,SCHED_OTHER,0,20.0000,673,19.3792
idle,ttlbox,SCHED_OTHER,0,20.0000,674,19.2572
idle,ttlbox,SCHED_OTHER,0,20.0000,675,19.1082
idle,ttlbox,SCHED_OTHER,0,20.0000,676,19.0548
idle,ttlbox,SCHED_OTHER,0,20.0000,677,18.9754
idle,ttlbox,SCHED_OTHER,0,20.0000,678,19.9305
idle,ttlbox,SCHED_OTHER,0,20.0000,679,19.7943
idle,ttlbox,SCHED_OTHER,0,20.0000,680,19.7149
idle,ttlbox,SCHED_OTHER,0,20.0000,681,19.4966
idle,ttlbox,SCHED_OTHER,0,20.0000,682,20.4133
idle,ttlbox,SCHED_OTHER,0,20.0000,683,20.2615
idle,ttlbox,SCHED_OTHER,0,20.0000,684,20.1878
idle,ttlbox,SCHED_OTHER,0,20.0000,685,19.9928
idle,ttlbox,SCHED_OTHER,0,20.0000,686,18.9080
idle,ttlbox,SCHED_OTHER,0,20.0000,687,18.7366
idle,ttlbox,SCHED_OTHER,0,20.0000,688,19.4779
idle,ttlbox,SCHED_OTHER,0,20.0000,689,19.2944
idle,ttlbox,SCHED_OTHER,0,20.0000,690,19.2576
idle,ttlbox,SCHED_OTHER,0,20.0000,691,19.0861
idle,ttlbox,SCHED_OTHER,0,20.0000,692,18.9914
idle,ttlbox,SCHED_OTHER,0,20.0000,693,18.9319
idle,ttlbox,SCHED_OTHER,0,20.0000,694,19.9378
idle,ttlbox,SCHED_OTHER,0,20.0000,695,19.8943
idle,ttlbox,SCHED_OTHER,0,20.0000,696,19.7643
idle,ttlbox,SCHED_OTHER,0,20.0000,697,19.5578
idle,ttlbox,SCHED_OTHER,0,20.0000,698,20.4278
idle,ttlbox,SCHED_OTHER,0,20.0000,699,20.2489
idle,ttlbox,SCHED_OTHER,0,20.0000,700,20.0589
idle,ttlbox,SCHED_OTHER,0,20.0000,701,19.8460
idle,ttlbox,SCHED_OTHER,0,20.0000,702,19.7946
idle,ttlbox,SCHED_OTHER,0,20.0000,703,18.6192
idle,ttlbox,SCHED_OTHER,0,20.0000,704,18.5137
idle,ttlbox,SCHED_OTHER,0,20.0000,705,19.2940
idle,ttlbox,SCHED_OTHER,0,20.0000,706,19.1398
idle,ttlbox,SCHED_OTHER,0,20.0000,707,18.9756
idle,ttlbox,SCHED_OTHER,0,20.0000,708,18.9497
idle,ttlbox,SCHED_OTHER,0,20.0000,709,18.8259
idle,ttlbox,SCHED_OTHER,0,20.0000,710,19.5616
idle,ttlbox,SCHED_OTHER,0,20.0000,711,20.3957
idle,ttlbox,SCHED_OTHER,0,20.0000,712,20.3166
idle,ttlbox,SCHED_OTHER,0,20.0000,713,20.2750
idle,ttlbox,SCHED_OTHER,0,20.0000,714,20.1083
idle,ttlbox,SCHED_OTHER,0,20.0000,715,19.9791
idle,ttlbox,SCHED_OTHER,0,20.0000,716,19.7587
idle,ttlbox,SCHED_OTHER,0,20.0000,717,19.6425
idle,ttlbox,SCHED_OTHER,0,20.0000,718,20.4930
idle,ttlbox,SCHED_OTHER,0,20.0000,719,20.3597
idle,ttlbox,SCHED_OTHER,0,20.0000,720,19.1890
idle,ttlbox,SCHED_OTHER,0,20.0000,721,18.9875
idle,ttlbox,SCHED_OTHER,0,20.0000,722,18.9181
idle,ttlbox,SCHED_OTHER,0,20.0000,723,18.7289
idle,ttlbox,SCHED_OTHER,0,20.0000,724,18.6446
idle,ttlbox,SCHED_OTHER,0,20.0000,725,18.5078
idle,ttlbox,SCHED_OTHER,0,20.0000,726,19.4400
idle,ttlbox,SCHED_OTHER,0,20.0000,727,20.4254
idle,ttlbox,SCHED_OTHER,0,20.0000,728,20.2537
idle,ttlbox,SCHED_OTHER,0,20.0000,729,20.0709
idle,ttlbox,SCHED_OTHER,0,20.0000,730,19.9423
idle,ttlbox,SCHED_OTHER,0,20.0000,731,19.7593
idle,ttlbox,SCHED_OTHER,0,20.0000,732,19.6473
idle,ttlbox,SCHED_OTHER,0,20.0000,733,20.4330
idle,ttlbox,SCHED_OTHER,0,20.0000,734,20.3827
idle,ttlbox,SCHED_OTHER,0,20.0000,735,20.3521
idle,ttlbox,SCHED_OTHER,0,20.0000,736,19.2314
idle,ttlbox,SCHED_OTHER,0,20.0000,737,19.1582
idle,ttlbox,SCHED_OTHER,0,20.0000,738,19.1082
idle,ttlbox,SCHED_OTHER,0,20.0000,739,18.9240
idle,ttlbox,SCHED_OTHER,0,20.0000,740,18.6565
idle,ttlbox,SCHED_OTHER,0,20.0000,741,18.4956
idle,ttlbox,SCHED_OTHER,0,20.0000,742,19.4089
idle,ttlbox,SCHED_OTHER,0,20.0000,743,20.2666
idle,ttlbox,SCHED_OTHER,0,20.0000,744,20.1819
idle,ttlbox,SCHED_OTHER,0,20.0000,745,20.1452
idle,ttlbox,SCHED_OTHER,0,20.0000,746,19.8864
idle,ttlbox,SCHED_OTHER,0,20.0000,747,19.8200
idle,ttlbox,SCHED_OTHER,0,20.0000,748,19.6921
idle,ttlbox,SCHED_OTHER,0,20.0000,749,19.6483
idle,ttlbox,SCHED_OTHER,0,20.0000,750,20.4320
idle,ttlbox,SCHED_OTHER,0,20.0000,751,20.2233
idle,ttlbox,SCHED_OTHER,0,20.0000,752,18.9568
idle,ttlbox,SCHED_OTHER,0,20.0000,753,18.8327
idle,ttlbox,SCHED_OTHER,0,20.0000,754,18.7218
idle,ttlbox,SCHED_OTHER,0,20.0000,755,18.5319
idle,ttlbox,SCHED_OTHER,0,20.0000,756,18.4825
idle,ttlbox,SCHED_OTHER,0,20.0000,757,19.3675
idle,ttlbox,SCHED_OTHER,0,20.0000,758,19.2455
idle,ttlbox,SCHED_OTHER,0,20.0000,759,18.9073
idle,ttlbox,SCHED_OTHER,0,20.0000,760,19.7402
idle,ttlbox,SCHED_OTHER,0,20.0000,761,19.6045
idle,ttlbox,SCHED_OTHER,0,20.0000,762,19.5083
idle,ttlbox,SCHED_OTHER,0,20.0000,763,20.3973
idle,ttlbox,SCHED_OTHER,0,20.0000,764,20.3668
idle,ttlbox,SCHED_OTHER,0,20.0000,765,20.1391
idle,ttlbox,SCHED_OTHER,0,20.0000,766,20.0839
idle,ttlbox,SCHED_OTHER,0,20.0000,767,19.8200
idle,ttlbox,SCHED_OTHER,0,20.0000,768,19.7049
idle,ttlbox,SCHED_OTHER,0,20.0000,769,18.4668
idle,ttlbox,SCHED_OTHER,0,20.0000,770,19.3180
idle,ttlbox,SCHED_OTHER,0,20.0000,771,19.2194
idle,ttlbox,SCHED_OTHER,0,20.0000,772,18.9496
idle,ttlbox,SCHED_OTHER,0,20.0000,773,18.6842
idle,ttlbox,SCHED_OTHER,0,20.0000,774,18.5393
idle,ttlbox,SCHED_OTHER,0,20.0000,775,19.2944
idle,ttlbox,SCHED_OTHER,0,20.0000,776,19.1567
idle,ttlbox,SCHED_OTHER,0,20.0000,777,20.1025
idle,ttlbox,SCHED_OTHER,0,20.0000,778,20.0404
idle,ttlbox,SCHED_OTHER,0,20.0000,779,19.8317
idle,ttlbox,SCHED_OTHER,0,20.0000,780,19.7889
idle,ttlbox,SCHED_OTHER,0,20.0000,781,19.6604
idle,ttlbox,SCHED_OTHER,0,20.0000,782,19.5006
idle,ttlbox,SCHED_OTHER,0,20.0000,783,20.4524
idle,ttlbox,SCHED_OTHER,0,20.0000,784,20.3857
idle,ttlbox,SCHED_OTHER,0,20.0000,785,19.2626
idle,ttlbox,SCHED_OTHER,0,20.0000,786,19.1892
idle,ttlbox,SCHED_OTHER,0,20.0000,787,19.1468
idle,ttlbox,SCHED_OTHER,0,20.0000,788,19.0109
idle,ttlbox,SCHED_OTHER,0,20.0000,789,18.9802
idle,ttlbox,SCHED_OTHER,0,20.0000,790,18.8460
idle,ttlbox,SCHED_OTHER,0,20.0000,791,18.6446
idle,ttlbox,SCHED_OTHER,0,20.0000,792,19.4591
idle,ttlbox,SCHED_OTHER,0,20.0000,793,20.2608
idle,ttlbox,SCHED_OTHER,0,20.0000,794,20.1575
idle,ttlbox,SCHED_OTHER,0,20.0000,795,20.1390
idle,ttlbox,SCHED_OTHER,0,20.0000,796,19.9185
idle,ttlbox,SCHED_OTHER,0,20.0000,797,19.7401
idle,ttlbox,SCHED_OTHER,0,20.0000,798,19.5010
idle,ttlbox,SCHED_OTHER,0,20.0000,799,20.5004
idle,ttlbox,SCHED_OTHER,0,20.0000,800,20.4396
idle,ttlbox,SCHED_OTHER,0,20.0000,801,20.4146
idle,ttlbox,SCHED_OTHER,0,20.0000,802,19.3171
idle,ttlbox,SCHED_OTHER,0,20.0000,803,19.0954
idle,ttlbox,SCHED_OTHER,0,20.0000,804,19.0736
idle,ttlbox,SCHED_OTHER,0,20.0000,805,19.0231
idle,ttlbox,SCHED_OTHER,0,20.0000,806,18.8205
idle,ttlbox,SCHED_OTHER,0,20.0000,807,18.5740
idle,ttlbox,SCHED_OTHER,0,20.0000,808,19.4024
idle,ttlbox,SCHED_OTHER,0,20.0000,809,20.3786
idle,ttlbox,SCHED_OTHER,0,20.0000,810,20.2312
idle,ttlbox,SCHED_OTHER,0,20.0000,811,20.1202
idle,ttlbox,SCHED_OTHER,0,20.0000,812,19.9492
idle,ttlbox,SCHED_OTHER,0,20.0000,813,19.9228
idle,ttlbox,SCHED_OTHER,0,20.0000,814,19.7896
idle,ttlbox,SCHED_OTHER,0,20.0000,815,19.6372
idle,ttlbox,SCHED_OTHER,0,20.0000,816,19.5072
idle,ttlbox,SCHED_OTHER,0,20.0000,817,20.3592
idle,ttlbox,SCHED_OTHER,0,20.0000,818,19.2627
idle,ttlbox,SCHED_OTHER,0,20.0000,819,19.1265
idle,ttlbox,SCHED_OTHER,0,20.0000,820,18.9078
idle,ttlbox,SCHED_OTHER,0,20.0000,821,18.7221
idle,ttlbox,SCHED_OTHER,0,20.0000,822,18.6725
idle,ttlbox,SCHED_OTHER,0,20.0000,823,18.5278
idle,ttlbox,SCHED_OTHER,0,20.0000,824,19.4356
idle,ttlbox,SCHED_OTHER,0,20.0000,825,19.3913
idle,ttlbox,SCHED_OTHER,0,20.0000,826,20.1558
idle,ttlbox,SCHED_OTHER,0,20.0000,827,19.8943
idle,ttlbox,SCHED_OTHER,0,20.0000,828,19.7536
idle,ttlbox,SCHED_OTHER,0,20.0000,829,19.5137
idle,ttlbox,SCHED_OTHER,0,20.0000,830,20.3788
idle,ttlbox,SCHED_OTHER,0,20.0000,831,20.0896
idle,ttlbox,SCHED_OTHER,0,20.0000,832,19.9721
idle,ttlbox,SCHED_OTHER,0,20.0000,833,19.9175
idle,ttlbox,SCHED_OTHER,0,20.0000,834,19.7819
idle,ttlbox,SCHED_OTHER,0,20.0000,835,18.4715
idle,ttlbox,SCHED_OTHER,0,20.0000,836,19.4662
idle,ttlbox,SCHED_OTHER,0,20.0000,837,19.3472
idle,ttlbox,SCHED_OTHER,0,20.0000,838,19.2120
idle,ttlbox,SCHED_OTHER,0,20.0000,839,19.1751
idle,ttlbox,SCHED_OTHER,0,20.0000,840,19.0033
idle,ttlbox,SCHED_OTHER,0,20.0000,841,18.7360
idle,ttlbox,SCHED_OTHER,0,20.0000,842,19.6726
idle,ttlbox,SCHED_OTHER,0,20.0000,843,20.5079
idle,ttlbox,SCHED_OTHER,0,20.0000,844,20.2686
idle,ttlbox,SCHED_OTHER,0,20.0000,845,20.2423
idle,ttlbox,SCHED_OTHER,0,20.0000,846,20.0404
idle,ttlbox,SCHED_OTHER,0,20.0000,847,19.9478
idle,ttlbox,SCHED_OTHER,0,20.0000,848,19.7586
idle,ttlbox,SCHED_OTHER,0,20.0000,849,19.6658
idle,ttlbox,SCHED_OTHER,0,20.0000,850,20.4886
idle,ttlbox,SCHED_OTHER,0,20.0000,851,19.1778
idle,ttlbox,SCHED_OTHER,0,20.0000,852,18.7965
idle,ttlbox,SCHED_OTHER,0,20.0000,853,18.5925
idle,ttlbox,SCHED_OTHER,0,20.0000,854,19.3959
idle,ttlbox,SCHED_OTHER,0,20.0000,855,19.3605
idle,ttlbox,SCHED_OTHER,0,20.0000,856,19.0904
idle,ttlbox,SCHED_OTHER,0,20.0000,857,18.9429
idle,ttlbox,SCHED_OTHER,0,20.0000,858,18.6918
idle,ttlbox,SCHED_OTHER,0,20.0000,859,19.5436
idle,ttlbox,SCHED_OTHER,0,20.0000,860,20.3242
idle,ttlbox,SCHED_OTHER,0,20.0000,861,20.1956
idle,ttlbox,SCHED_OTHER,0,20.0000,862,20.0055
idle,ttlbox,SCHED_OTHER,0,20.0000,863,19.9189
idle,ttlbox,SCHED_OTHER,0,20.0000,864,19.6909
idle,ttlbox,SCHED_OTHER,0,20.0000,865,20.4775
idle,ttlbox,SCHED_OTHER,0,20.0000,866,20.3107
idle,ttlbox,SCHED_OTHER,0,20.0000,867,20.2117
idle,ttlbox,SCHED_OTHER,0,20.0000,868,18.9552
idle,ttlbox,SCHED_OTHER,0,20.0000,869,18.7551
idle,ttlbox,SCHED_OTHER,0,20.0000,870,18.5466
idle,ttlbox,SCHED_OTHER,0,20.0000,871,19.4648
idle,ttlbox,SCHED_OTHER,0,20.0000,872,19.3036
idle,ttlbox,SCHED_OTHER,0,20.0000,873,19.2545
idle,ttlbox,SCHED_OTHER,0,20.0000,874,19.1444
idle,ttlbox,SCHED_OTHER,0,20.0000,875,19.0600
idle,ttlbox,SCHED_OTHER,0,20.0000,876,19.8504
idle,ttlbox,SCHED_OTHER,0,20.0000,877,19.7096
idle,ttlbox,SCHED_OTHER,0,20.0000,878,19.5868
idle,ttlbox,SCHED_OTHER,0,20.0000,879,20.4951
idle,ttlbox,SCHED_OTHER,0,20.0000,880,20.3216
idle,ttlbox,SCHED_OTHER,0,20.0000,881,20.1088
idle,ttlbox,SCHED_OTHER,0,20.0000,882,19.8997
idle,ttlbox,SCHED_OTHER,0,20.0000,883,19.7587
idle,ttlbox,SCHED_OTHER,0,20.0000,884,18.5575
idle,ttlbox,SCHED_OTHER,0,20.0000,885,18.5016
idle,ttlbox,SCHED_OTHER,0,20.0000,886,19.4097
idle,ttlbox,SCHED_OTHER,0,20.0000,887,19.3049
idle,ttlbox,SCHED_OTHER,0,20.0000,888,19.0674
idle,ttlbox,SCHED_OTHER,0,20.0000,889,18.8254
idle,ttlbox,SCHED_OTHER,0,20.0000,890,18.6431
idle,ttlbox,SCHED_OTHER,0,20.0000,891,18.5318
idle,ttlbox,SCHED_OTHER,0,20.0000,892,20.3904
idle,ttlbox,SCHED_OTHER,0,20.0000,893,20.2797
idle,ttlbox,SCHED_OTHER,0,20.0000,894,20.2066
idle,ttlbox,SCHED_OTHER,0,20.0000,895,20.0959
idle,ttlbox,SCHED_OTHER,0,20.0000,896,19.9170
idle,ttlbox,SCHED_OTHER,0,20.0000,897,19.6979
idle,ttlbox,SCHED_OTHER,0,20.0000,898,19.5458
idle,ttlbox,SCHED_OTHER,0,20.0000,899,19.5147
idle,ttlbox,SCHED_OTHER,0,20.0000,900,20.4328
idle,ttlbox,SCHED_OTHER,0,20.0000,901,19.3543
idle,ttlbox,SCHED_OTHER,0,20.0000,902,19.2055
idle,ttlbox,SCHED_OTHER,0,20.0000,903,19.1885
idle,ttlbox,SCHED_OTHER,0,20.0000,904,19.1352
idle,ttlbox,SCHED_OTHER,0,20.0000,905,18.9803
idle,ttlbox,SCHED_OTHER,0,20.0000,906,18.8699
idle,ttlbox,SCHED_OTHER,0,20.0000,907,18.7224
idle,ttlbox,SCHED_OTHER,0,20.0000,908,19.7279
idle,ttlbox,SCHED_OTHER,0,20.0000,909,19.6650
idle,ttlbox,SCHED_OTHER,0,20.0000,910,20.4392
idle,ttlbox,SCHED_OTHER,0,20.0000,911,20.3410
idle,ttlbox,SCHED_OTHER,0,20.0000,912,20.1206
idle,ttlbox,SCHED_OTHER,0,20.0000,913,20.0150
idle,ttlbox,SCHED_OTHER,0,20.0000,914,19.7585
idle,ttlbox,SCHED_OTHER,0,20.0000,915,19.6791
idle,ttlbox,SCHED_OTHER,0,20.0000,916,20.4641
idle,ttlbox,SCHED_OTHER,0,20.0000,917,20.4211
idle,ttlbox,SCHED_OTHER,0,20.0000,918,19.3372
idle,ttlbox,SCHED_OTHER,0,20.0000,919,19.3050
idle,ttlbox,SCHED_OTHER,0,20.0000,920,19.1281
idle,ttlbox,SCHED_OTHER,0,20.0000,921,18.8210
idle,ttlbox,SCHED_OTHER,0,20.0000,922,18.6916
idle,ttlbox,SCHED_OTHER,0,20.0000,923,18.4667
idle,ttlbox,SCHED_OTHER,0,20.0000,924,19.3368
idle,ttlbox,SCHED_OTHER,0,20.0000,925,20.1694
idle,ttlbox,SCHED_OTHER,0,20.0000,926,20.0237
idle,ttlbox,SCHED_OTHER,0,20.0000,927,19.8380
idle,ttlbox,SCHED_OTHER,0,20.0000,928,19.6910
idle,ttlbox,SCHED_OTHER,0,20.0000,929,20.4699
idle,ttlbox,SCHED_OTHER,0,20.0000,930,20.2931
idle,ttlbox,SCHED_OTHER,0,20.0000,931,20.0645
idle,ttlbox,SCHED_OTHER,0,20.0000,932,19.9072
idle,ttlbox,SCHED_OTHER,0,20.0000,933,19.6299
idle,ttlbox,SCHED_OTHER,0,20.0000,934,18.4765
idle,ttlbox,SCHED_OTHER,0,20.0000,935,19.3981
idle,ttlbox,SCHED_OTHER,0,20.0000,936,19.3035
idle,ttlbox,SCHED_OTHER,0,20.0000,937,19.2195
idle,ttlbox,SCHED_OTHER,0,20.0000,938,19.1953
idle,ttlbox,SCHED_OTHER,0,20.0000,939,19.0656
idle,ttlbox,SCHED_OTHER,0,20.0000,940,19.0292
idle,ttlbox,SCHED_OTHER,0,20.0000,941,19.8201
idle,ttlbox,SCHED_OTHER,0,20.0000,942,19.6547
idle,ttlbox,SCHED_OTHER,0,20.0000,943,19.5504
idle,ttlbox,SCHED_OTHER,0,20.0000,944,20.3167
idle,ttlbox,SCHED_OTHER,0,20.0000,945,20.1202
idle,ttlbox,SCHED_OTHER,0,20.0000,946,19.8742
idle,ttlbox,SCHED_OTHER,0,20.0000,947,19.5993
idle,ttlbox,SCHED_OTHER,0,20.0000,948,19.5549
idle,ttlbox,SCHED_OTHER,0,20.0000,949,20.4321
idle,ttlbox,SCHED_OTHER,0,20.0000,950,20.3179
idle,ttlbox,SCHED_OTHER,0,20.0000,951,19.1092
idle,ttlbox,SCHED_OTHER,0,20.0000,952,18.8889
idle,ttlbox,SCHED_OTHER,0,20.0000,953,18.6847
idle,ttlbox,SCHED_OTHER,0,20.0000,954,18.5016
idle,ttlbox,SCHED_OTHER,0,20.0000,955,19.3114
idle,ttlbox,SCHED_OTHER,0,20.0000,956,19.1702
idle,ttlbox,SCHED_OTHER,0,20.0000,957,18.9191
idle,ttlbox,SCHED_OTHER,0,20.0000,958,19.8032
idle,ttlbox,SCHED_OTHER,0,20.0000,959,19.5874
idle,ttlbox,SCHED_OTHER,0,20.0000,960,20.4207
idle,ttlbox,SCHED_OTHER,0,20.0000,961,20.3475
idle,ttlbox,SCHED_OTHER,0,20.0000,962,20.2256
idle,ttlbox,SCHED_OTHER,0,20.0000,963,20.1934
idle,ttlbox,SCHED_OTHER,0,20.0000,964,20.0357
idle,ttlbox,SCHED_OTHER,0,20.0000,965,19.8813
idle,ttlbox,SCHED_OTHER,0,20.0000,966,19.6867
idle,ttlbox,SCHED_OTHER,0,20.0000,967,18.5254
idle,ttlbox,SCHED_OTHER,0,20.0000,968,18.4966
idle,ttlbox,SCHED_OTHER,0,20.0000,969,19.2995
idle,ttlbox,SCHED_OTHER,0,20.0000,970,19.1093
idle,ttlbox,SCHED_OTHER,0,20.0000,971,18.9976
idle,ttlbox,SCHED_OTHER,0,20.0000,972,18.9631
idle,ttlbox,SCHED_OTHER,0,20.0000,973,18.8387
idle,ttlbox,SCHED_OTHER,0,20.0000,974,18.8083
idle,ttlbox,SCHED_OTHER,0,20.0000,975,19.6650
idle,ttlbox,SCHED_OTHER,0,20.0000,976,20.4395
idle,ttlbox,SCHED_OTHER,0,20.0000,977,20.2798
idle,ttlbox,SCHED_OTHER,0,20.0000,978,20.0785
idle,ttlbox,SCHED_OTHER,0,20.0000,979,19.8557
idle,ttlbox,SCHED_OTHER,0,20.0000,980,19.6299
idle,ttlbox,SCHED_OTHER,0,20.0000,981,20.4455
idle,ttlbox,SCHED_OTHER,0,20.0000,982,20.4024
idle,ttlbox,SCHED_OTHER,0,20.0000,983,20.1809
idle,ttlbox,SCHED_OTHER,0,20.0000,984,18.8514
idle,ttlbox,SCHED_OTHER,0,20.0000,985,18.7341
idle,ttlbox,SCHED_OTHER,0,20.0000,986,18.5879
idle,ttlbox,SCHED_OTHER,0,20.0000,987,18.4898
idle,ttlbox,SCHED_OTHER,0,20.0000,988,19.4452
idle,ttlbox,SCHED_OTHER,0,20.0000,989,19.3183
idle,ttlbox,SCHED_OTHER,0,20.0000,990,19.2878
idle,ttlbox,SCHED_OTHER,0,20.0000,991,20.0900
idle,ttlbox,SCHED_OTHER,0,20.0000,992,20.0456
idle,ttlbox,SCHED_OTHER,0,20.0000,993,19.8510
idle,ttlbox,SCHED_OTHER,0,20.0000,994,19.7970
idle,ttlbox,SCHED_OTHER,0,20.0000,995,19.6481
idle,ttlbox,SCHED_OTHER,0,20.0000,996,19.5501
idle,ttlbox,SCHED_OTHER,0,20.0000,997,20.2988
idle,ttlbox,SCHED_OTHER,0,20.0000,998,20.0708
idle,ttlbox,SCHED_OTHER,0,20.0000,999,19.9438
idle,ttlbox,SCHED_OTHER,0,50.0000,0,49.1775
idle,ttlbox,SCHED_OTHER,0,50.0000,1,49.7482
idle,ttlbox,SCHED_OTHER,0,50.0000,2,49.3808
idle,ttlbox,SCHED_OTHER,0,50.0000,3,49.8835
idle,ttlbox,SCHED_OTHER,0,50.0000,4,49.5092
idle,ttlbox,SCHED_OTHER,0,50.0000,5,50.0735
idle,ttlbox,SCHED_OTHER,0,50.0000,6,49.7530
idle,ttlbox,SCHED_OTHER,0,50.0000,7,49.4431
idle,ttlbox,SCHED_OTHER,0,50.0000,8,49.9558
idle,ttlbox,SCHED_OTHER,0,50.0000,9,49.5474
idle,ttlbox,SCHED_OTHER,0,50.0000,10,49.2517
idle,ttlbox,SCHED_OTHER,0,50.0000,11,48.7491
idle,ttlbox,SCHED_OTHER,0,50.0000,12,49.3071
idle,ttlbox,SCHED_OTHER,0,50.0000,13,49.9277
idle,ttlbox,SCHED_OTHER,0,50.0000,14,49.4603
idle,ttlbox,SCHED_OTHER,0,50.0000,15,49.9823
idle,ttlbox,SCHED_OTHER,0,50.0000,16,49.5840
idle,ttlbox,SCHED_OTHER,0,50.0000,17,49.2772
idle,ttlbox,SCHED_OTHER,0,50.0000,18,49.9808
idle,ttlbox,SCHED_OTHER,0,50.0000,19,49.6856
idle,ttlbox,SCHED_OTHER,0,50.0000,20,50.1972
idle,ttlbox,SCHED_OTHER,0,50.0000,21,49.8526
idle,ttlbox,SCHED_OTHER,0,50.0000,22,48.5177
idle,ttlbox,SCHED_OTHER,0,50.0000,23,50.1853
idle,ttlbox,SCHED_OTHER,0,50.0000,24,49.7301
idle,ttlbox,SCHED_OTHER,0,50.0000,25,48.2846
idle,ttlbox,SCHED_OTHER,0,50.0000,26,49.9554
idle,ttlbox,SCHED_OTHER,0,50.0000,27,49.4603
idle,ttlbox,SCHED_OTHER,0,50.0000,28,50.0305
idle,ttlbox,SCHED_OTHER,0,50.0000,29,49.4970
idle,ttlbox,SCHED_OTHER,0,50.0000,30,50.0302
idle,ttlbox,SCHED_OTHER,0,50.0000,31,49.5400
idle,ttlbox,SCHED_OTHER,0,50.0000,32,50.1281
idle,ttlbox,SCHED_OTHER,0,50.0000,33,49.7907
idle,ttlbox,SCHED_OTHER,0,50.0000,34,49.3616
idle,ttlbox,SCHED_OTHER,0,50.0000,35,49.8228
idle,ttlbox,SCHED_OTHER,0,50.0000,36,48.3125
idle,ttlbox,SCHED_OTHER,0,50.0000,37,49.8946
idle,ttlbox,SCHED_OTHER,0,50.0000,38,49.5834
idle,ttlbox,SCHED_OTHER,0,50.0000,39,48.2327
idle,ttlbox,SCHED_OTHER,0,50.0000,40,49.8826
idle,ttlbox,SCHED_OTHER,0,50.0000,41,49.4110
idle,ttlbox,SCHED_OTHER,0,50.0000,42,49.9692
idle,ttlbox,SCHED_OTHER,0,50.0000,43,49.6578
idle,ttlbox,SCHED_OTHER,0,50.0000,44,49.2587
idle,ttlbox,SCHED_OTHER,0,50.0000,45,49.9695
idle,ttlbox,SCHED_OTHER,0,50.0000,46,49.4732
idle,ttlbox,SCHED_OTHER,0,50.0000,47,50.1337
idle,ttlbox,SCHED_OTHER,0,50.0000,48,49.7604
idle,ttlbox,SCHED_OTHER,0,50.0000,49,49.4526
idle,ttlbox,SCHED_OTHER,0,50.0000,50,49.0307
idle,ttlbox,SCHED_OTHER,0,50.0000,51,49.6431
idle,ttlbox,SCHED_OTHER,0,50.0000,52,50.2268
idle,ttlbox,SCHED_OTHER,0,50.0000,53,48.6645
idle,ttlbox,SCHED_OTHER,0,50.0000,54,49.3499
idle,ttlbox,SCHED_OTHER,0,50.0000,55,50.0747
idle,ttlbox,SCHED_OTHER,0,50.0000,56,49.6736
idle,ttlbox,SCHED_OTHER,0,50.0000,57,50.1785
idle,ttlbox,SCHED_OTHER,0,50.0000,58,49.7414
idle,ttlbox,SCHED_OTHER,0,50.0000,59,49.3983
idle,ttlbox,SCHED_OTHER,0,50.0000,60,50.1101
idle,ttlbox,SCHED_OTHER,0,50.0000,61,49.7114
idle,ttlbox,SCHED_OTHER,0,50.0000,62,49.3432
idle,ttlbox,SCHED_OTHER,0,50.0000,63,49.9374
idle,ttlbox,SCHED_OTHER,0,50.0000,64,48.4794
idle,ttlbox,SCHED_OTHER,0,50.0000,65,50.0363
idle,ttlbox,SCHED_OTHER,0,50.0000,66,49.5755
idle,ttlbox,SCHED_OTHER,0,50.0000,67,49.1714
idle,ttlbox,SCHED_OTHER,0,50.0000,68,49.7794
idle,ttlbox,SCHED_OTHER,0,50.0000,69,49.2947
idle,ttlbox,SCHED_OTHER,0,50.0000,70,49.9389
idle,ttlbox,SCHED_OTHER,0,50.0000,71,49.5092
idle,ttlbox,SCHED_OTHER,0,50.0000,72,50.0966
idle,ttlbox,SCHED_OTHER,0,50.0000,73,49.5968
idle,ttlbox,SCHED_OTHER,0,50.0000,74,50.1522
idle,ttlbox,SCHED_OTHER,0,50.0000,75,48.6434
idle,ttlbox,SCHED_OTHER,0,50.0000,76,50.2028
idle,ttlbox,SCHED_OTHER,0,50.0000,77,49.6681
idle,ttlbox,SCHED_OTHER,0,50.0000,78,48.3086
idle,ttlbox,SCHED_OTHER,0,50.0000,79,50.0358
idle,ttlbox,SCHED_OTHER,0,50.0000,80,49.7363
idle,ttlbox,SCHED_OTHER,0,50.0000,81,49.3021
idle,ttlbox,SCHED_OTHER,0,50.0000,82,49.8592
idle,ttlbox,SCHED_OTHER,0,50.0000,83,49.5324
idle,ttlbox,SCHED_OTHER,0,50.0000,84,50.2203
idle,ttlbox,SCHED_OTHER,0,50.0000,85,49.8343
idle,ttlbox,SCHED_OTHER,0,50.0000,86,49.4340
idle,ttlbox,SCHED_OTHER,0,50.0000,87,49.9505
idle,ttlbox,SCHED_OTHER,0,50.0000,88,49.6244
idle,ttlbox,SCHED_OTHER,0,50.0000,89,48.2022
idle,ttlbox,SCHED_OTHER,0,50.0000,90,49.8328
idle,ttlbox,SCHED_OTHER,0,50.0000,91,49.3805
idle,ttlbox,SCHED_OTHER,0,50.0000,92,48.9580
idle,ttlbox,SCHED_OTHER,0,50.0000,93,49.5091
idle,ttlbox,SCHED_OTHER,0,50.0000,94,50.0418
idle,ttlbox,SCHED_OTHER,0,50.0000,95,49.5707
idle,ttlbox,SCHED_OTHER,0,50.0000,96,49.2640
idle,ttlbox,SCHED_OTHER,0,50.0000,97,49.8893
idle,ttlbox,SCHED_OTHER,0,50.0000,98,49.4293
idle,ttlbox,SCHED_OTHER,0,50.0000,99,50.0794
idle,ttlbox,SCHED_OTHER,0,50.0000,100,49.7490
idle,ttlbox,SCHED_OTHER,0,50.0000,101,49.3545
idle,ttlbox,SCHED_OTHER,0,50.0000,102,49.8832
idle,ttlbox,SCHED_OTHER,0,50.0000,103,48.4425
idle,ttlbox,SCHED_OTHER,0,50.0000,104,49.9872
idle,ttlbox,SCHED_OTHER,0,50.0000,105,49.5457
idle,ttlbox,SCHED_OTHER,0,50.0000,106,49.1346
idle,ttlbox,SCHED_OTHER,0,50.0000,107,49.6995
idle,ttlbox,SCHED_OTHER,0,50.0000,108,49.3362
idle,ttlbox,SCHED_OTHER,0,50.0000,109,49.9125
idle,ttlbox,SCHED_OTHER,0,50.0000,110,49.4958
idle,ttlbox,SCHED_OTHER,0,50.0000,111,50.1215
idle,ttlbox,SCHED_OTHER,0,50.0000,112,49.7967
idle,ttlbox,SCHED_OTHER,0,50.0000,113,49.4714
idle,ttlbox,SCHED_OTHER,0,50.0000,114,50.0533
idle,ttlbox,SCHED_OTHER,0,50.0000,115,49.5710
idle,ttlbox,SCHED_OTHER,0,50.0000,116,49.2514
idle,ttlbox,SCHED_OTHER,0,50.0000,117,48.8552
idle,ttlbox,SCHED_OTHER,0,50.0000,118,49.4373
idle,ttlbox,SCHED_OTHER,0,50.0000,119,50.0119
idle,ttlbox,SCHED_OTHER,0,50.0000,120,48.5967
idle,ttlbox,SCHED_OTHER,0,50.0000,121,49.3252
idle,ttlbox,SCHED_OTHER,0,50.0000,122,49.9265
idle,ttlbox,SCHED_OTHER,0,50.0000,123,49.5837
idle,ttlbox,SCHED_OTHER,0,50.0000,124,50.1539
idle,ttlbox,SCHED_OTHER,0,50.0000,125,49.8337
idle,ttlbox,SCHED_OTHER,0,50.0000,126,49.5400
idle,ttlbox,SCHED_OTHER,0,50.0000,127,50.1048
idle,ttlbox,SCHED_OTHER,0,50.0000,128,48.6692
idle,ttlbox,SCHED_OTHER,0,50.0000,129,49.3310
idle,ttlbox,SCHED_OTHER,0,50.0000,130,50.0614
idle,ttlbox,SCHED_OTHER,0,50.0000,131,48.6255
idle,ttlbox,SCHED_OTHER,0,50.0000,132,49.2830
idle,ttlbox,SCHED_OTHER,0,50.0000,133,49.7915
idle,ttlbox,SCHED_OTHER,0,50.0000,134,49.4363
idle,ttlbox,SCHED_OTHER,0,50.0000,135,50.0417
idle,ttlbox,SCHED_OTHER,0,50.0000,136,49.6503
idle,ttlbox,SCHED_OTHER,0,50.0000,137,50.2203
idle,ttlbox,SCHED_OTHER,0,50.0000,138,49.8032
idle,ttlbox,SCHED_OTHER,0,50.0000,139,49.4116
idle,ttlbox,SCHED_OTHER,0,50.0000,140,50.0910
idle,ttlbox,SCHED_OTHER,0,50.0000,141,49.6921
idle,ttlbox,SCHED_OTHER,0,50.0000,142,49.1734
idle,ttlbox,SCHED_OTHER,0,50.0000,143,49.7921
idle,ttlbox,SCHED_OTHER,0,50.0000,144,49.4298
idle,ttlbox,SCHED_OTHER,0,50.0000,145,48.9639
idle,ttlbox,SCHED_OTHER,0,50.0000,146,49.6943
idle,ttlbox,SCHED_OTHER,0,50.0000,147,49.3803
idle,ttlbox,SCHED_OTHER,0,50.0000,148,49.9946
idle,ttlbox,SCHED_OTHER,0,50.0000,149,49.5276
idle,ttlbox,SCHED_OTHER,0,50.0000,150,50.0922
idle,ttlbox,SCHED_OTHER,0,50.0000,151,49.6750
idle,ttlbox,SCHED_OTHER,0,50.0000,152,49.2814
idle,ttlbox,SCHED_OTHER,0,50.0000,153,49.9996
idle,ttlbox,SCHED_OTHER,0,50.0000,154,49.6764
idle,ttlbox,SCHED_OTHER,0,50.0000,155,49.2774
idle,ttlbox,SCHED_OTHER,0,50.0000,156,48.8053
idle,ttlbox,SCHED_OTHER,0,50.0000,157,49.3544
idle,ttlbox,SCHED_OTHER,0,50.0000,158,49.9267
idle,ttlbox,SCHED_OTHER,0,50.0000,159,48.4070
idle,ttlbox,SCHED_OTHER,0,50.0000,160,49.9693
idle,ttlbox,SCHED_OTHER,0,50.0000,161,49.5140
idle,ttlbox,SCHED_OTHER,0,50.0000,162,50.0751
idle,ttlbox,SCHED_OTHER,0,50.0000,163,49.7043
idle,ttlbox,SCHED_OTHER,0,50.0000,164,49.3944
idle,ttlbox,SCHED_OTHER,0,50.0000,165,50.0062
idle,ttlbox,SCHED_OTHER,0,50.0000,166,49.6023
idle,ttlbox,SCHED_OTHER,0,50.0000,167,49.2445
idle,ttlbox,SCHED_OTHER,0,50.0000,168,49.9270
idle,ttlbox,SCHED_OTHER,0,50.0000,169,49.5629
idle,ttlbox,SCHED_OTHER,0,50.0000,170,49.1294
idle,ttlbox,SCHED_OTHER,0,50.0000,171,49.6325
idle,ttlbox,SCHED_OTHER,0,50.0000,172,49.2349
idle,ttlbox,SCHED_OTHER,0,50.0000,173,48.8062
idle,ttlbox,SCHED_OTHER,0,50.0000,174,49.3691
idle,ttlbox,SCHED_OTHER,0,50.0000,175,49.9618
idle,ttlbox,SCHED_OTHER,0,50.0000,176,49.4426
idle,ttlbox,SCHED_OTHER,0,50.0000,177,50.1102
idle,ttlbox,SCHED_OTHER,0,50.0000,178,49.7681
idle,ttlbox,SCHED_OTHER,0,50.0000,179,49.3562
idle,ttlbox,SCHED_OTHER,0,50.0000,180,50.0870
idle,ttlbox,SCHED_OTHER,0,50.0000,181,48.6320
idle,ttlbox,SCHED_OTHER,0,50.0000,182,49.3133
idle,ttlbox,SCHED_OTHER,0,50.0000,183,49.8474
idle,ttlbox,SCHED_OTHER,0,50.0000,184,48.4795
idle,ttlbox,SCHED_OTHER,0,50.0000,185,50.1518
idle,ttlbox,SCHED_OTHER,0,50.0000,186,49.8051
idle,ttlbox,SCHED_OTHER,0,50.0000,187,49.3682
idle,ttlbox,SCHED_OTHER,0,50.0000,188,49.8895
idle,ttlbox,SCHED_OTHER,0,50.0000,189,49.5587
idle,ttlbox,SCHED_OTHER,0,50.0000,190,50.2017
idle,ttlbox,SCHED_OTHER,0,50.0000,191,49.8022
idle,ttlbox,SCHED_OTHER,0,50.0000,192,49.5088
idle,ttlbox,SCHED_OTHER,0,50.0000,193,50.1460
idle,ttlbox,SCHED_OTHER,0,50.0000,194,49.6989
idle,ttlbox,SCHED_OTHER,0,50.0000,195,48.2161
idle,ttlbox,SCHED_OTHER,0,50.0000,196,49.9137
idle,ttlbox,SCHED_OTHER,0,50.0000,197,49.4651
idle,ttlbox,SCHED_OTHER,0,50.0000,198,49.1295
idle,ttlbox,SCHED_OTHER,0,50.0000,199,49.6549
idle,ttlbox,SCHED_OTHER,0,50.0000,200,50.2342
idle,ttlbox,SCHED_OTHER,0,50.0000,201,49.8782
idle,ttlbox,SCHED_OTHER,0,50.0000,202,49.4298
idle,ttlbox,SCHED_OTHER,0,50.0000,203,49.9156
idle,ttlbox,SCHED_OTHER,0,50.0000,204,49.3985
idle,ttlbox,SCHED_OTHER,0,50.0000,205,49.9815
idle,ttlbox,SCHED_OTHER,0,50.0000,206,49.4666
idle,ttlbox,SCHED_OTHER,0,50.0000,207,50.0927
idle,ttlbox,SCHED_OTHER,0,50.0000,208,49.6576
idle,ttlbox,SCHED_OTHER,0,50.0000,209,49.2030
idle,ttlbox,SCHED_OTHER,0,50.0000,210,49.6760
idle,ttlbox,SCHED_OTHER,0,50.0000,211,49.2836
idle,ttlbox,SCHED_OTHER,0,50.0000,212,48.7856
idle,ttlbox,SCHED_OTHER,0,50.0000,213,49.4555
idle,ttlbox,SCHED_OTHER,0,50.0000,214,50.0919
idle,ttlbox,SCHED_OTHER,0,50.0000,215,49.6378
idle,ttlbox,SCHED_OTHER,0,50.0000,216,50.1102
idle,ttlbox,SCHED_OTHER,0,50.0000,217,49.6995
idle,ttlbox,SCHED_OTHER,0,50.0000,218,49.2824
idle,ttlbox,SCHED_OTHER,0,50.0000,219,49.7868
idle,ttlbox,SCHED_OTHER,0,50.0000,220,49.3122
idle,ttlbox,SCHED_OTHER,0,50.0000,221,49.9766
idle,ttlbox,SCHED_OTHER,0,50.0000,222,49.5096
idle,ttlbox,SCHED_OTHER,0,50.0000,223,49.0362
idle,ttlbox,SCHED_OTHER,0,50.0000,224,49.5706
idle,ttlbox,SCHED_OTHER,0,50.0000,225,50.2146
idle,ttlbox,SCHED_OTHER,0,50.0000,226,48.7623
idle,ttlbox,SCHED_OTHER,0,50.0000,227,49.3006
idle,ttlbox,SCHED_OTHER,0,50.0000,228,49.9743
idle,ttlbox,SCHED_OTHER,0,50.0000,229,49.6385
idle,ttlbox,SCHED_OTHER,0,50.0000,230,49.3379
idle,ttlbox,SCHED_OTHER,0,50.0000,231,49.9313
idle,ttlbox,SCHED_OTHER,0,50.0000,232,49.4968
idle,ttlbox,SCHED_OTHER,0,50.0000,233,50.0482
idle,ttlbox,SCHED_OTHER,0,50.0000,234,49.6368
idle,ttlbox,SCHED_OTHER,0,50.0000,235,50.2278
idle,ttlbox,SCHED_OTHER,0,50.0000,236,49.7562
idle,ttlbox,SCHED_OTHER,0,50.0000,237,48.2518
idle,ttlbox,SCHED_OTHER,0,50.0000,238,49.7789
idle,ttlbox,SCHED_OTHER,0,50.0000,239,49.4297
idle,ttlbox,SCHED_OTHER,0,50.0000,240,49.0878
idle,ttlbox,SCHED_OTHER,0,50.0000,241,49.7730
idle,ttlbox,SCHED_OTHER,0,50.0000,242,49.4106
idle,ttlbox,SCHED_OTHER,0,50.0000,243,49.9434
idle,ttlbox,SCHED_OTHER,0,50.0000,244,49.5968
idle,ttlbox,SCHED_OTHER,0,50.0000,245,50.1333
idle,ttlbox,SCHED_OTHER,0,50.0000,246,49.5966
idle,ttlbox,SCHED_OTHER,0,50.0000,247,50.0665
idle,ttlbox,SCHED_OTHER,0,50.0000,248,49.6677
idle,ttlbox,SCHED_OTHER,0,50.0000,249,49.2166
idle,ttlbox,SCHED_OTHER,0,50.0000,250,49.9390
idle,ttlbox,SCHED_OTHER,0,50.0000,251,48.4420
idle,ttlbox,SCHED_OTHER,0,50.0000,252,50.1030
idle,ttlbox,SCHED_OTHER,0,50.0000,253,49.7610
idle,ttlbox,SCHED_OTHER,0,50.0000,254,48.4305
idle,ttlbox,SCHED_OTHER,0,50.0000,255,50.1708
idle,ttlbox,SCHED_OTHER,0,50.0000,256,49.8465
idle,ttlbox,SCHED_OTHER,0,50.0000,257,49.4831
idle,ttlbox,SCHED_OTHER,0,50.0000,258,50.1775
idle,ttlbox,SCHED_OTHER,0,50.0000,259,49.6925
idle,ttlbox,SCHED_OTHER,0,50.0000,260,49.3806
idle,ttlbox,SCHED_OTHER,0,50.0000,261,50.0612
idle,ttlbox,SCHED_OTHER,0,50.0000,262,48.4675
idle,ttlbox,SCHED_OTHER,0,50.0000,263,50.2012
idle,ttlbox,SCHED_OTHER,0,50.0000,264,49.8579
idle,ttlbox,SCHED_OTHER,0,50.0000,265,48.4185
idle,ttlbox,SCHED_OTHER,0,50.0000,266,50.0795
idle,ttlbox,SCHED_OTHER,0,50.0000,267,49.7432
idle,ttlbox,SCHED_OTHER,0,50.0000,268,49.3858
idle,ttlbox,SCHED_OTHER,0,50.0000,269,49.9018
idle,ttlbox,SCHED_OTHER,0,50.0000,270,49.4981
idle,ttlbox,SCHED_OTHER,0,50.0000,271,50.1719
idle,ttlbox,SCHED_OTHER,0,50.0000,272,49.8169
idle,ttlbox,SCHED_OTHER,0,50.0000,273,49.3313
idle,ttlbox,SCHED_OTHER,0,50.0000,274,49.9693
idle,ttlbox,SCHED_OTHER,0,50.0000,275,49.4847
idle,ttlbox,SCHED_OTHER,0,50.0000,276,49.1409
idle,ttlbox,SCHED_OTHER,0,50.0000,277,49.7183
idle,ttlbox,SCHED_OTHER,0,50.0000,278,49.2946
idle,ttlbox,SCHED_OTHER,0,50.0000,279,48.8110
idle,ttlbox,SCHED_OTHER,0,50.0000,280,49.3313
idle,ttlbox,SCHED_OTHER,0,50.0000,281,50.0606
idle,ttlbox,SCHED_OTHER,0,50.0000,282,49.6996
idle,ttlbox,SCHED_OTHER,0,50.0000,283,49.4107
idle,ttlbox,SCHED_OTHER,0,50.0000,284,50.0379
idle,ttlbox,SCHED_OTHER,0,50.0000,285,49.7038
idle,ttlbox,SCHED_OTHER,0,50.0000,286,49.3386
idle,ttlbox,SCHED_OTHER,0,50.0000,287,49.9318
idle,ttlbox,SCHED_OTHER,0,50.0000,288,49.3628
idle,ttlbox,SCHED_OTHER,0,50.0000,289,49.9997
idle,ttlbox,SCHED_OTHER,0,50.0000,290,48.6393
idle,ttlbox,SCHED_OTHER,0,50.0000,291,49.2652
idle,ttlbox,SCHED_OTHER,0,50.0000,292,49.9026
idle,ttlbox,SCHED_OTHER,0,50.0000,293,48.5826
idle,ttlbox,SCHED_OTHER,0,50.0000,294,50.1591
idle,ttlbox,SCHED_OTHER,0,50.0000,295,49.7982
idle,ttlbox,SCHED_OTHER,0,50.0000,296,49.3690
idle,ttlbox,SCHED_OTHER,0,50.0000,297,49.9083
idle,ttlbox,SCHED_OTHER,0,50.0000,298,49.4532
idle,ttlbox,SCHED_OTHER,0,50.0000,299,50.1101
idle,ttlbox,SCHED_OTHER,0,50.0000,300,49.6073
idle,ttlbox,SCHED_OTHER,0,50.0000,301,50.2206
idle,ttlbox,SCHED_OTHER,0,50.0000,302,49.8219
idle,ttlbox,SCHED_OTHER,0,50.0000,303,49.3683
idle,ttlbox,SCHED_OTHER,0,50.0000,304,48.8903
idle,ttlbox,SCHED_OTHER,0,50.0000,305,49.5935
idle,ttlbox,SCHED_OTHER,0,50.0000,306,50.0118
idle,ttlbox,SCHED_OTHER,0,50.0000,307,48.6695
idle,ttlbox,SCHED_OTHER,0,50.0000,308,49.3188
idle,ttlbox,SCHED_OTHER,0,50.0000,309,49.8849
idle,ttlbox,SCHED_OTHER,0,50.0000,310,49.5703
idle,ttlbox,SCHED_OTHER,0,50.0000,311,50.2319
idle,ttlbox,SCHED_OTHER,0,50.0000,312,49.9013
idle,ttlbox,SCHED_OTHER,0,50.0000,313,49.5708
idle,ttlbox,SCHED_OTHER,0,50.0000,314,50.1354
idle,ttlbox,SCHED_OTHER,0,50.0000,315,48.6953
idle,ttlbox,SCHED_OTHER,0,50.0000,316,49.2588
idle,ttlbox,SCHED_OTHER,0,50.0000,317,49.7478
idle,ttlbox,SCHED_OTHER,0,50.0000,318,48.2523
idle,ttlbox,SCHED_OTHER,0,50.0000,319,49.9555
idle,ttlbox,SCHED_OTHER,0,50.0000,320,49.5583
idle,ttlbox,SCHED_OTHER,0,50.0000,321,49.2514
idle,ttlbox,SCHED_OTHER,0,50.0000,322,49.8269
idle,ttlbox,SCHED_OTHER,0,50.0000,323,49.3386
idle,ttlbox,SCHED_OTHER,0,50.0000,324,49.8715
idle,ttlbox,SCHED_OTHER,0,50.0000,325,49.4251
idle,ttlbox,SCHED_OTHER,0,50.0000,326,50.0484
idle,ttlbox,SCHED_OTHER,0,50.0000,327,49.5843
idle,ttlbox,SCHED_OTHER,0,50.0000,328,50.1032
idle,ttlbox,SCHED_OTHER,0,50.0000,329,48.6888
idle,ttlbox,SCHED_OTHER,0,50.0000,330,49.3917
idle,ttlbox,SCHED_OTHER,0,50.0000,331,49.9688
idle,ttlbox,SCHED_OTHER,0,50.0000,332,48.3564
idle,ttlbox,SCHED_OTHER,0,50.0000,333,50.0987
idle,ttlbox,SCHED_OTHER,0,50.0000,334,49.6687
idle,ttlbox,SCHED_OTHER,0,50.0000,335,49.3549
idle,ttlbox,SCHED_OTHER,0,50.0000,336,49.9695
idle,ttlbox,SCHED_OTHER,0,50.0000,337,49.6368
idle,ttlbox,SCHED_OTHER,0,50.0000,338,50.1854
idle,ttlbox,SCHED_OTHER,0,50.0000,339,49.6616
idle,ttlbox,SCHED_OTHER,0,50.0000,340,49.2392
idle,ttlbox,SCHED_OTHER,0,50.0000,341,49.8825
idle,ttlbox,SCHED_OTHER,0,50.0000,342,49.4340
idle,ttlbox,SCHED_OTHER,0,50.0000,343,48.9283
idle,ttlbox,SCHED_OTHER,0,50.0000,344,49.5400
idle,ttlbox,SCHED_OTHER,0,50.0000,345,50.0121
idle,ttlbox,SCHED_OTHER,0,50.0000,346,48.6203
idle,ttlbox,SCHED_OTHER,0,50.0000,347,49.3146
idle,ttlbox,SCHED_OTHER,0,50.0000,348,50.0112
idle,ttlbox,SCHED_OTHER,0,50.0000,349,49.5964
idle,ttlbox,SCHED_OTHER,0,50.0000,350,49.2217
idle,ttlbox,SCHED_OTHER,0,50.0000,351,49.7726
idle,ttlbox,SCHED_OTHER,0,50.0000,352,49.2885
idle,ttlbox,SCHED_OTHER,0,50.0000,353,49.8757
idle,ttlbox,SCHED_OTHER,0,50.0000,354,49.4603
idle,ttlbox,SCHED_OTHER,0,50.0000,355,50.1218
idle,ttlbox,SCHED_OTHER,0,50.0000,356,49.8285
idle,ttlbox,SCHED_OTHER,0,50.0000,357,48.2709
idle,ttlbox,SCHED_OTHER,0,50.0000,358,49.9691
idle,ttlbox,SCHED_OTHER,0,50.0000,359,49.6690
idle,ttlbox,SCHED_OTHER,0,50.0000,360,49.1412
idle,ttlbox,SCHED_OTHER,0,50.0000,361,49.7128
idle,ttlbox,SCHED_OTHER,0,50.0000,362,49.3991
idle,ttlbox,SCHED_OTHER,0,50.0000,363,49.9886
idle,ttlbox,SCHED_OTHER,0,50.0000,364,49.4650
idle,ttlbox,SCHED_OTHER,0,50.0000,365,50.0188
idle,ttlbox,SCHED_OTHER,0,50.0000,366,49.5893
idle,ttlbox,SCHED_OTHER,0,50.0000,367,50.0791
idle,ttlbox,SCHED_OTHER,0,50.0000,368,49.7670
idle,ttlbox,SCHED_OTHER,0,50.0000,369,49.3004
idle,ttlbox,SCHED_OTHER,0,50.0000,370,49.9923
idle,ttlbox,SCHED_OTHER,0,50.0000,371,48.4684
idle,ttlbox,SCHED_OTHER,0,50.0000,372,50.2016
idle,ttlbox,SCHED_OTHER,0,50.0000,373,49.6994
idle,ttlbox,SCHED_OTHER,0,50.0000,374,49.3546
idle,ttlbox,SCHED_OTHER,0,50.0000,375,50.0304
idle,ttlbox,SCHED_OTHER,0,50.0000,376,49.6505
idle,ttlbox,SCHED_OTHER,0,50.0000,377,49.2887
idle,ttlbox,SCHED_OTHER,0,50.0000,378,49.8449
idle,ttlbox,SCHED_OTHER,0,50.0000,379,49.4161
idle,ttlbox,SCHED_OTHER,0,50.0000,380,50.0352
idle,ttlbox,SCHED_OTHER,0,50.0000,381,49.6880
idle,ttlbox,SCHED_OTHER,0,50.0000,382,49.1371
idle,ttlbox,SCHED_OTHER,0,50.0000,383,49.8664
idle,ttlbox,SCHED_OTHER,0,50.0000,384,49.5215
idle,ttlbox,SCHED_OTHER,0,50.0000,385,48.9625
idle,ttlbox,SCHED_OTHER,0,50.0000,386,49.5089
idle,ttlbox,SCHED_OTHER,0,50.0000,387,50.1332
idle,ttlbox,SCHED_OTHER,0,50.0000,388,49.7370
idle,ttlbox,SCHED_OTHER,0,50.0000,389,50.2388
idle,ttlbox,SCHED_OTHER,0,50.0000,390,49.8582
idle,ttlbox,SCHED_OTHER,0,50.0000,391,49.5352
idle,ttlbox,SCHED_OTHER,0,50.0000,392,49.2207
idle,ttlbox,SCHED_OTHER,0,50.0000,393,49.7745
idle,ttlbox,SCHED_OTHER,0,50.0000,394,49.3266
idle,ttlbox,SCHED_OTHER,0,50.0000,395,49.8215
idle,ttlbox,SCHED_OTHER,0,50.0000,396,48.3873
idle,ttlbox,SCHED_OTHER,0,50.0000,397,49.9815
idle,ttlbox,SCHED_OTHER,0,50.0000,398,49.5576
idle,ttlbox,SCHED_OTHER,0,50.0000,399,49.0249
idle,ttlbox,SCHED_OTHER,0,50.0000,400,49.5577
idle,ttlbox,SCHED_OTHER,0,50.0000,401,50.1057
idle,ttlbox,SCHED_OTHER,0,50.0000,402,49.8100
idle,ttlbox,SCHED_OTHER,0,50.0000,403,49.4481
idle,ttlbox,SCHED_OTHER,0,50.0000,404,50.1291
idle,ttlbox,SCHED_OTHER,0,50.0000,405,49.6855
idle,ttlbox,SCHED_OTHER,0,50.0000,406,50.2088
idle,ttlbox,SCHED_OTHER,0,50.0000,407,49.6741
idle,ttlbox,SCHED_OTHER,0,50.0000,408,49.3123
idle,ttlbox,SCHED_OTHER,0,50.0000,409,49.8821
idle,ttlbox,SCHED_OTHER,0,50.0000,410,48.3581
idle,ttlbox,SCHED_OTHER,0,50.0000,411,49.8633
idle,ttlbox,SCHED_OTHER,0,50.0000,412,49.4470
idle,ttlbox,SCHED_OTHER,0,50.0000,413,49.1293
idle,ttlbox,SCHED_OTHER,0,50.0000,414,49.6741
idle,ttlbox,SCHED_OTHER,0,50.0000,415,50.1669
idle,ttlbox,SCHED_OTHER,0,50.0000,416,49.8211
idle,ttlbox,SCHED_OTHER,0,50.0000,417,49.3325
idle,ttlbox,SCHED_OTHER,0,50.0000,418,50.0235
idle,ttlbox,SCHED_OTHER,0,50.0000,419,49.5632
idle,ttlbox,SCHED_OTHER,0,50.0000,420,49.2283
idle,ttlbox,SCHED_OTHER,0,50.0000,421,49.8280
idle,ttlbox,SCHED_OTHER,0,50.0000,422,49.4602
idle,ttlbox,SCHED_OTHER,0,50.0000,423,50.1668
idle,ttlbox,SCHED_OTHER,0,50.0000,424,48.8031
idle,ttlbox,SCHED_OTHER,0,50.0000,425,49.5348
idle,ttlbox,SCHED_OTHER,0,50.0000,426,50.2206
idle,ttlbox,SCHED_OTHER,0,50.0000,427,48.7004
idle,ttlbox,SCHED_OTHER,0,50.0000,428,49.4061
idle,ttlbox,SCHED_OTHER,0,50.0000,429,50.0914
idle,ttlbox,SCHED_OTHER,0,50.0000,430,49.7300
idle,ttlbox,SCHED_OTHER,0,50.0000,431,49.4225
idle,ttlbox,SCHED_OTHER,0,50.0000,432,50.0228
idle,ttlbox,SCHED_OTHER,0,50.0000,433,49.6688
idle,ttlbox,SCHED_OTHER,0,50.0000,434,49.2527
idle,ttlbox,SCHED_OTHER,0,50.0000,435,48.9207
idle,ttlbox,SCHED_OTHER,0,50.0000,436,49.5138
idle,ttlbox,SCHED_OTHER,0,50.0000,437,50.2335
idle,ttlbox,SCHED_OTHER,0,50.0000,438,48.7746
idle,ttlbox,SCHED_OTHER,0,50.0000,439,49.3632
idle,ttlbox,SCHED_OTHER,0,50.0000,440,49.8528
idle,ttlbox,SCHED_OTHER,0,50.0000,441,48.4872
idle,ttlbox,SCHED_OTHER,0,50.0000,442,50.1101
idle,ttlbox,SCHED_OTHER,0,50.0000,443,49.8213
idle,ttlbox,SCHED_OTHER,0,50.0000,444,49.4108
idle,ttlbox,SCHED_OTHER,0,50.0000,445,49.9618
idle,ttlbox,SCHED_OTHER,0,50.0000,446,49.4732
idle,ttlbox,SCHED_OTHER,0,50.0000,447,49.9620
idle,ttlbox,SCHED_OTHER,0,50.0000,448,49.6130
idle,ttlbox,SCHED_OTHER,0,50.0000,449,50.2203
idle,ttlbox,SCHED_OTHER,0,50.0000,450,49.9316
idle,ttlbox,SCHED_OTHER,0,50.0000,451,49.5286
idle,ttlbox,SCHED_OTHER,0,50.0000,452,49.1977
idle,ttlbox,SCHED_OTHER,0,50.0000,453,49.8474
idle,ttlbox,SCHED_OTHER,0,50.0000,454,49.4736
idle,ttlbox,SCHED_OTHER,0,50.0000,455,48.9629
idle,ttlbox,SCHED_OTHER,0,50.0000,456,49.6946
idle,ttlbox,SCHED_OTHER,0,50.0000,457,49.3124
idle,ttlbox,SCHED_OTHER,0,50.0000,458,49.8357
idle,ttlbox,SCHED_OTHER,0,50.0000,459,49.5021
idle,ttlbox,SCHED_OTHER,0,50.0000,460,50.1472
idle,ttlbox,SCHED_OTHER,0,50.0000,461,49.6319
idle,ttlbox,SCHED_OTHER,0,50.0000,462,50.2208
idle,ttlbox,SCHED_OTHER,0,50.0000,463,48.7972
idle,ttlbox,SCHED_OTHER,0,50.0000,464,49.4411
idle,ttlbox,SCHED_OTHER,0,50.0000,465,50.1658
idle,ttlbox,SCHED_OTHER,0,50.0000,466,48.8240
idle,ttlbox,SCHED_OTHER,0,50.0000,467,49.3735
idle,ttlbox,SCHED_OTHER,0,50.0000,468,49.9146
idle,ttlbox,SCHED_OTHER,0,50.0000,469,49.5636
idle,ttlbox,SCHED_OTHER,0,50.0000,470,49.2626
idle,ttlbox,SCHED_OTHER,0,50.0000,471,49.8582
idle,ttlbox,SCHED_OTHER,0,50.0000,472,49.3809
idle,ttlbox,SCHED_OTHER,0,50.0000,473,50.0229
idle,ttlbox,SCHED_OTHER,0,50.0000,474,49.5400
idle,ttlbox,SCHED_OTHER,0,50.0000,475,49.2284
idle,ttlbox,SCHED_OTHER,0,50.0000,476,49.7836
idle,ttlbox,SCHED_OTHER,0,50.0000,477,48.3247
idle,ttlbox,SCHED_OTHER,0,50.0000,478,49.8661
idle,ttlbox,SCHED_OTHER,0,50.0000,479,49.5400
idle,ttlbox,SCHED_OTHER,0,50.0000,480,48.1975
idle,ttlbox,SCHED_OTHER,0,50.0000,481,49.7985
idle,ttlbox,SCHED_OTHER,0,50.0000,482,49.3005
idle,ttlbox,SCHED_OTHER,0,50.0000,483,49.9084
idle,ttlbox,SCHED_OTHER,0,50.0000,484,49.5400
idle,ttlbox,SCHED_OTHER,0,50.0000,485,50.0986
idle,ttlbox,SCHED_OTHER,0,50.0000,486,49.8098
idle,ttlbox,SCHED_OTHER,0,50.0000,487,49.3804
idle,ttlbox,SCHED_OTHER,0,50.0000,488,49.9507
idle,ttlbox,SCHED_OTHER,0,50.0000,489,49.5140
idle,ttlbox,SCHED_OTHER,0,50.0000,490,50.0067
idle,ttlbox,SCHED_OTHER,0,50.0000,491,48.5103
idle,ttlbox,SCHED_OTHER,0,50.0000,492,50.0869
idle,ttlbox,SCHED_OTHER,0,50.0000,493,49.7040
idle,ttlbox,SCHED_OTHER,0,50.0000,494,48.3200
idle,ttlbox,SCHED_OTHER,0,50.0000,495,49.9769
idle,ttlbox,SCHED_OTHER,0,50.0000,496,49.4649
idle,ttlbox,SCHED_OTHER,0,50.0000,497,50.1214
idle,ttlbox,SCHED_OTHER,0,50.0000,498,49.7238
idle,ttlbox,SCHED_OTHER,0,50.0000,499,49.3005
idle,ttlbox,SCHED_OTHER,0,50.0000,500,49.9010
idle,ttlbox,SCHED_OTHER,0,50.0000,501,49.4909
idle,ttlbox,SCHED_OTHER,0,50.0000,502,50.1409
idle,ttlbox,SCHED_OTHER,0,50.0000,503,49.8403
idle,ttlbox,SCHED_OTHER,0,50.0000,504,49.4964
idle,ttlbox,SCHED_OTHER,0,50.0000,505,48.9271
idle,ttlbox,SCHED_OTHER,0,50.0000,506,49.4555
idle,ttlbox,SCHED_OTHER,0,50.0000,507,50.0249
idle,ttlbox,SCHED_OTHER,0,50.0000,508,48.6328
idle,ttlbox,SCHED_OTHER,0,50.0000,509,49.3257
idle,ttlbox,SCHED_OTHER,0,50.0000,510,49.9080
idle,ttlbox,SCHED_OTHER,0,50.0000,511,49.4602
idle,ttlbox,SCHED_OTHER,0,50.0000,512,50.0731
idle,ttlbox,SCHED_OTHER,0,50.0000,513,49.5470
idle,ttlbox,SCHED_OTHER,0,50.0000,514,50.2071
idle,ttlbox,SCHED_OTHER,0,50.0000,515,49.8593
idle,ttlbox,SCHED_OTHER,0,50.0000,516,48.4124
idle,ttlbox,SCHED_OTHER,0,50.0000,517,50.0256
idle,ttlbox,SCHED_OTHER,0,50.0000,518,49.6084
idle,ttlbox,SCHED_OTHER,0,50.0000,519,49.1907
idle,ttlbox,SCHED_OTHER,0,50.0000,520,49.7678
idle,ttlbox,SCHED_OTHER,0,50.0000,521,49.3621
idle,ttlbox,SCHED_OTHER,0,50.0000,522,49.9506
idle,ttlbox,SCHED_OTHER,0,50.0000,523,49.4364
idle,ttlbox,SCHED_OTHER,0,50.0000,524,49.9581
idle,ttlbox,SCHED_OTHER,0,50.0000,525,49.5285
idle,ttlbox,SCHED_OTHER,0,50.0000,526,50.2205
idle,ttlbox,SCHED_OTHER,0,50.0000,527,49.8706
idle,ttlbox,SCHED_OTHER,0,50.0000,528,49.3671
idle,ttlbox,SCHED_OTHER,0,50.0000,529,49.9644
idle,ttlbox,SCHED_OTHER,0,50.0000,530,48.5974
idle,ttlbox,SCHED_OTHER,0,50.0000,531,49.2396
idle,ttlbox,SCHED_OTHER,0,50.0000,532,49.8716
idle,ttlbox,SCHED_OTHER,0,50.0000,533,48.4915
idle,ttlbox,SCHED_OTHER,0,50.0000,534,50.2207
idle,ttlbox,SCHED_OTHER,0,50.0000,535,49.7562
idle,ttlbox,SCHED_OTHER,0,50.0000,536,49.3574
idle,ttlbox,SCHED_OTHER,0,50.0000,537,49.9646
idle,ttlbox,SCHED_OTHER,0,50.0000,538,49.5092
idle,ttlbox,SCHED_OTHER,0,50.0000,539,50.2250
idle,ttlbox,SCHED_OTHER,0,50.0000,540,49.8158
idle,ttlbox,SCHED_OTHER,0,50.0000,541,49.4431
idle,ttlbox,SCHED_OTHER,0,50.0000,542,50.1846
idle,ttlbox,SCHED_OTHER,0,50.0000,543,49.6812
idle,ttlbox,SCHED_OTHER,0,50.0000,544,48.2449
idle,ttlbox,SCHED_OTHER,0,50.0000,545,49.7869
idle,ttlbox,SCHED_OTHER,0,50.0000,546,49.3575
idle,ttlbox,SCHED_OTHER,0,50.0000,547,48.9207
idle,ttlbox,SCHED_OTHER,0,50.0000,548,49.6502
idle,ttlbox,SCHED_OTHER,0,50.0000,549,50.2205
idle,ttlbox,SCHED_OTHER,0,50.0000,550,49.7071
idle,ttlbox,SCHED_OTHER,0,50.0000,551,49.3077
idle,ttlbox,SCHED_OTHER,0,50.0000,552,49.8972
idle,ttlbox,SCHED_OTHER,0,50.0000,553,49.3543
idle,ttlbox,SCHED_OTHER,0,50.0000,554,49.8783
idle,ttlbox,SCHED_OTHER,0,50.0000,555,49.4416
idle,ttlbox,SCHED_OTHER,0,50.0000,556,50.0982
idle,ttlbox,SCHED_OTHER,0,50.0000,557,49.5894
idle,ttlbox,SCHED_OTHER,0,50.0000,558,49.0806
idle,ttlbox,SCHED_OTHER,0,50.0000,559,49.6687
idle,ttlbox,SCHED_OTHER,0,50.0000,560,49.3366
idle,ttlbox,SCHED_OTHER,0,50.0000,561,49.0184
idle,ttlbox,SCHED_OTHER,0,50.0000,562,49.6429
idle,ttlbox,SCHED_OTHER,0,50.0000,563,49.3498
idle,ttlbox,SCHED_OTHER,0,50.0000,564,50.0112
idle,ttlbox,SCHED_OTHER,0,50.0000,565,49.7125
idle,ttlbox,SCHED_OTHER,0,50.0000,566,49.3687
idle,ttlbox,SCHED_OTHER,0,50.0000,567,50.0620
idle,ttlbox,SCHED_OTHER,0,50.0000,568,49.5268
idle,ttlbox,SCHED_OTHER,0,50.0000,569,49.8941
idle,ttlbox,SCHED_OTHER,0,50.0000,570,49.5967
idle,ttlbox,SCHED_OTHER,0,50.0000,571,50.0792
idle,ttlbox,SCHED_OTHER,0,50.0000,572,48.6621
idle,ttlbox,SCHED_OTHER,0,50.0000,573,49.2577
idle,ttlbox,SCHED_OTHER,0,50.0000,574,49.9149
idle,ttlbox,SCHED_OTHER,0,50.0000,575,49.6017
idle,ttlbox,SCHED_OTHER,0,50.0000,576,50.1898
idle,ttlbox,SCHED_OTHER,0,50.0000,577,49.7368
idle,ttlbox,SCHED_OTHER,0,50.0000,578,49.3617
idle,ttlbox,SCHED_OTHER,0,50.0000,579,49.9506
idle,ttlbox,SCHED_OTHER,0,50.0000,580,49.4783
idle,ttlbox,SCHED_OTHER,0,50.0000,581,49.9871
idle,ttlbox,SCHED_OTHER,0,50.0000,582,49.5895
idle,ttlbox,SCHED_OTHER,0,50.0000,583,48.2165
idle,ttlbox,SCHED_OTHER,0,50.0000,584,49.7486
idle,ttlbox,SCHED_OTHER,0,50.0000,585,49.4360
idle,ttlbox,SCHED_OTHER,0,50.0000,586,48.9394
idle,ttlbox,SCHED_OTHER,0,50.0000,587,49.4905
idle,ttlbox,SCHED_OTHER,0,50.0000,588,50.1670
idle,ttlbox,SCHED_OTHER,0,50.0000,589,49.6617
idle,ttlbox,SCHED_OTHER,0,50.0000,590,49.3324
idle,ttlbox,SCHED_OTHER,0,50.0000,591,49.9277
idle,ttlbox,SCHED_OTHER,0,50.0000,592,49.5276
idle,ttlbox,SCHED_OTHER,0,50.0000,593,50.1460
idle,ttlbox,SCHED_OTHER,0,50.0000,594,49.7346
idle,ttlbox,SCHED_OTHER,0,50.0000,595,50.2204
idle,ttlbox,SCHED_OTHER,0,50.0000,596,49.8353
idle,ttlbox,SCHED_OTHER,0,50.0000,597,48.3201
idle,ttlbox,SCHED_OTHER,0,50.0000,598,49.9998
idle,ttlbox,SCHED_OTHER,0,50.0000,599,49.6331
idle,ttlbox,SCHED_OTHER,0,50.0000,600,49.1549
idle,ttlbox,SCHED_OTHER,0,50.0000,601,49.6555
idle,ttlbox,SCHED_OTHER,0,50.0000,602,49.3387
idle,ttlbox,SCHED_OTHER,0,50.0000,603,49.6334
idle,ttlbox,SCHED_OTHER,0,50.0000,604,50.2203
idle,ttlbox,SCHED_OTHER,0,50.0000,605,49.8587
idle,ttlbox,SCHED_OTHER,0,50.0000,606,49.4603
idle,ttlbox,SCHED_OTHER,0,50.0000,607,50.0721
idle,ttlbox,SCHED_OTHER,0,50.0000,608,49.7256
idle,ttlbox,SCHED_OTHER,0,50.0000,609,50.2207
idle,ttlbox,SCHED_OTHER,0,50.0000,610,49.8663
idle,ttlbox,SCHED_OTHER,0,50.0000,611,48.5404
idle,ttlbox,SCHED_OTHER,0,50.0000,612,50.1825
idle,ttlbox,SCHED_OTHER,0,50.0000,613,49.6929
idle,ttlbox,SCHED_OTHER,0,50.0000,614,48.2533
idle,ttlbox,SCHED_OTHER,0,50.0000,615,49.7795
idle,ttlbox,SCHED_OTHER,0,50.0000,616,49.4420
idle,ttlbox,SCHED_OTHER,0,50.0000,617,50.0309
idle,ttlbox,SCHED_OTHER,0,50.0000,618,49.6246
idle,ttlbox,SCHED_OTHER,0,50.0000,619,49.2320
idle,ttlbox,SCHED_OTHER,0,50.0000,620,49.8097
idle,ttlbox,SCHED_OTHER,0,50.0000,621,49.5088
idle,ttlbox,SCHED_OTHER,0,50.0000,622,50.1176
idle,ttlbox,SCHED_OTHER,0,50.0000,623,49.6761
idle,ttlbox,SCHED_OTHER,0,50.0000,624,49.3013
idle,ttlbox,SCHED_OTHER,0,50.0000,625,48.8417
idle,ttlbox,SCHED_OTHER,0,50.0000,626,49.3377
idle,ttlbox,SCHED_OTHER,0,50.0000,627,50.0610
idle,ttlbox,SCHED_OTHER,0,50.0000,628,48.6132
idle,ttlbox,SCHED_OTHER,0,50.0000,629,49.2774
idle,ttlbox,SCHED_OTHER,0,50.0000,630,49.9269
idle,ttlbox,SCHED_OTHER,0,50.0000,631,49.5217
idle,ttlbox,SCHED_OTHER,0,50.0000,632,50.2130
idle,ttlbox,SCHED_OTHER,0,50.0000,633,49.8665
idle,ttlbox,SCHED_OTHER,0,50.0000,634,49.3685
idle,ttlbox,SCHED_OTHER,0,50.0000,635,49.8894
idle,ttlbox,SCHED_OTHER,0,50.0000,636,48.4484
idle,ttlbox,SCHED_OTHER,0,50.0000,637,50.0966
idle,ttlbox,SCHED_OTHER,0,50.0000,638,49.5895
idle,ttlbox,SCHED_OTHER,0,50.0000,639,49.0749
idle,ttlbox,SCHED_OTHER,0,50.0000,640,49.8053
idle,ttlbox,SCHED_OTHER,0,50.0000,641,49.3877
idle,ttlbox,SCHED_OTHER,0,50.0000,642,48.7421
idle,ttlbox,SCHED_OTHER,0,50.0000,643,49.3942
idle,ttlbox,SCHED_OTHER,0,50.0000,644,50.0175
idle,ttlbox,SCHED_OTHER,0,50.0000,645,49.4715
idle,ttlbox,SCHED_OTHER,0,50.0000,646,49.9625
idle,ttlbox,SCHED_OTHER,0,50.0000,647,49.4122
idle,ttlbox,SCHED_OTHER,0,50.0000,648,50.0657
idle,ttlbox,SCHED_OTHER,0,50.0000,649,49.6877
idle,ttlbox,SCHED_OTHER,0,50.0000,650,48.2895
idle,ttlbox,SCHED_OTHER,0,50.0000,651,49.8097
idle,ttlbox,SCHED_OTHER,0,50.0000,652,49.4863
idle,ttlbox,SCHED_OTHER,0,50.0000,653,48.9629
idle,ttlbox,SCHED_OTHER,0,50.0000,654,49.6763
idle,ttlbox,SCHED_OTHER,0,50.0000,655,49.2876
idle,ttlbox,SCHED_OTHER,0,50.0000,656,48.7494
idle,ttlbox,SCHED_OTHER,0,50.0000,657,49.3547
idle,ttlbox,SCHED_OTHER,0,50.0000,658,50.0730
idle,ttlbox,SCHED_OTHER,0,50.0000,659,49.7109
idle,ttlbox,SCHED_OTHER,0,50.0000,660,49.3499
idle,ttlbox,SCHED_OTHER,0,50.0000,661,49.9088
idle,ttlbox,SCHED_OTHER,0,50.0000,662,49.5034
idle,ttlbox,SCHED_OTHER,0,50.0000,663,50.0416
idle,ttlbox,SCHED_OTHER,0,50.0000,664,48.5899
idle,ttlbox,SCHED_OTHER,0,50.0000,665,50.2018
idle,ttlbox,SCHED_OTHER,0,50.0000,666,49.9075
idle,ttlbox,SCHED_OTHER,0,50.0000,667,48.4491
idle,ttlbox,SCHED_OTHER,0,50.0000,668,50.2148
idle,ttlbox,SCHED_OTHER,0,50.0000,669,49.7418
idle,ttlbox,SCHED_OTHER,0,50.0000,670,49.3066
idle,ttlbox,SCHED_OTHER,0,50.0000,671,49.9459
idle,ttlbox,SCHED_OTHER,0,50.0000,672,49.4243
idle,ttlbox,SCHED_OTHER,0,50.0000,673,50.0172
idle,ttlbox,SCHED_OTHER,0,50.0000,674,49.6138
idle,ttlbox,SCHED_OTHER,0,50.0000,675,49.3147
idle,ttlbox,SCHED_OTHER,0,50.0000,676,50.0182
idle,ttlbox,SCHED_OTHER,0,50.0000,677,49.5778
idle,ttlbox,SCHED_OTHER,0,50.0000,678,48.2233
idle,ttlbox,SCHED_OTHER,0,50.0000,679,49.9083
idle,ttlbox,SCHED_OTHER,0,50.0000,680,49.3880
idle,ttlbox,SCHED_OTHER,0,50.0000,681,49.0542
idle,ttlbox,SCHED_OTHER,0,50.0000,682,49.7300
idle,ttlbox,SCHED_OTHER,0,50.0000,683,49.4170
idle,ttlbox,SCHED_OTHER,0,50.0000,684,50.1224
idle,ttlbox,SCHED_OTHER,0,50.0000,685,49.6870
idle,ttlbox,SCHED_OTHER,0,50.0000,686,49.3070
idle,ttlbox,SCHED_OTHER,0,50.0000,687,49.8582
idle,ttlbox,SCHED_OTHER,0,50.0000,688,49.4251
idle,ttlbox,SCHED_OTHER,0,50.0000,689,49.9885
idle,ttlbox,SCHED_OTHER,0,50.0000,690,49.6506
idle,ttlbox,SCHED_OTHER,0,50.0000,691,49.3081
idle,ttlbox,SCHED_OTHER,0,50.0000,692,48.9163
idle,ttlbox,SCHED_OTHER,0,50.0000,693,49.4860
idle,ttlbox,SCHED_OTHER,0,50.0000,694,49.9736
idle,ttlbox,SCHED_OTHER,0,50.0000,695,48.5637
idle,ttlbox,SCHED_OTHER,0,50.0000,696,49.2839
idle,ttlbox,SCHED_OTHER,0,50.0000,697,49.9201
idle,ttlbox,SCHED_OTHER,0,50.0000,698,49.5400
idle,ttlbox,SCHED_OTHER,0,50.0000,699,49.2441
idle,ttlbox,SCHED_OTHER,0,50.0000,700,49.7678
idle,ttlbox,SCHED_OTHER,0,50.0000,701,49.2346
idle,ttlbox,SCHED_OTHER,0,50.0000,702,49.7553
idle,ttlbox,SCHED_OTHER,0,50.0000,703,48.3998
idle,ttlbox,SCHED_OTHER,0,50.0000,704,50.1225
idle,ttlbox,SCHED_OTHER,0,50.0000,705,49.6197
idle,ttlbox,SCHED_OTHER,0,50.0000,706,49.1367
idle,ttlbox,SCHED_OTHER,0,50.0000,707,49.7552
idle,ttlbox,SCHED_OTHER,0,50.0000,708,49.4107
idle,ttlbox,SCHED_OTHER,0,50.0000,709,48.9568
idle,ttlbox,SCHED_OTHER,0,50.0000,710,49.6085
idle,ttlbox,SCHED_OTHER,0,50.0000,711,50.1405
idle,ttlbox,SCHED_OTHER,0,50.0000,712,49.7225
idle,ttlbox,SCHED_OTHER,0,50.0000,713,49.3620
idle,ttlbox,SCHED_OTHER,0,50.0000,714,49.9127
idle,ttlbox,SCHED_OTHER,0,50.0000,715,49.4831
idle,ttlbox,SCHED_OTHER,0,50.0000,716,50.1779
idle,ttlbox,SCHED_OTHER,0,50.0000,717,48.7625
idle,ttlbox,SCHED_OTHER,0,50.0000,718,49.3852
idle,ttlbox,SCHED_OTHER,0,50.0000,719,49.9740
idle,ttlbox,SCHED_OTHER,0,50.0000,720,48.5710
idle,ttlbox,SCHED_OTHER,0,50.0000,721,50.2393
idle,ttlbox,SCHED_OTHER,0,50.0000,722,49.8406
idle,ttlbox,SCHED_OTHER,0,50.0000,723,49.4604
idle,ttlbox,SCHED_OTHER,0,50.0000,724,49.9750
idle,ttlbox,SCHED_OTHER,0,50.0000,725,49.4728
idle,ttlbox,SCHED_OTHER,0,50.0000,726,50.0846
idle,ttlbox,SCHED_OTHER,0,50.0000,727,49.5591
idle,ttlbox,SCHED_OTHER,0,50.0000,728,49.2514
idle,ttlbox,SCHED_OTHER,0,50.0000,729,49.8230
idle,ttlbox,SCHED_OTHER,0,50.0000,730,49.3635
idle,ttlbox,SCHED_OTHER,0,50.0000,731,48.8598
idle,ttlbox,SCHED_OTHER,0,50.0000,732,49.4484
idle,ttlbox,SCHED_OTHER,0,50.0000,733,49.9997
idle,ttlbox,SCHED_OTHER,0,50.0000,734,48.6394
idle,ttlbox,SCHED_OTHER,0,50.0000,735,49.2397
idle,ttlbox,SCHED_OTHER,0,50.0000,736,49.8665
idle,ttlbox,SCHED_OTHER,0,50.0000,737,49.4298
idle,ttlbox,SCHED_OTHER,0,50.0000,738,50.1102
idle,ttlbox,SCHED_OTHER,0,50.0000,739,49.6565
idle,ttlbox,SCHED_OTHER,0,50.0000,740,49.3195
idle,ttlbox,SCHED_OTHER,0,50.0000,741,49.9953
idle,ttlbox,SCHED_OTHER,0,50.0000,742,49.6737
idle,ttlbox,SCHED_OTHER,0,50.0000,743,50.2031
idle,ttlbox,SCHED_OTHER,0,50.0000,744,49.6427
idle,ttlbox,SCHED_OTHER,0,50.0000,745,49.1835
idle,ttlbox,SCHED_OTHER,0,50.0000,746,49.7670
idle,ttlbox,SCHED_OTHER,0,50.0000,747,49.3918
idle,ttlbox,SCHED_OTHER,0,50.0000,748,48.8851
idle,ttlbox,SCHED_OTHER,0,50.0000,749,49.4602
idle,ttlbox,SCHED_OTHER,0,50.0000,750,49.9572
idle,ttlbox,SCHED_OTHER,0,50.0000,751,49.4976
idle,ttlbox,SCHED_OTHER,0,50.0000,752,50.1712
idle,ttlbox,SCHED_OTHER,0,50.0000,753,49.6312
idle,ttlbox,SCHED_OTHER,0,50.0000,754,49.2703
idle,ttlbox,SCHED_OTHER,0,50.0000,755,49.8890
idle,ttlbox,SCHED_OTHER,0,50.0000,756,49.4060
idle,ttlbox,SCHED_OTHER,0,50.0000,757,49.9694
idle,ttlbox,SCHED_OTHER,0,50.0000,758,49.6736
idle,ttlbox,SCHED_OTHER,0,50.0000,759,49.1361
idle,ttlbox,SCHED_OTHER,0,50.0000,760,49.8270
idle,ttlbox,SCHED_OTHER,0,50.0000,761,49.3756
idle,ttlbox,SCHED_OTHER,0,50.0000,762,49.0379
idle,ttlbox,SCHED_OTHER,0,50.0000,763,49.7794
idle,ttlbox,SCHED_OTHER,0,50.0000,764,49.3428
idle,ttlbox,SCHED_OTHER,0,50.0000,765,50.0306
idle,ttlbox,SCHED_OTHER,0,50.0000,766,49.6444
idle,ttlbox,SCHED_OTHER,0,50.0000,767,50.1709
idle,ttlbox,SCHED_OTHER,0,50.0000,768,49.8579
idle,ttlbox,SCHED_OTHER,0,50.0000,769,49.3753
idle,ttlbox,SCHED_OTHER,0,50.0000,770,49.9131
idle,ttlbox,SCHED_OTHER,0,50.0000,771,49.4411
idle,ttlbox,SCHED_OTHER,0,50.0000,772,49.9580
idle,ttlbox,SCHED_OTHER,0,50.0000,773,48.5725
idle,ttlbox,SCHED_OTHER,0,50.0000,774,49.2209
idle,ttlbox,SCHED_OTHER,0,50.0000,775,49.6996
idle,ttlbox,SCHED_OTHER,0,50.0000,776,49.4037
idle,ttlbox,SCHED_OTHER,0,50.0000,777,50.0492
idle,ttlbox,SCHED_OTHER,0,50.0000,778,49.6198
idle,ttlbox,SCHED_OTHER,0,50.0000,779,50.1647
idle,ttlbox,SCHED_OTHER,0,50.0000,780,49.7986
idle,ttlbox,SCHED_OTHER,0,50.0000,781,49.3123
idle,ttlbox,SCHED_OTHER,0,50.0000,782,49.9999
idle,ttlbox,SCHED_OTHER,0,50.0000,783,49.5334
idle,ttlbox,SCHED_OTHER,0,50.0000,784,49.0916
idle,ttlbox,SCHED_OTHER,0,50.0000,785,49.7042
idle,ttlbox,SCHED_OTHER,0,50.0000,786,49.3140
idle,ttlbox,SCHED_OTHER,0,50.0000,787,48.8673
idle,ttlbox,SCHED_OTHER,0,50.0000,788,49.4672
idle,ttlbox,SCHED_OTHER,0,50.0000,789,50.1638
idle,ttlbox,SCHED_OTHER,0,50.0000,790,49.6576
idle,ttlbox,SCHED_OTHER,0,50.0000,791,49.2465
idle,ttlbox,SCHED_OTHER,0,50.0000,792,49.7611
idle,ttlbox,SCHED_OTHER,0,50.0000,793,49.4421
idle,ttlbox,SCHED_OTHER,0,50.0000,794,50.1710
idle,ttlbox,SCHED_OTHER,0,50.0000,795,49.8049
idle,ttlbox,SCHED_OTHER,0,50.0000,796,49.4235
idle,ttlbox,SCHED_OTHER,0,50.0000,797,49.9646
idle,ttlbox,SCHED_OTHER,0,50.0000,798,48.5416
idle,ttlbox,SCHED_OTHER,0,50.0000,799,50.2205
idle,ttlbox,SCHED_OTHER,0,50.0000,800,49.9328
idle,ttlbox,SCHED_OTHER,0,50.0000,801,48.4972
idle,ttlbox,SCHED_OTHER,0,50.0000,802,50.1899
idle,ttlbox,SCHED_OTHER,0,50.0000,803,49.6736
idle,ttlbox,SCHED_OTHER,0,50.0000,804,49.2514
idle,ttlbox,SCHED_OTHER,0,50.0000,805,49.9200
idle,ttlbox,SCHED_OTHER,0,50.0000,806,49.4526
idle,ttlbox,SCHED_OTHER,0,50.0000,807,50.0430
idle,ttlbox,SCHED_OTHER,0,50.0000,808,49.6997
idle,ttlbox,SCHED_OTHER,0,50.0000,809,50.2276
idle,ttlbox,SCHED_OTHER,0,50.0000,810,49.6805
idle,ttlbox,SCHED_OTHER,0,50.0000,811,49.3499
idle,ttlbox,SCHED_OTHER,0,50.0000,812,48.9625
idle,ttlbox,SCHED_OTHER,0,50.0000,813,49.6504
idle,ttlbox,SCHED_OTHER,0,50.0000,814,50.2204
idle,ttlbox,SCHED_OTHER,0,50.0000,815,48.8178
idle,ttlbox,SCHED_OTHER,0,50.0000,816,49.4467
idle,ttlbox,SCHED_OTHER,0,50.0000,817,50.1345
idle,ttlbox,SCHED_OTHER,0,50.0000,818,49.6370
idle,ttlbox,SCHED_OTHER,0,50.0000,819,49.3317
idle,ttlbox,SCHED_OTHER,0,50.0000,820,49.9553
idle,ttlbox,SCHED_OTHER,0,50.0000,821,49.4536
idle,ttlbox,SCHED_OTHER,0,50.0000,822,50.0420
idle,ttlbox,SCHED_OTHER,0,50.0000,823,49.5572
idle,ttlbox,SCHED_OTHER,0,50.0000,824,50.1899
idle,ttlbox,SCHED_OTHER,0,50.0000,825,49.8841
idle,ttlbox,SCHED_OTHER,0,50.0000,826,48.3125
idle,ttlbox,SCHED_OTHER,0,50.0000,827,49.9505
idle,ttlbox,SCHED_OTHER,0,50.0000,828,49.5022
idle,ttlbox,SCHED_OTHER,0,50.0000,829,49.0007
idle,ttlbox,SCHED_OTHER,0,50.0000,830,49.6332
idle,ttlbox,SCHED_OTHER,0,50.0000,831,50.2208
idle,ttlbox,SCHED_OTHER,0,50.0000,832,49.8231
idle,ttlbox,SCHED_OTHER,0,50.0000,833,49.4419
idle,ttlbox,SCHED_OTHER,0,50.0000,834,50.0488
idle,ttlbox,SCHED_OTHER,0,50.0000,835,49.6130
idle,ttlbox,SCHED_OTHER,0,50.0000,836,49.2322
idle,ttlbox,SCHED_OTHER,0,50.0000,837,48.8367
idle,ttlbox,SCHED_OTHER,0,50.0000,838,49.4297
idle,ttlbox,SCHED_OTHER,0,50.0000,839,50.0376
idle,ttlbox,SCHED_OTHER,0,50.0000,840,48.6630
idle,ttlbox,SCHED_OTHER,0,50.0000,841,49.2877
idle,ttlbox,SCHED_OTHER,0,50.0000,842,49.8759
idle,ttlbox,SCHED_OTHER,0,50.0000,843,49.5848
idle,ttlbox,SCHED_OTHER,0,50.0000,844,50.2204
idle,ttlbox,SCHED_OTHER,0,50.0000,845,49.7784
idle,ttlbox,SCHED_OTHER,0,50.0000,846,49.3623
idle,ttlbox,SCHED_OTHER,0,50.0000,847,50.0607
idle,ttlbox,SCHED_OTHER,0,50.0000,848,49.5938
idle,ttlbox,SCHED_OTHER,0,50.0000,849,50.1586
idle,ttlbox,SCHED_OTHER,0,50.0000,850,49.7607
idle,ttlbox,SCHED_OTHER,0,50.0000,851,48.2579
idle,ttlbox,SCHED_OTHER,0,50.0000,852,49.9926
idle,ttlbox,SCHED_OTHER,0,50.0000,853,49.4777
idle,ttlbox,SCHED_OTHER,0,50.0000,854,49.0073
idle,ttlbox,SCHED_OTHER,0,50.0000,855,49.6866
idle,ttlbox,SCHED_OTHER,0,50.0000,856,50.2083
idle,ttlbox,SCHED_OTHER,0,50.0000,857,49.7188
idle,ttlbox,SCHED_OTHER,0,50.0000,858,50.2206
idle,ttlbox,SCHED_OTHER,0,50.0000,859,49.8943
idle,ttlbox,SCHED_OTHER,0,50.0000,860,49.4906
idle,ttlbox,SCHED_OTHER,0,50.0000,861,50.0917
idle,ttlbox,SCHED_OTHER,0,50.0000,862,49.7726
idle,ttlbox,SCHED_OTHER,0,50.0000,863,49.3728
idle,ttlbox,SCHED_OTHER,0,50.0000,864,50.0922
idle,ttlbox,SCHED_OTHER,0,50.0000,865,48.7755
idle,ttlbox,SCHED_OTHER,0,50.0000,866,49.4834
idle,ttlbox,SCHED_OTHER,0,50.0000,867,50.1478
idle,ttlbox,SCHED_OTHER,0,50.0000,868,48.7914
idle,ttlbox,SCHED_OTHER,0,50.0000,869,49.3326
idle,ttlbox,SCHED_OTHER,0,50.0000,870,49.9431
idle,ttlbox,SCHED_OTHER,0,50.0000,871,49.5825
idle,ttlbox,SCHED_OTHER,0,50.0000,872,50.1277
idle,ttlbox,SCHED_OTHER,0,50.0000,873,49.7975
idle,ttlbox,SCHED_OTHER,0,50.0000,874,49.3499
idle,ttlbox,SCHED_OTHER,0,50.0000,875,49.9317
idle,ttlbox,SCHED_OTHER,0,50.0000,876,49.4421
idle,ttlbox,SCHED_OTHER,0,50.0000,877,50.0177
idle,ttlbox,SCHED_OTHER,0,50.0000,878,49.5159
idle,ttlbox,SCHED_OTHER,0,50.0000,879,48.1962
idle,ttlbox,SCHED_OTHER,0,50.0000,880,49.8658
idle,ttlbox,SCHED_OTHER,0,50.0000,881,49.3195
idle,ttlbox,SCHED_OTHER,0,50.0000,882,48.9816
idle,ttlbox,SCHED_OTHER,0,50.0000,883,49.6578
idle,ttlbox,SCHED_OTHER,0,50.0000,884,50.1898
idle,ttlbox,SCHED_OTHER,0,50.0000,885,49.7301
idle,ttlbox,SCHED_OTHER,0,50.0000,886,49.3994
idle,ttlbox,SCHED_OTHER,0,50.0000,887,49.9999
idle,ttlbox,SCHED_OTHER,0,50.0000,888,49.5780
idle,ttlbox,SCHED_OTHER,0,50.0000,889,49.2758
idle,ttlbox,SCHED_OTHER,0,50.0000,890,48.7494
idle,ttlbox,SCHED_OTHER,0,50.0000,891,49.3560
idle,ttlbox,SCHED_OTHER,0,50.0000,892,49.9579
idle,ttlbox,SCHED_OTHER,0,50.0000,893,48.6148
idle,ttlbox,SCHED_OTHER,0,50.0000,894,49.3499
idle,ttlbox,SCHED_OTHER,0,50.0000,895,49.9621
idle,ttlbox,SCHED_OTHER,0,50.0000,896,49.5777
idle,ttlbox,SCHED_OTHER,0,50.0000,897,49.2580
idle,ttlbox,SCHED_OTHER,0,50.0000,898,49.7413
idle,ttlbox,SCHED_OTHER,0,50.0000,899,50.2087
idle,ttlbox,SCHED_OTHER,0,50.0000,900,49.8774
idle,ttlbox,SCHED_OTHER,0,50.0000,901,49.3944
idle,ttlbox,SCHED_OTHER,0,50.0000,902,50.0534
idle,ttlbox,SCHED_OTHER,0,50.0000,903,49.7254
idle,ttlbox,SCHED_OTHER,0,50.0000,904,48.2028
idle,ttlbox,SCHED_OTHER,0,50.0000,905,49.8343
idle,ttlbox,SCHED_OTHER,0,50.0000,906,49.2776
idle,ttlbox,SCHED_OTHER,0,50.0000,907,48.8859
idle,ttlbox,SCHED_OTHER,0,50.0000,908,49.6084
idle,ttlbox,SCHED_OTHER,0,50.0000,909,49.3006
idle,ttlbox,SCHED_OTHER,0,50.0000,910,50.0426
idle,ttlbox,SCHED_OTHER,0,50.0000,911,49.6196
idle,ttlbox,SCHED_OTHER,0,50.0000,912,50.1714
idle,ttlbox,SCHED_OTHER,0,50.0000,913,49.7254
idle,ttlbox,SCHED_OTHER,0,50.0000,914,49.3009
idle,ttlbox,SCHED_OTHER,0,50.0000,915,49.7913
idle,ttlbox,SCHED_OTHER,0,50.0000,916,49.3195
idle,ttlbox,SCHED_OTHER,0,50.0000,917,49.6432
idle,ttlbox,SCHED_OTHER,0,50.0000,918,49.1964
idle,ttlbox,SCHED_OTHER,0,50.0000,919,49.8405
idle,ttlbox,SCHED_OTHER,0,50.0000,920,49.3556
idle,ttlbox,SCHED_OTHER,0,50.0000,921,48.8847
idle,ttlbox,SCHED_OTHER,0,50.0000,922,49.3866
idle,ttlbox,SCHED_OTHER,0,50.0000,923,50.0986
idle,ttlbox,SCHED_OTHER,0,50.0000,924,49.5533
idle,ttlbox,SCHED_OTHER,0,50.0000,925,50.2084
idle,ttlbox,SCHED_OTHER,0,50.0000,926,49.8098
idle,ttlbox,SCHED_OTHER,0,50.0000,927,49.4108
idle,ttlbox,SCHED_OTHER,0,50.0000,928,50.0303
idle,ttlbox,SCHED_OTHER,0,50.0000,929,49.6197
idle,ttlbox,SCHED_OTHER,0,50.0000,930,50.1405
idle,ttlbox,SCHED_OTHER,0,50.0000,931,49.6576
idle,ttlbox,SCHED_OTHER,0,50.0000,932,48.2231
idle,ttlbox,SCHED_OTHER,0,50.0000,933,49.7983
idle,ttlbox,SCHED_OTHER,0,50.0000,934,49.3119
idle,ttlbox,SCHED_OTHER,0,50.0000,935,48.9700
idle,ttlbox,SCHED_OTHER,0,50.0000,936,49.6195
idle,ttlbox,SCHED_OTHER,0,50.0000,937,50.2203
idle,ttlbox,SCHED_OTHER,0,50.0000,938,49.8023
idle,ttlbox,SCHED_OTHER,0,50.0000,939,49.4728
idle,ttlbox,SCHED_OTHER,0,50.0000,940,49.9861
idle,ttlbox,SCHED_OTHER,0,50.0000,941,49.5045
idle,ttlbox,SCHED_OTHER,0,50.0000,942,50.1459
idle,ttlbox,SCHED_OTHER,0,50.0000,943,49.6124
idle,ttlbox,SCHED_OTHER,0,50.0000,944,49.2773
idle,ttlbox,SCHED_OTHER,0,50.0000,945,49.8218
idle,ttlbox,SCHED_OTHER,0,50.0000,946,48.3622
idle,ttlbox,SCHED_OTHER,0,50.0000,947,50.0130
idle,ttlbox,SCHED_OTHER,0,50.0000,948,49.6368
idle,ttlbox,SCHED_OTHER,0,50.0000,949,48.3153
idle,ttlbox,SCHED_OTHER,0,50.0000,950,49.8768
idle,ttlbox,SCHED_OTHER,0,50.0000,951,49.5353
idle,ttlbox,SCHED_OTHER,0,50.0000,952,50.1586
idle,ttlbox,SCHED_OTHER,0,50.0000,953,49.7243
idle,ttlbox,SCHED_OTHER,0,50.0000,954,49.4249
idle,ttlbox,SCHED_OTHER,0,50.0000,955,49.9878
idle,ttlbox,SCHED_OTHER,0,50.0000,956,49.5513
idle,ttlbox,SCHED_OTHER,0,50.0000,957,48.2028
idle,ttlbox,SCHED_OTHER,0,50.0000,958,49.7795
idle,ttlbox,SCHED_OTHER,0,50.0000,959,49.3499
idle,ttlbox,SCHED_OTHER,0,50.0000,960,48.9836
idle,ttlbox,SCHED_OTHER,0,50.0000,961,49.6615
idle,ttlbox,SCHED_OTHER,0,50.0000,962,49.3013
idle,ttlbox,SCHED_OTHER,0,50.0000,963,48.9959
idle,ttlbox,SCHED_OTHER,0,50.0000,964,49.5631
idle,ttlbox,SCHED_OTHER,0,50.0000,965,50.2017
idle,ttlbox,SCHED_OTHER,0,50.0000,966,49.9010
idle,ttlbox,SCHED_OTHER,0,50.0000,967,49.3621
idle,ttlbox,SCHED_OTHER,0,50.0000,968,50.0722
idle,ttlbox,SCHED_OTHER,0,50.0000,969,49.7612
idle,ttlbox,SCHED_OTHER,0,50.0000,970,49.3740
idle,ttlbox,SCHED_OTHER,0,50.0000,971,48.9891
idle,ttlbox,SCHED_OTHER,0,50.0000,972,49.6635
idle,ttlbox,SCHED_OTHER,0,50.0000,973,49.2576
idle,ttlbox,SCHED_OTHER,0,50.0000,974,48.7047
idle,ttlbox,SCHED_OTHER,0,50.0000,975,49.3499
idle,ttlbox,SCHED_OTHER,0,50.0000,976,50.0442
idle,ttlbox,SCHED_OTHER,0,50.0000,977,49.5662
idle,ttlbox,SCHED_OTHER,0,50.0000,978,49.2324
idle,ttlbox,SCHED_OTHER,0,50.0000,979,49.9277
idle,ttlbox,SCHED_OTHER,0,50.0000,980,49.5263
idle,ttlbox,SCHED_OTHER,0,50.0000,981,50.2205
idle,ttlbox,SCHED_OTHER,0,50.0000,982,49.9128
idle,ttlbox,SCHED_OTHER,0,50.0000,983,49.3546
idle,ttlbox,SCHED_OTHER,0,50.0000,984,49.9506
idle,ttlbox,SCHED_OTHER,0,50.0000,985,48.4796
idle,ttlbox,SCHED_OTHER,0,50.0000,986,50.1519
idle,ttlbox,SCHED_OTHER,0,50.0000,987,49.6858
idle,ttlbox,SCHED_OTHER,0,50.0000,988,48.2403
idle,ttlbox,SCHED_OTHER,0,50.0000,989,49.7970
idle,ttlbox,SCHED_OTHER,0,50.0000,990,49.4656
idle,ttlbox,SCHED_OTHER,0,50.0000,991,49.9638
idle,ttlbox,SCHED_OTHER,0,50.0000,992,49.5400
idle,ttlbox,SCHED_OTHER,0,50.0000,993,50.1408
idle,ttlbox,SCHED_OTHER,0,50.0000,994,49.6427
idle,ttlbox,SCHED_OTHER,0,50.0000,995,49.2587
idle,ttlbox,SCHED_OTHER,0,50.0000,996,49.7436
idle,ttlbox,SCHED_OTHER,0,50.0000,997,49.2774
idle,ttlbox,SCHED_OTHER,0,50.0000,998,49.8710
idle,ttlbox,SCHED_OTHER,0,50.0000,999,48.5032
